Interaction_ID,User_ID,Appliance_ID,Home_Appliance,Category,Event_Type,User_Rating_Given,Purchased,Interaction_Date,Session_Duration_sec
1,U1415,1115,Soundbar,Entertainment,view,,0,2024-02-18,104.0
2,U1740,4863,Set Top Box,Entertainment,view,,0,2024-01-25,86.0
3,U1195,4078,Smart Curtain Motor,Smart Home,add_to_cart,,0,2023-07-24,
4,U0770,2794,Pressure Cooker,Kitchen,add_to_cart,,0,2024-09-05,
5,U0933,3588,Ice Crusher,Kitchen,add_to_cart,,0,2023-07-03,
6,U0905,3909,Dishwasher,Cleaning,view,,0,2023-08-24,60.0
7,U0024,2992,Bidet Seat,Bathroom,purchase,4.1,1,2023-09-12,
8,U1905,1632,Built In Refrigerator,Kitchen,purchase,3.0,1,2023-05-17,
9,U1539,1455,Garbage Disposal,Kitchen,add_to_cart,,0,2023-03-30,
10,U1154,1078,Electric Mop,Cleaning,view,,0,2023-09-15,223.0
11,U0763,1039,Sump Pump,Outdoor,add_to_cart,,0,2024-01-28,
12,U1577,3031,Water Dispenser,Kitchen,add_to_cart,,0,2024-06-27,
13,U0896,1644,Basement Dehumidifier,Outdoor,view,,0,2024-12-01,12.0
14,U1869,27,Pet Feeder,Pet,view,,0,2024-12-18,21.0
15,U1642,1085,Bottle Sterilizer,Kitchen,view,,0,2024-07-05,45.0
16,U1982,4606,Smart Vacuum,Cleaning,purchase,4.4,1,2023-04-02,
17,U0271,2698,Mini Fridge,Kitchen,view,,0,2024-09-30,219.0
18,U1008,4498,Landline Phone,Smart Home,view,,0,2024-05-16,219.0
19,U1516,4268,Smart TV,Entertainment,view,,0,2023-07-24,182.0
20,U0621,4037,Meat Grinder,Kitchen,purchase,2.0,1,2024-03-07,
21,U1876,4907,Air Cooler,Climate,add_to_cart,,0,2024-09-19,
22,U0218,1499,Projector,Entertainment,view,,0,2024-08-25,392.0
23,U1683,3777,Table Fan,Climate,view,,0,2023-08-10,13.0
24,U1119,26,Smart Curtain Motor,Smart Home,view,,0,2024-01-18,62.0
25,U0707,4073,Mixer Grinder,Kitchen,purchase,4.6,1,2024-02-02,
26,U0802,4140,Electric Mop,Cleaning,view,,0,2024-11-29,6.0
27,U1023,3442,Massager,Personal Care,add_to_cart,,0,2023-08-06,
28,U1605,1213,Pressure Cooker,Kitchen,wishlist,3.7,0,2023-06-05,
29,U0639,2053,Exercise Bike,Fitness,add_to_cart,,0,2024-04-17,
30,U0507,3873,Kegerator,Hobby,add_to_cart,,0,2024-11-07,
31,U0329,2268,Rowing Machine,Fitness,view,,0,2023-07-03,41.0
32,U1972,1054,Smart Refrigerator,Kitchen,view,,0,2024-08-03,250.0
33,U1182,3739,Built In Oven,Kitchen,add_to_cart,,0,2023-12-13,
34,U0558,1148,Heating Pad,Personal Care,purchase,4.8,1,2023-03-26,
35,U0491,2484,Built In Refrigerator,Kitchen,add_to_cart,,0,2024-06-25,
36,U1628,1599,Air Cooler,Climate,add_to_cart,,0,2024-11-24,
37,U0516,1378,Knitting Machine,Hobby,purchase,4.7,1,2023-03-31,
38,U0610,3240,Pressure Washer,Cleaning,view,,0,2024-04-25,57.0
39,U1413,3269,WiFi Extender,Networking,purchase,4.1,1,2023-11-20,
40,U0794,4732,Emergency Light,Security,view,,0,2024-02-17,500.0
41,U1513,4392,Smart Lock,Security,add_to_cart,,0,2023-02-13,
42,U1640,55,Smart Door Lock,Security,view,,0,2023-10-03,218.0
43,U0825,60,Hair Straightener,Personal Care,view,,0,2024-07-25,326.0
44,U0169,575,Electric Drill,Tools,view,,0,2023-01-08,7.0
45,U0906,61,Electric Stove,Kitchen,add_to_cart,,0,2024-03-11,
46,U0951,863,WiFi Extender,Networking,purchase,3.7,1,2023-07-28,
47,U1455,1858,Kegerator,Hobby,view,,0,2024-01-07,404.0
48,U1085,2293,Electric Toothbrush,Personal Care,purchase,3.8,1,2024-07-01,
49,U0878,4450,Central Air Conditioner,Climate,purchase,5.0,1,2023-03-24,
50,U1041,376,Trash Compactor,Kitchen,view,,0,2024-04-18,12.0
51,U0891,930,Geyser,Bathroom,wishlist,3.4,0,2024-06-15,
52,U1349,3846,Electric Blanket,Personal Care,add_to_cart,,0,2023-07-22,
53,U0620,251,Landline Phone,Smart Home,purchase,4.2,1,2024-09-12,
54,U1390,24,Sprinkler System,Tools,wishlist,5.0,0,2024-04-18,
55,U1326,2861,Air Conditioner,Climate,add_to_cart,,0,2023-02-22,
56,U1169,1102,Steam Iron,Laundry,view,,0,2024-01-02,65.0
57,U0340,4222,Smart Refrigerator,Kitchen,purchase,4.1,1,2023-05-13,
58,U1111,1721,Jacuzzi Pump,Bathroom,add_to_cart,,0,2023-08-10,
59,U0280,4460,Electric Vehicle Charger,Power,purchase,4.7,1,2023-06-14,
60,U1933,4110,Air Conditioner,Climate,add_to_cart,,0,2024-03-28,
61,U0028,203,Electric Oven,Kitchen,purchase,3.7,1,2024-09-01,
62,U0820,546,Electric Mop,Cleaning,purchase,4.9,1,2023-07-01,
63,U1028,1202,Waffle Maker,Kitchen,add_to_cart,,0,2024-05-30,
64,U0104,625,Vacuum Cleaner,Cleaning,purchase,5.0,1,2024-11-07,
65,U0053,2216,Water Pump,Outdoor,add_to_cart,,0,2023-06-30,
66,U0826,1113,Epilator,Personal Care,add_to_cart,,0,2023-02-07,
67,U1006,2781,Meat Grinder,Kitchen,purchase,4.3,1,2023-04-23,
68,U1020,1269,Pet Feeder,Pet,add_to_cart,,0,2023-01-24,
69,U0516,1378,Knitting Machine,Hobby,add_to_cart,,0,2023-06-25,
70,U0867,3163,Electric Shaver,Personal Care,view,,0,2024-04-30,207.0
71,U0060,2481,Lawn Mower,Tools,view,,0,2024-12-01,21.0
72,U1164,4282,Kombucha Maker,Hobby,add_to_cart,,0,2024-03-05,
73,U0927,2020,Ice Cream Maker,Kitchen,view,,0,2023-03-25,24.0
74,U1246,929,Heater,Climate,view,,0,2024-03-11,277.0
75,U0375,2510,Hot Plate,Kitchen,wishlist,5.0,0,2024-10-09,
76,U0867,1240,Knitting Machine,Hobby,purchase,5.0,1,2023-03-30,
77,U1056,4616,Bladeless Fan,Climate,add_to_cart,,0,2023-05-27,
78,U1591,381,Food Dehydrator,Kitchen,add_to_cart,,0,2023-11-14,
79,U0279,4949,Home Automation Controller,Networking,add_to_cart,,0,2024-09-24,
80,U0787,3683,Aquarium Heater,Pet,view,,0,2023-01-06,11.0
81,U1396,2385,Mixer Grinder,Kitchen,add_to_cart,,0,2024-01-26,
82,U0555,1978,Hair Dryer,Personal Care,view,,0,2023-12-04,38.0
83,U0846,1072,Automatic Pet Water Fountain,Pet,wishlist,4.4,0,2023-05-20,
84,U1732,2842,Home Automation Controller,Networking,view,,0,2024-06-19,313.0
85,U0534,2378,Lint Remover,Laundry,add_to_cart,,0,2024-02-20,
86,U1359,4286,Label Maker,Tools,purchase,4.1,1,2023-07-25,
87,U1939,3801,Vacuum Cleaner,Cleaning,purchase,4.3,1,2023-02-26,
88,U1676,4831,Ice Crusher,Kitchen,view,,0,2024-10-17,55.0
89,U1861,2570,DVD Player,Entertainment,view,,0,2023-08-05,25.0
90,U1054,544,Garage Door Motor,Outdoor,add_to_cart,,0,2024-03-29,
91,U1041,182,Central Vacuum System,Cleaning,view,,0,2023-09-21,134.0
92,U0840,2679,Smart Refrigerator,Kitchen,view,,0,2024-07-12,95.0
93,U1861,3702,Gaming Console,Entertainment,view,,0,2024-02-18,328.0
94,U0735,227,RO Purifier,Bathroom,purchase,3.4,1,2023-05-10,
95,U1420,3720,Water Dispenser,Kitchen,wishlist,3.4,0,2023-12-29,
96,U0323,2315,Kegerator,Hobby,add_to_cart,,0,2024-12-12,
97,U1429,2130,Knitting Machine,Hobby,add_to_cart,,0,2024-05-02,
98,U1396,821,Label Maker,Tools,add_to_cart,,0,2023-02-27,
99,U1514,2096,Smart Dryer,Laundry,purchase,4.8,1,2023-05-15,
100,U0690,248,Egg Cooker,Kitchen,purchase,5.0,1,2024-09-06,
101,U1265,3399,Attic Fan,Climate,view,,0,2023-06-04,77.0
102,U0746,4893,Modem,Networking,view,,0,2024-09-14,16.0
103,U0798,3105,Video Doorbell,Security,view,,0,2024-02-23,212.0
104,U0355,2076,Pet Feeder,Pet,view,,0,2023-05-08,55.0
105,U0729,2928,Clock,Decor,add_to_cart,,0,2023-04-09,
106,U0880,2850,Garment Steamer,Laundry,wishlist,3.5,0,2023-05-02,
107,U0775,3908,Heating Pad,Personal Care,view,,0,2023-05-28,41.0
108,U0159,4222,Smart Refrigerator,Kitchen,purchase,3.6,1,2023-10-31,
109,U1607,770,Clock,Decor,add_to_cart,,0,2023-06-28,
110,U0402,4623,Pet Feeder,Pet,purchase,4.3,1,2023-07-01,
111,U1030,2093,Paper Shredder,Tools,add_to_cart,,0,2024-02-24,
112,U0471,129,Ice Cream Maker,Kitchen,view,,0,2023-05-30,314.0
113,U1785,2055,Tankless Water Heater,Bathroom,view,,0,2023-08-01,9.0
114,U1759,2899,Grill Microwave,Kitchen,view,,0,2024-07-28,65.0
115,U1328,866,Fabric Shaver,Laundry,add_to_cart,,0,2023-11-23,
116,U0374,3586,Washer Dryer Combo,Laundry,purchase,3.5,1,2024-05-26,
117,U1669,1481,Heater,Climate,view,,0,2023-08-28,51.0
118,U1857,4218,Wall Clock,Decor,view,,0,2023-09-21,190.0
119,U1971,4623,Pet Feeder,Pet,add_to_cart,,0,2023-05-01,
120,U1984,715,Vacuum Cleaner,Cleaning,view,,0,2024-01-06,265.0
121,U0198,3005,Terrarium Heater,Pet,purchase,3.7,1,2023-07-10,
122,U1760,1718,Hand Mixer,Kitchen,view,,0,2024-11-25,6.0
123,U1242,3977,Central Vacuum System,Cleaning,wishlist,3.6,0,2023-03-16,
124,U0003,3102,Home Automation Controller,Networking,view,,0,2024-05-28,82.0
125,U0904,97,Freezer,Kitchen,add_to_cart,,0,2023-10-22,
126,U0241,3665,Table Fan,Climate,purchase,4.8,1,2023-01-12,
127,U1349,4495,Clothes Dryer,Laundry,add_to_cart,,0,2024-08-22,
128,U0163,500,Solo Microwave,Kitchen,purchase,4.8,1,2023-02-18,
129,U1215,924,Electric Oven,Kitchen,purchase,5.0,1,2023-12-12,
130,U1869,613,Set Top Box,Entertainment,purchase,3.8,1,2023-08-10,
131,U0341,501,Electric Fireplace,Climate,add_to_cart,,0,2024-01-22,
132,U1761,2854,Smart Air Conditioner,Climate,wishlist,4.6,0,2024-02-13,
133,U1764,3361,Geyser,Bathroom,view,,0,2023-12-11,160.0
134,U1275,1941,Home Automation Controller,Networking,wishlist,4.2,0,2024-02-13,
135,U1307,1843,Central Air Conditioner,Climate,purchase,4.3,1,2024-01-31,
136,U0580,1288,Lawn Mower,Tools,add_to_cart,,0,2024-02-29,
137,U1034,3488,Sewing Machine,Hobby,purchase,4.2,1,2024-01-15,
138,U0460,1216,RO Purifier,Bathroom,view,,0,2024-07-01,76.0
139,U1505,1828,OTG Oven,Kitchen,purchase,4.3,1,2023-04-05,
140,U1198,3881,Trash Compactor,Kitchen,wishlist,5.0,0,2023-07-05,
141,U1933,1283,Smart Oven,Kitchen,purchase,4.2,1,2023-02-08,
142,U0057,3464,Pool Pump,Outdoor,add_to_cart,,0,2024-01-17,
143,U1473,2433,Clothes Dryer,Laundry,add_to_cart,,0,2024-02-13,
144,U0352,4619,Jacuzzi Pump,Bathroom,view,,0,2024-03-30,150.0
145,U0013,3364,Pet Feeder,Pet,add_to_cart,,0,2023-08-24,
146,U1155,360,Air Cooler,Climate,add_to_cart,,0,2023-11-15,
147,U0578,2296,Deep Fryer,Kitchen,view,,0,2024-11-01,93.0
148,U0285,2548,Air Quality Monitor,Smart Home,view,,0,2023-08-20,29.0
149,U1849,4015,Smoke Detector,Security,add_to_cart,,0,2024-10-31,
150,U1490,4625,Smart Hub,Networking,purchase,3.1,1,2023-11-15,
151,U1280,2138,Cold Press Juicer,Kitchen,add_to_cart,,0,2023-04-19,
152,U1021,3,Tea Maker,Kitchen,purchase,4.2,1,2024-12-05,
153,U0029,3720,Water Dispenser,Kitchen,wishlist,4.4,0,2023-11-18,
154,U1355,718,Modem,Networking,wishlist,4.1,0,2023-08-12,
155,U0402,2109,Weather Station,Smart Home,view,,0,2024-12-29,4.0
156,U0492,2821,Label Maker,Tools,purchase,4.1,1,2024-11-21,
157,U0109,1174,Aquarium Filter,Pet,purchase,5.0,1,2024-12-29,
158,U0272,2580,WiFi Extender,Networking,add_to_cart,,0,2023-09-13,
159,U1438,1876,Exhaust Fan,Climate,purchase,2.8,1,2024-01-28,
160,U0580,4408,Laminator,Tools,view,,0,2023-10-31,105.0
161,U0852,281,Treadmill,Fitness,add_to_cart,,0,2024-03-24,
162,U1600,1494,Leaf Blower,Tools,wishlist,3.3,0,2023-03-24,
163,U0070,728,Water Boiler,Kitchen,view,,0,2024-03-24,29.0
164,U0127,2664,Smart Bulb,Smart Home,view,,0,2024-03-07,81.0
165,U1183,2094,Electric Stove,Kitchen,view,,0,2023-09-20,2.0
166,U0571,802,Portable Air Conditioner,Climate,view,,0,2023-03-13,20.0
167,U0302,4122,Water Flosser,Personal Care,wishlist,3.9,0,2024-05-30,
168,U0807,481,Paper Shredder,Tools,purchase,4.2,1,2023-10-28,
169,U1833,924,Electric Oven,Kitchen,purchase,4.8,1,2024-12-02,
170,U1266,1983,Electric Stove,Kitchen,wishlist,4.4,0,2023-11-25,
171,U0850,1399,Smart Vacuum,Cleaning,view,,0,2024-05-03,50.0
172,U0914,3012,Router,Networking,view,,0,2024-06-30,55.0
173,U1491,3445,Electric Fireplace,Climate,wishlist,4.7,0,2023-05-11,
174,U1627,2578,Convection Microwave,Kitchen,purchase,4.9,1,2023-09-20,
175,U0668,4918,Automatic Pet Water Fountain,Pet,view,,0,2024-03-17,54.0
176,U0260,3959,Induction Oven,Kitchen,add_to_cart,,0,2023-10-25,
177,U1759,4130,Router,Networking,view,,0,2024-02-24,117.0
178,U1326,4327,Air Quality Monitor,Smart Home,view,,0,2024-11-05,122.0
179,U1521,2559,Subwoofer,Entertainment,view,,0,2024-09-17,1.0
180,U0904,3252,Hair Curler,Personal Care,view,,0,2023-06-13,32.0
181,U0081,79,Bathroom Exhaust Fan,Bathroom,view,,0,2023-10-17,255.0
182,U0496,1317,Lint Remover,Laundry,add_to_cart,,0,2024-01-24,
183,U1491,3641,Electric Drill,Tools,view,,0,2024-11-25,359.0
184,U1630,4636,Juicer,Kitchen,add_to_cart,,0,2024-11-25,
185,U0495,82,Home Server,Networking,view,,0,2024-09-10,30.0
186,U0266,2996,Bread Maker,Kitchen,add_to_cart,,0,2024-09-25,
187,U1026,2918,Pet Feeder,Pet,view,,0,2024-11-13,407.0
188,U1055,2268,Rowing Machine,Fitness,view,,0,2024-03-26,80.0
189,U0003,1570,Tankless Water Heater,Bathroom,add_to_cart,,0,2023-07-19,
190,U0539,2168,Sump Pump,Outdoor,add_to_cart,,0,2024-01-24,
191,U0476,3455,Wall Clock,Decor,view,,0,2023-12-11,173.0
192,U1219,2187,Electric Scooter Charger,Power,view,,0,2023-07-22,146.0
193,U1361,2464,Heater,Climate,purchase,3.9,1,2023-12-20,
194,U0555,4498,Landline Phone,Smart Home,wishlist,3.0,0,2023-01-05,
195,U1392,4046,Electric Toothbrush,Personal Care,view,,0,2024-11-14,56.0
196,U1010,4210,Built In Oven,Kitchen,view,,0,2023-12-30,146.0
197,U1140,2747,Smart Hub,Networking,view,,0,2024-12-12,145.0
198,U0828,2926,Smart Plug,Smart Home,view,,0,2023-10-30,107.0
199,U1412,1251,Sandwich Maker,Kitchen,add_to_cart,,0,2023-07-17,
200,U0014,2663,Garment Steamer,Laundry,view,,0,2024-11-11,124.0
201,U0210,630,Food Dehydrator,Kitchen,add_to_cart,,0,2024-11-14,
202,U1878,1670,Electric Tandoor,Kitchen,purchase,3.2,1,2023-06-25,
203,U1509,1487,Smart Plug,Smart Home,add_to_cart,,0,2024-10-17,
204,U1977,51,Carpet Cleaner,Cleaning,view,,0,2023-09-25,5.0
205,U0907,2207,Clock,Decor,wishlist,5.0,0,2024-11-03,
206,U0718,410,Sandwich Maker,Kitchen,purchase,4.0,1,2024-03-02,
207,U0050,1535,Coffee Grinder,Kitchen,add_to_cart,,0,2024-12-24,
208,U0142,2488,Home Sauna,Fitness,purchase,3.2,1,2023-08-25,
209,U1366,3321,Air Fryer,Kitchen,add_to_cart,,0,2024-02-23,
210,U0819,2690,Popcorn Maker,Kitchen,view,,0,2023-12-20,124.0
211,U1718,1866,Electric Stove,Kitchen,view,,0,2024-11-03,138.0
212,U0521,2137,Alarm Clock,Decor,view,,0,2024-02-14,163.0
213,U1286,2088,Pet Feeder,Pet,purchase,5.0,1,2023-01-04,
214,U0830,51,Carpet Cleaner,Cleaning,view,,0,2023-04-26,4.0
215,U1096,4680,Knitting Machine,Hobby,view,,0,2024-05-28,19.0
216,U0786,3982,Exercise Bike,Fitness,purchase,4.5,1,2024-06-28,
217,U0902,2028,Digital Safe,Security,purchase,4.2,1,2023-07-27,
218,U0870,1147,Microwave Oven,Kitchen,view,,0,2023-01-02,241.0
219,U0213,2031,WiFi Extender,Networking,wishlist,2.6,0,2024-06-18,
220,U1537,1217,Smart TV,Entertainment,purchase,3.1,1,2023-11-14,
221,U1174,296,Electric Lunch Box,Kitchen,view,,0,2024-11-19,137.0
222,U1172,1953,RO Purifier,Bathroom,add_to_cart,,0,2023-06-21,
223,U1315,1542,WiFi Extender,Networking,view,,0,2024-06-07,6.0
224,U0679,795,Digital Safe,Security,wishlist,4.6,0,2024-03-30,
225,U0266,4419,Induction Cooktop,Kitchen,wishlist,3.8,0,2023-07-30,
226,U1326,2774,Aquarium Filter,Pet,purchase,3.2,1,2023-09-28,
227,U0119,4479,Pressure Washer,Cleaning,view,,0,2024-03-02,39.0
228,U1395,3468,Air Conditioner,Climate,view,,0,2024-04-24,4.0
229,U0236,4958,Electric Toothbrush,Personal Care,add_to_cart,,0,2024-07-27,
230,U0880,2810,Alarm Clock,Decor,view,,0,2024-06-27,124.0
231,U0035,382,Built In Microwave,Kitchen,view,,0,2024-10-03,67.0
232,U1971,4707,Baby Food Maker,Kitchen,view,,0,2024-09-26,112.0
233,U1041,1226,Countertop Dishwasher,Cleaning,view,,0,2024-10-08,56.0
234,U0627,1002,UV Water Purifier,Bathroom,add_to_cart,,0,2024-09-12,
235,U0544,1449,Leaf Blower,Tools,view,,0,2023-10-22,58.0
236,U1928,4001,Built In Dishwasher,Kitchen,view,,0,2023-07-25,26.0
237,U0221,1490,Ceiling Fan,Climate,view,,0,2023-01-22,31.0
238,U1583,3739,Built In Oven,Kitchen,add_to_cart,,0,2023-04-18,
239,U0993,4034,Wall Clock,Decor,purchase,4.6,1,2023-11-11,
240,U1425,1750,Smoke Detector,Security,purchase,3.7,1,2023-03-19,
241,U0372,449,Smart Garage Door Opener,Security,view,,0,2024-08-17,69.0
242,U0563,3686,Electric Lunch Box,Kitchen,add_to_cart,,0,2023-02-02,
243,U1491,2338,Gas Stove,Kitchen,view,,0,2023-03-01,113.0
244,U0467,4774,Freezer,Kitchen,add_to_cart,,0,2024-03-02,
245,U0761,3494,Water Pump,Outdoor,add_to_cart,,0,2023-11-03,
246,U1576,3007,RO Purifier,Bathroom,add_to_cart,,0,2024-01-14,
247,U0527,2159,Table Fan,Climate,add_to_cart,,0,2024-07-24,
248,U0106,125,Kombucha Maker,Hobby,view,,0,2024-10-03,143.0
249,U1149,4207,Clock,Decor,add_to_cart,,0,2024-12-28,
250,U1274,3030,Smart Plug,Smart Home,add_to_cart,,0,2024-08-25,
251,U1595,240,Wine Cooler,Kitchen,add_to_cart,,0,2024-08-11,
252,U0667,961,Electric Blanket,Personal Care,purchase,4.4,1,2023-10-30,
253,U0869,2616,Meat Grinder,Kitchen,add_to_cart,,0,2023-07-18,
254,U1336,3208,Digital Photo Frame,Entertainment,view,,0,2023-04-13,131.0
255,U0737,3332,Ice Maker,Kitchen,add_to_cart,,0,2024-02-09,
256,U1629,3505,Power Strip,Power,add_to_cart,,0,2024-02-13,
257,U1634,1835,Space Heater,Climate,view,,0,2023-06-26,125.0
258,U1200,4096,Boot Warmer,Laundry,purchase,5.0,1,2023-09-29,
259,U0222,4908,Massage Chair,Personal Care,view,,0,2024-04-16,157.0
260,U1710,1844,Automatic Pet Water Fountain,Pet,view,,0,2023-12-03,20.0
261,U0228,1948,Floor Polisher,Cleaning,wishlist,4.4,0,2023-05-12,
262,U0936,3463,Home Automation Controller,Networking,purchase,4.1,1,2023-05-14,
263,U0957,3268,Food Dehydrator,Kitchen,purchase,4.0,1,2024-04-02,
264,U0541,3177,Massage Chair,Personal Care,purchase,3.3,1,2024-12-12,
265,U0805,342,Hair Curler,Personal Care,add_to_cart,,0,2024-12-19,
266,U1636,3815,Chainsaw,Tools,view,,0,2024-02-03,17.0
267,U1075,2134,Massage Chair,Personal Care,wishlist,4.0,0,2024-03-04,
268,U1772,2712,Water Flosser,Personal Care,purchase,2.9,1,2024-07-29,
269,U1415,1453,Cotton Candy Machine,Hobby,add_to_cart,,0,2023-07-03,
270,U0288,4735,Hot Plate,Kitchen,purchase,4.1,1,2024-01-04,
271,U1966,3885,Electric Blanket,Personal Care,add_to_cart,,0,2023-09-14,
272,U0108,342,Hair Curler,Personal Care,purchase,4.6,1,2023-08-01,
273,U1383,4786,Smart Refrigerator,Kitchen,purchase,5.0,1,2023-10-08,
274,U1930,2637,Water Boiler,Kitchen,view,,0,2024-04-19,269.0
275,U0125,1382,Smart Lock,Security,view,,0,2024-08-09,19.0
276,U0762,3952,UPS,Power,view,,0,2024-12-17,414.0
277,U0201,802,Portable Air Conditioner,Climate,purchase,4.8,1,2024-01-27,
278,U0062,2549,Water Flosser,Personal Care,wishlist,4.3,0,2023-07-08,
279,U1418,1539,Chainsaw,Tools,view,,0,2024-05-05,605.0
280,U0434,1095,Electric Oven,Kitchen,add_to_cart,,0,2024-08-09,
281,U0326,1185,Countertop Dishwasher,Cleaning,view,,0,2024-10-02,259.0
282,U1939,3002,Terrarium Heater,Pet,wishlist,3.0,0,2024-05-02,
283,U0728,3550,3D Printer,Hobby,view,,0,2024-11-11,12.0
284,U1071,3564,Electric Grill,Kitchen,view,,0,2023-06-23,408.0
285,U1807,1757,Steam Iron,Laundry,add_to_cart,,0,2023-03-18,
286,U0370,2601,Aquarium Filter,Pet,purchase,3.7,1,2024-06-28,
287,U1562,4455,Steam Cleaner,Cleaning,add_to_cart,,0,2023-09-03,
288,U1119,110,Electric Kettle,Kitchen,purchase,4.2,1,2024-04-15,
289,U0469,2320,Smart Curtain Motor,Smart Home,view,,0,2024-06-19,369.0
290,U1411,4704,Boot Warmer,Laundry,add_to_cart,,0,2023-01-16,
291,U0888,2911,Network Attached Storage,Networking,wishlist,4.3,0,2023-04-28,
292,U1564,4617,Extension Cord,Power,add_to_cart,,0,2023-12-04,
293,U0162,4048,Chapati Maker,Kitchen,view,,0,2024-05-20,132.0
294,U0159,340,Jacuzzi Pump,Bathroom,purchase,4.0,1,2023-03-15,
295,U0712,2290,Smart Lock,Security,view,,0,2023-12-10,67.0
296,U1752,1682,Clock,Decor,view,,0,2024-11-01,102.0
297,U0834,2123,Portable Air Conditioner,Climate,view,,0,2023-01-05,298.0
298,U0845,247,Lawn Mower,Tools,purchase,5.0,1,2024-08-06,
299,U0518,115,Hair Straightener,Personal Care,add_to_cart,,0,2024-11-27,
300,U0417,1272,Smart Lock,Security,purchase,5.0,1,2024-06-29,
301,U0629,3636,Router,Networking,view,,0,2023-10-09,81.0
302,U1008,569,Countertop Dishwasher,Cleaning,view,,0,2024-10-10,53.0
303,U0078,1048,Printer,Tools,add_to_cart,,0,2023-01-13,
304,U1596,3509,Juicer,Kitchen,purchase,5.0,1,2024-08-19,
305,U1652,1730,Smart Plug,Smart Home,add_to_cart,,0,2023-11-23,
306,U0284,4672,Massager,Personal Care,add_to_cart,,0,2024-02-28,
307,U1748,3984,Bathroom Exhaust Fan,Bathroom,add_to_cart,,0,2023-09-25,
308,U0950,1457,Terrarium Heater,Pet,view,,0,2023-06-19,24.0
309,U0248,4731,Water Pump,Outdoor,purchase,5.0,1,2023-05-20,
310,U1748,3007,RO Purifier,Bathroom,purchase,3.7,1,2024-08-25,
311,U1449,3092,Electric Lunch Box,Kitchen,add_to_cart,,0,2023-02-18,
312,U0776,786,Hair Dryer,Personal Care,add_to_cart,,0,2024-02-11,
313,U0618,2292,Tankless Water Heater,Bathroom,purchase,4.9,1,2023-02-07,
314,U1792,4231,Electric Vehicle Charger,Power,add_to_cart,,0,2023-02-18,
315,U0580,2367,Soundbar,Entertainment,purchase,3.8,1,2023-12-17,
316,U0883,3250,Electric Tandoor,Kitchen,purchase,4.9,1,2024-06-07,
317,U1781,2162,Hair Dryer,Personal Care,add_to_cart,,0,2023-08-24,
318,U1132,4591,Set Top Box,Entertainment,purchase,4.9,1,2024-07-22,
319,U0578,2801,Milk Frother,Kitchen,add_to_cart,,0,2023-10-27,
320,U1071,2050,Cooktop,Kitchen,view,,0,2023-06-12,72.0
321,U0764,4994,Hair Curler,Personal Care,add_to_cart,,0,2024-03-25,
322,U1223,4086,Blender,Kitchen,add_to_cart,,0,2023-02-28,
323,U1605,83,Printer,Tools,add_to_cart,,0,2024-12-13,
324,U1691,1414,Scanner,Tools,view,,0,2024-03-03,51.0
325,U0945,754,Handheld Vacuum,Cleaning,view,,0,2023-08-24,126.0
326,U0158,2166,Landline Phone,Smart Home,view,,0,2023-07-13,75.0
327,U1418,2601,Aquarium Filter,Pet,view,,0,2023-04-30,10.0
328,U1888,4991,Mini Washing Machine,Laundry,view,,0,2024-05-11,0.0
329,U0652,4218,Wall Clock,Decor,wishlist,4.2,0,2023-06-25,
330,U1301,2205,Smart Display,Entertainment,purchase,2.7,1,2023-10-07,
331,U1773,2386,Aquarium Heater,Pet,add_to_cart,,0,2023-10-10,
332,U0679,466,Weather Station,Smart Home,add_to_cart,,0,2024-11-03,
333,U1390,234,Milk Frother,Kitchen,purchase,4.1,1,2024-01-09,
334,U0749,3285,Toaster Oven,Kitchen,purchase,3.0,1,2023-03-14,
335,U1370,3357,Smart Air Conditioner,Climate,view,,0,2024-07-27,442.0
336,U0979,1445,Built In Oven,Kitchen,view,,0,2023-07-22,94.0
337,U1472,3987,Air Conditioner,Climate,view,,0,2024-07-26,168.0
338,U0093,4307,Smoke Detector,Security,wishlist,5.0,0,2023-06-27,
339,U0957,3739,Built In Oven,Kitchen,purchase,3.9,1,2024-12-19,
340,U0470,2859,Air Cooler,Climate,add_to_cart,,0,2023-12-29,
341,U0712,110,Electric Kettle,Kitchen,add_to_cart,,0,2024-10-30,
342,U0818,4724,Aquarium Heater,Pet,add_to_cart,,0,2024-07-01,
343,U1692,673,Coffee Grinder,Kitchen,add_to_cart,,0,2023-03-25,
344,U0082,1941,Home Automation Controller,Networking,purchase,4.1,1,2024-11-25,
345,U0171,4571,Water Softener,Bathroom,add_to_cart,,0,2023-04-27,
346,U0673,1807,Emergency Light,Security,view,,0,2023-05-09,43.0
347,U1090,4734,Smart Garage Door Opener,Security,view,,0,2023-05-21,20.0
348,U1609,1974,Router,Networking,view,,0,2023-06-03,192.0
349,U0952,1615,Cotton Candy Machine,Hobby,add_to_cart,,0,2024-07-12,
350,U0707,2491,Crepe Maker,Kitchen,purchase,3.5,1,2023-03-30,
351,U0982,278,Hair Curler,Personal Care,purchase,4.6,1,2023-02-03,
352,U0896,700,Slow Cooker,Kitchen,purchase,3.5,1,2024-06-09,
353,U0815,1036,Hair Curler,Personal Care,add_to_cart,,0,2024-10-24,
354,U0465,4534,Alarm Clock,Decor,purchase,4.2,1,2024-01-24,
355,U0495,2920,Cooktop,Kitchen,purchase,3.7,1,2023-06-20,
356,U1620,365,Milk Frother,Kitchen,view,,0,2023-12-29,10.0
357,U1694,4585,Smart Hub,Networking,view,,0,2023-08-26,143.0
358,U1559,1966,Steam Cleaner,Cleaning,purchase,4.3,1,2024-09-21,
359,U1864,127,Massager,Personal Care,view,,0,2024-09-14,20.0
360,U1198,2069,Aquarium Heater,Pet,view,,0,2024-09-17,177.0
361,U0563,1403,Solar Water Heater,Power,view,,0,2023-06-14,93.0
362,U0767,4791,Alarm Clock,Decor,purchase,4.3,1,2023-12-15,
363,U0332,4661,Foot Massager,Personal Care,view,,0,2023-02-24,47.0
364,U0011,365,Milk Frother,Kitchen,view,,0,2023-12-17,116.0
365,U1086,1339,Router,Networking,add_to_cart,,0,2024-10-02,
366,U0098,2116,Air Cooler,Climate,purchase,4.3,1,2024-03-22,
367,U1367,1344,Aquarium Heater,Pet,view,,0,2023-07-12,35.0
368,U1771,4021,Chainsaw,Tools,view,,0,2023-11-11,214.0
369,U0402,3822,Steam Cleaner,Cleaning,view,,0,2023-07-03,12.0
370,U1085,2430,Electric Toothbrush,Personal Care,view,,0,2023-04-24,296.0
371,U0407,3918,Cooktop,Kitchen,wishlist,4.7,0,2023-05-31,
372,U1403,3039,Humidifier,Climate,add_to_cart,,0,2024-05-23,
373,U1498,1616,Projector,Entertainment,add_to_cart,,0,2024-10-20,
374,U0465,3051,Garbage Disposal,Kitchen,purchase,3.3,1,2024-06-17,
375,U1276,406,Blu Ray Player,Entertainment,purchase,3.8,1,2023-01-13,
376,U1884,1426,Smart Hub,Networking,view,,0,2023-08-25,34.0
377,U0809,1944,Ice Cream Maker,Kitchen,wishlist,2.3,0,2024-01-21,
378,U1294,299,Door Intercom,Security,add_to_cart,,0,2024-11-29,
379,U1829,4037,Meat Grinder,Kitchen,view,,0,2023-04-10,173.0
380,U0835,3454,Sprinkler System,Tools,view,,0,2023-08-30,85.0
381,U1550,244,Pressure Cooker,Kitchen,add_to_cart,,0,2024-08-03,
382,U1065,1299,Electric Knife,Kitchen,view,,0,2024-03-30,457.0
383,U0424,4585,Smart Hub,Networking,add_to_cart,,0,2024-09-08,
384,U1443,1665,Crepe Maker,Kitchen,purchase,4.1,1,2023-03-24,
385,U1651,2308,Popcorn Maker,Kitchen,purchase,2.4,1,2023-06-15,
386,U0954,2645,Wall Clock,Decor,wishlist,4.4,0,2023-06-20,
387,U0351,1148,Heating Pad,Personal Care,view,,0,2024-03-30,85.0
388,U0876,7,Mixer Grinder,Kitchen,view,,0,2024-01-18,2.0
389,U1927,2605,Sprinkler System,Tools,purchase,4.0,1,2023-09-17,
390,U0407,1389,Network Attached Storage,Networking,view,,0,2023-11-17,2.0
391,U1064,1953,RO Purifier,Bathroom,view,,0,2024-08-26,217.0
392,U1959,4742,Dehumidifier,Climate,purchase,3.1,1,2023-02-16,
393,U0933,16,Smart Switch,Smart Home,wishlist,4.7,0,2024-08-21,
394,U0114,482,Home Automation Controller,Networking,add_to_cart,,0,2024-02-11,
395,U1210,3117,Thermostat,Climate,add_to_cart,,0,2023-01-21,
396,U0242,3869,Massager,Personal Care,add_to_cart,,0,2023-11-04,
397,U0928,1515,Heating Pad,Personal Care,purchase,4.1,1,2023-06-12,
398,U0275,3474,Aquarium Heater,Pet,view,,0,2023-05-16,26.0
399,U0445,3533,Home Automation Controller,Networking,purchase,5.0,1,2023-01-12,
400,U0134,4202,Handheld Vacuum,Cleaning,view,,0,2023-10-20,48.0
401,U1954,3031,Water Dispenser,Kitchen,view,,0,2024-07-23,66.0
402,U1948,3882,Rowing Machine,Fitness,add_to_cart,,0,2023-10-30,
403,U1493,704,Central Vacuum System,Cleaning,purchase,2.5,1,2023-10-25,
404,U1390,2404,WiFi Extender,Networking,purchase,3.4,1,2023-05-07,
405,U1497,2627,Washing Machine,Laundry,view,,0,2024-05-19,640.0
406,U0090,2037,Massage Chair,Personal Care,purchase,5.0,1,2024-03-13,
407,U1693,3460,Electric Fireplace,Climate,wishlist,4.4,0,2023-03-16,
408,U1877,2943,Pressure Cooker,Kitchen,add_to_cart,,0,2023-02-11,
409,U0980,2072,Home Theater System,Entertainment,purchase,2.5,1,2023-12-29,
410,U1268,2342,Cold Press Juicer,Kitchen,add_to_cart,,0,2023-06-17,
411,U0815,3444,Home Sauna,Fitness,add_to_cart,,0,2024-09-13,
412,U0822,4177,Home Automation Controller,Networking,wishlist,4.8,0,2024-11-30,
413,U1158,303,Towel Warmer,Bathroom,view,,0,2023-11-21,36.0
414,U1794,997,Countertop Dishwasher,Cleaning,view,,0,2023-12-09,7.0
415,U0550,2814,Solar Panel Inverter,Power,wishlist,2.6,0,2024-11-10,
416,U0656,4312,Hair Dryer,Personal Care,view,,0,2023-12-01,196.0
417,U1685,4590,Carpet Cleaner,Cleaning,view,,0,2023-02-05,72.0
418,U1754,2494,Attic Fan,Climate,purchase,4.1,1,2024-01-21,
419,U1235,4127,Steam Cleaner,Cleaning,add_to_cart,,0,2023-10-05,
420,U1052,705,Hedge Trimmer,Tools,view,,0,2024-09-16,49.0
421,U0827,446,Clock,Decor,wishlist,3.5,0,2023-08-21,
422,U1634,3361,Geyser,Bathroom,view,,0,2024-07-15,21.0
423,U0438,2034,Wall Clock,Decor,view,,0,2023-06-04,74.0
424,U1457,4836,Smart Bulb,Smart Home,purchase,4.2,1,2024-12-11,
425,U0245,3921,DVD Player,Entertainment,add_to_cart,,0,2024-11-21,
426,U1673,4310,Cold Press Juicer,Kitchen,purchase,3.1,1,2023-01-19,
427,U0279,3156,Bidet Seat,Bathroom,wishlist,3.9,0,2023-10-23,
428,U1995,765,Built In Dishwasher,Kitchen,purchase,4.2,1,2024-02-14,
429,U1839,2821,Label Maker,Tools,add_to_cart,,0,2024-03-05,
430,U0860,4809,RO Purifier,Bathroom,view,,0,2024-06-08,76.0
431,U0047,2485,Toaster Oven,Kitchen,add_to_cart,,0,2023-08-22,
432,U0557,3886,Basement Dehumidifier,Outdoor,purchase,4.6,1,2023-06-28,
433,U1932,2924,Pressure Cooker,Kitchen,purchase,4.3,1,2024-06-20,
434,U1796,4124,Digital Photo Frame,Entertainment,view,,0,2024-02-21,44.0
435,U1522,792,Router,Networking,purchase,3.1,1,2023-02-25,
436,U1027,165,Wall Clock,Decor,purchase,3.5,1,2023-08-06,
437,U0453,150,Terrarium Heater,Pet,add_to_cart,,0,2023-09-05,
438,U0292,3024,Hot Dog Maker,Kitchen,view,,0,2024-10-25,64.0
439,U1720,11,Clothes Dryer,Laundry,wishlist,4.7,0,2023-09-24,
440,U0532,430,Bottle Sterilizer,Kitchen,purchase,5.0,1,2023-06-17,
441,U1165,3567,Emergency Light,Security,view,,0,2024-08-03,107.0
442,U1503,331,Solar Water Heater,Power,view,,0,2023-04-07,199.0
443,U0692,3286,Freezer,Kitchen,add_to_cart,,0,2024-03-21,
444,U0026,1435,Exhaust Fan,Climate,view,,0,2023-01-05,134.0
445,U1435,2244,Geyser,Bathroom,view,,0,2024-08-02,198.0
446,U1514,325,Vacuum Cleaner,Cleaning,purchase,2.6,1,2023-01-30,
447,U1448,3389,Toaster Oven,Kitchen,purchase,5.0,1,2023-07-26,
448,U1181,4023,Foot Massager,Personal Care,purchase,3.0,1,2023-05-15,
449,U1882,2124,Air Quality Monitor,Smart Home,view,,0,2023-07-04,138.0
450,U0471,4507,Gaming Console,Entertainment,view,,0,2024-10-06,212.0
451,U1773,1250,Smart Door Lock,Security,view,,0,2023-11-04,49.0
452,U1443,2234,Smart Display,Entertainment,add_to_cart,,0,2023-03-04,
453,U1726,347,Built In Dishwasher,Kitchen,wishlist,3.0,0,2023-09-18,
454,U0967,239,Rice Cooker,Kitchen,view,,0,2023-07-07,350.0
455,U0591,98,Lawn Mower,Tools,add_to_cart,,0,2024-08-16,
456,U0261,2053,Exercise Bike,Fitness,purchase,1.9,1,2024-03-16,
457,U1869,2754,Set Top Box,Entertainment,purchase,3.1,1,2023-06-02,
458,U1090,3025,Deep Fryer,Kitchen,view,,0,2023-01-04,141.0
459,U0806,1265,Garage Door Motor,Outdoor,add_to_cart,,0,2024-10-21,
460,U0864,2780,Towel Warmer,Bathroom,view,,0,2023-02-06,8.0
461,U1321,4408,Laminator,Tools,add_to_cart,,0,2024-05-30,
462,U1496,720,Home Sauna,Fitness,add_to_cart,,0,2024-02-10,
463,U1527,2799,Exhaust Fan,Climate,purchase,3.4,1,2024-04-01,
464,U0812,4041,Roti Maker,Kitchen,add_to_cart,,0,2023-03-17,
465,U1253,4171,Pressure Washer,Cleaning,add_to_cart,,0,2023-06-19,
466,U1429,3248,Can Opener,Kitchen,add_to_cart,,0,2024-08-25,
467,U1271,599,Pressure Washer,Cleaning,view,,0,2023-08-27,155.0
468,U1348,1000,Sewing Machine,Hobby,view,,0,2023-12-16,71.0
469,U1646,750,Sandwich Maker,Kitchen,add_to_cart,,0,2024-03-21,
470,U1803,316,Streaming Device,Entertainment,wishlist,3.8,0,2023-05-16,
471,U0657,2181,Induction Cooktop,Kitchen,view,,0,2024-05-04,185.0
472,U1964,3108,Water Flosser,Personal Care,add_to_cart,,0,2024-09-18,
473,U1826,2774,Aquarium Filter,Pet,view,,0,2023-04-04,169.0
474,U0302,1446,Towel Warmer,Bathroom,purchase,4.8,1,2024-01-14,
475,U0480,3275,Carpet Cleaner,Cleaning,add_to_cart,,0,2024-05-29,
476,U0369,4664,Kegerator,Hobby,purchase,5.0,1,2023-06-13,
477,U1418,4486,Air Fryer,Kitchen,wishlist,4.8,0,2023-08-27,
478,U0961,2878,Lawn Mower,Tools,purchase,3.6,1,2024-08-09,
479,U1055,4742,Dehumidifier,Climate,view,,0,2024-05-11,392.0
480,U1889,4103,Electric Mop,Cleaning,view,,0,2023-08-02,97.0
481,U0085,4875,Smart Thermostat,Climate,add_to_cart,,0,2023-04-13,
482,U1152,3953,Voltage Stabilizer,Power,view,,0,2024-03-22,50.0
483,U1178,3898,Bottle Sterilizer,Kitchen,wishlist,5.0,0,2024-09-18,
484,U0558,333,Home Server,Networking,add_to_cart,,0,2023-07-26,
485,U0542,2313,CCTV System,Security,purchase,5.0,1,2023-06-27,
486,U1583,165,Wall Clock,Decor,add_to_cart,,0,2023-05-18,
487,U1430,78,Sprinkler System,Tools,add_to_cart,,0,2024-05-01,
488,U1556,4,Knitting Machine,Hobby,add_to_cart,,0,2023-09-12,
489,U0272,1084,Air Quality Monitor,Smart Home,view,,0,2023-06-26,169.0
490,U0096,202,Shoe Dryer,Laundry,wishlist,5.0,0,2024-12-03,
491,U0952,1480,Gaming Console,Entertainment,view,,0,2023-09-20,0.0
492,U0921,770,Clock,Decor,view,,0,2023-06-21,92.0
493,U1325,4402,Roti Maker,Kitchen,view,,0,2024-10-29,114.0
494,U0192,3347,Foot Massager,Personal Care,purchase,3.4,1,2024-06-12,
495,U1908,1693,Handheld Vacuum,Cleaning,view,,0,2024-11-19,184.0
496,U0712,3537,Aquarium Filter,Pet,view,,0,2024-05-31,3.0
497,U0473,2284,Built In Oven,Kitchen,view,,0,2024-07-10,213.0
498,U1448,4848,Pool Heater,Outdoor,wishlist,2.9,0,2023-03-21,
499,U1826,1664,Bladeless Fan,Climate,purchase,3.6,1,2023-08-29,
500,U0404,964,Panini Press,Kitchen,add_to_cart,,0,2023-09-04,
501,U0133,3370,Blender,Kitchen,view,,0,2024-06-21,38.0
502,U1909,4507,Gaming Console,Entertainment,view,,0,2023-08-21,53.0
503,U0582,4201,Solo Microwave,Kitchen,purchase,4.8,1,2024-12-04,
504,U0420,3478,Basement Dehumidifier,Outdoor,wishlist,3.8,0,2024-12-22,
505,U0405,3687,Smart Refrigerator,Kitchen,view,,0,2024-03-07,11.0
506,U0259,1435,Exhaust Fan,Climate,view,,0,2024-02-09,320.0
507,U0864,4960,Aquarium Filter,Pet,view,,0,2024-06-20,35.0
508,U1618,546,Electric Mop,Cleaning,view,,0,2024-07-28,34.0
509,U1795,531,Roti Maker,Kitchen,add_to_cart,,0,2023-03-16,
510,U0168,378,Video Doorbell,Security,view,,0,2023-09-05,264.0
511,U1691,828,Label Maker,Tools,view,,0,2023-09-14,90.0
512,U1440,923,Grill Microwave,Kitchen,view,,0,2023-11-28,55.0
513,U0810,2607,Knitting Machine,Hobby,view,,0,2024-08-01,31.0
514,U0824,2665,Hair Curler,Personal Care,purchase,5.0,1,2023-12-09,
515,U0580,2904,Air Purifier,Climate,purchase,3.4,1,2024-05-22,
516,U1592,1497,Smart Hub,Networking,view,,0,2023-07-13,22.0
517,U1477,1826,Massager,Personal Care,add_to_cart,,0,2023-04-10,
518,U0555,2485,Toaster Oven,Kitchen,wishlist,5.0,0,2024-10-04,
519,U1775,1900,Streaming Device,Entertainment,purchase,3.4,1,2023-01-31,
520,U0511,2268,Rowing Machine,Fitness,view,,0,2023-02-09,237.0
521,U1933,955,Aquarium Heater,Pet,wishlist,3.8,0,2024-03-23,
522,U0837,3567,Emergency Light,Security,wishlist,4.9,0,2023-03-05,
523,U1919,4361,Landline Phone,Smart Home,add_to_cart,,0,2023-11-19,
524,U1391,2894,Space Heater,Climate,add_to_cart,,0,2023-07-14,
525,U1249,4046,Electric Toothbrush,Personal Care,add_to_cart,,0,2023-02-21,
526,U1380,4848,Pool Heater,Outdoor,add_to_cart,,0,2024-11-09,
527,U1275,3814,Water Filter,Bathroom,view,,0,2023-10-27,111.0
528,U0022,2939,Coffee Grinder,Kitchen,add_to_cart,,0,2023-07-09,
529,U0486,4828,Grill Microwave,Kitchen,purchase,2.3,1,2023-10-02,
530,U1660,968,Smart TV,Entertainment,add_to_cart,,0,2024-11-18,
531,U1353,1088,Air Quality Monitor,Smart Home,view,,0,2023-09-19,3.0
532,U0624,1181,Smart Oven,Kitchen,view,,0,2023-01-11,116.0
533,U0820,364,RO Purifier,Bathroom,purchase,5.0,1,2024-08-14,
534,U1189,3133,Booster Pump,Outdoor,view,,0,2024-06-27,396.0
535,U1987,4578,Hair Dryer,Personal Care,purchase,4.9,1,2023-10-30,
536,U1630,4202,Handheld Vacuum,Cleaning,view,,0,2023-07-20,42.0
537,U1723,3755,Printer,Tools,purchase,4.7,1,2024-01-09,
538,U0174,912,Emergency Light,Security,view,,0,2023-04-27,65.0
539,U0775,1882,Terrarium Heater,Pet,add_to_cart,,0,2023-06-13,
540,U1497,1501,Power Strip,Power,view,,0,2023-12-19,8.0
541,U1853,862,Security Camera,Security,wishlist,4.7,0,2024-02-03,
542,U1932,3478,Basement Dehumidifier,Outdoor,purchase,4.3,1,2023-05-26,
543,U0063,37,Modem,Networking,wishlist,3.9,0,2024-12-14,
544,U0811,1251,Sandwich Maker,Kitchen,view,,0,2023-11-09,313.0
545,U0372,3788,Window Cleaner Robot,Cleaning,view,,0,2024-06-27,10.0
546,U1859,3919,Bidet Seat,Bathroom,view,,0,2023-09-24,63.0
547,U0133,1102,Steam Iron,Laundry,purchase,5.0,1,2023-07-22,
548,U0003,143,Foot Massager,Personal Care,view,,0,2024-04-08,31.0
549,U1071,1653,Water Filter,Bathroom,purchase,3.4,1,2023-02-27,
550,U0877,3782,Wine Cooler,Kitchen,add_to_cart,,0,2023-01-28,
551,U1686,2081,Smart Washer,Laundry,view,,0,2023-12-30,66.0
552,U1428,4524,Built In Refrigerator,Kitchen,add_to_cart,,0,2023-08-26,
553,U0069,2192,Dough Maker,Kitchen,purchase,4.1,1,2023-05-25,
554,U0620,2261,Range Hood,Kitchen,view,,0,2024-09-14,66.0
555,U1325,2043,Freezer,Kitchen,view,,0,2023-03-22,8.0
556,U1528,1213,Pressure Cooker,Kitchen,wishlist,3.5,0,2024-01-24,
557,U1263,2849,Projector,Entertainment,view,,0,2023-01-19,170.0
558,U1360,4994,Hair Curler,Personal Care,view,,0,2024-01-03,36.0
559,U1331,1512,Food Dehydrator,Kitchen,view,,0,2023-11-22,47.0
560,U1078,4367,Cold Press Juicer,Kitchen,purchase,3.4,1,2024-01-20,
561,U1996,4921,Soundbar,Entertainment,purchase,4.1,1,2023-09-08,
562,U0758,2437,Hair Dryer,Personal Care,view,,0,2024-07-05,134.0
563,U1254,1901,Toaster,Kitchen,purchase,2.4,1,2023-06-07,
564,U0531,519,Electric Skillet,Kitchen,purchase,3.3,1,2023-03-17,
565,U1631,3577,Epilator,Personal Care,wishlist,5.0,0,2023-01-23,
566,U0764,4395,Robot Vacuum,Cleaning,purchase,4.3,1,2023-01-30,
567,U1790,1905,Paper Shredder,Tools,view,,0,2023-06-30,64.0
568,U0262,2990,Emergency Light,Security,add_to_cart,,0,2023-08-05,
569,U1008,2755,Heating Pad,Personal Care,view,,0,2023-08-16,204.0
570,U0998,1468,Kegerator,Hobby,view,,0,2023-12-18,202.0
571,U0507,2124,Air Quality Monitor,Smart Home,wishlist,3.8,0,2024-09-27,
572,U1367,2963,Home Server,Networking,view,,0,2023-09-20,55.0
573,U0938,4284,Paper Shredder,Tools,view,,0,2023-03-14,33.0
574,U0369,362,Attic Fan,Climate,view,,0,2024-10-22,256.0
575,U0327,3676,Hot Plate,Kitchen,view,,0,2023-01-01,191.0
576,U0968,3005,Terrarium Heater,Pet,add_to_cart,,0,2024-03-20,
577,U0864,853,Aquarium Heater,Pet,purchase,3.5,1,2023-04-27,
578,U0527,2776,Pet Feeder,Pet,view,,0,2024-11-04,78.0
579,U1252,4059,Home Server,Networking,add_to_cart,,0,2024-03-22,
580,U1064,1582,Table Fan,Climate,add_to_cart,,0,2023-03-24,
581,U1618,4641,Smart Thermostat,Climate,wishlist,5.0,0,2024-12-09,
582,U1787,1382,Smart Lock,Security,add_to_cart,,0,2024-01-14,
583,U1549,2348,Food Dehydrator,Kitchen,wishlist,3.8,0,2024-05-24,
584,U1260,1563,Wall Clock,Decor,add_to_cart,,0,2024-03-09,
585,U0041,75,Clock,Decor,purchase,3.8,1,2024-07-25,
586,U1153,932,Central Vacuum System,Cleaning,view,,0,2024-01-20,199.0
587,U1328,2268,Rowing Machine,Fitness,add_to_cart,,0,2024-07-26,
588,U1139,4738,Aquarium Filter,Pet,add_to_cart,,0,2024-10-22,
589,U0928,1100,Smart Thermostat,Climate,view,,0,2023-09-27,187.0
590,U1703,2171,Home Automation Controller,Networking,purchase,5.0,1,2023-12-01,
591,U1969,1910,Heater,Climate,view,,0,2024-12-30,80.0
592,U0087,680,Angle Grinder,Tools,wishlist,5.0,0,2023-12-20,
593,U0869,2423,Electric Blanket,Personal Care,add_to_cart,,0,2023-04-30,
594,U0350,2789,Exhaust Fan,Climate,purchase,4.3,1,2023-10-07,
595,U1305,1751,WiFi Extender,Networking,add_to_cart,,0,2024-06-27,
596,U0768,138,Built In Microwave,Kitchen,purchase,5.0,1,2023-09-07,
597,U1575,1321,Inverter,Power,view,,0,2023-03-07,123.0
598,U0168,3645,UV Water Purifier,Bathroom,add_to_cart,,0,2023-02-04,
599,U0743,2027,Portable Air Conditioner,Climate,view,,0,2023-08-13,141.0
600,U1030,782,Electric Pressure Cooker,Kitchen,add_to_cart,,0,2023-10-01,
601,U1752,2876,Smart Switch,Smart Home,view,,0,2023-11-30,25.0
602,U0376,1918,Foot Massager,Personal Care,view,,0,2024-09-27,47.0
603,U1488,2823,Electric Pressure Cooker,Kitchen,purchase,2.5,1,2023-04-15,
604,U0288,2486,Leaf Blower,Tools,purchase,4.0,1,2023-10-05,
605,U1523,600,Electric Toothbrush,Personal Care,wishlist,1.7,0,2023-11-11,
606,U0345,3714,Portable Dishwasher,Cleaning,wishlist,3.5,0,2024-09-28,
607,U0641,3511,Paper Shredder,Tools,view,,0,2024-10-01,40.0
608,U1258,4808,Subwoofer,Entertainment,wishlist,4.0,0,2023-09-06,
609,U1250,1852,Automatic Pet Water Fountain,Pet,view,,0,2023-08-06,40.0
610,U0849,3437,Window Cleaner Robot,Cleaning,purchase,3.9,1,2024-03-28,
611,U1612,1653,Water Filter,Bathroom,purchase,3.4,1,2024-11-12,
612,U0964,4181,Water Heater,Bathroom,view,,0,2024-03-31,38.0
613,U1082,1679,Water Softener,Bathroom,add_to_cart,,0,2024-06-18,
614,U0064,4740,Landline Phone,Smart Home,purchase,3.5,1,2023-01-18,
615,U1601,799,Tankless Water Heater,Bathroom,view,,0,2024-09-08,12.0
616,U0026,1332,Aquarium Heater,Pet,view,,0,2023-09-26,13.0
617,U0160,1913,Induction Cooktop,Kitchen,view,,0,2023-03-21,77.0
618,U0726,1102,Steam Iron,Laundry,add_to_cart,,0,2024-01-28,
619,U1041,1562,Countertop Dishwasher,Cleaning,view,,0,2023-05-05,114.0
620,U0591,1929,Weather Station,Smart Home,add_to_cart,,0,2023-01-19,
621,U1396,1449,Leaf Blower,Tools,view,,0,2023-10-17,90.0
622,U0359,1575,Aquarium Heater,Pet,add_to_cart,,0,2024-05-21,
623,U1188,1820,Milk Frother,Kitchen,view,,0,2024-12-21,269.0
624,U0323,4967,Knitting Machine,Hobby,view,,0,2024-03-28,27.0
625,U0294,3846,Electric Blanket,Personal Care,add_to_cart,,0,2024-03-12,
626,U0068,3481,Lint Remover,Laundry,view,,0,2023-11-25,248.0
627,U0489,277,Massage Chair,Personal Care,add_to_cart,,0,2024-06-05,
628,U0871,280,Smart Plug,Smart Home,purchase,4.1,1,2023-08-29,
629,U0003,277,Massage Chair,Personal Care,add_to_cart,,0,2024-09-11,
630,U1340,4078,Smart Curtain Motor,Smart Home,view,,0,2024-12-11,8.0
631,U1984,4765,Geyser,Bathroom,view,,0,2024-07-01,143.0
632,U0986,2374,Rowing Machine,Fitness,purchase,4.6,1,2023-04-19,
633,U1017,23,Home Server,Networking,add_to_cart,,0,2023-10-21,
634,U0825,1730,Smart Plug,Smart Home,add_to_cart,,0,2024-02-12,
635,U1931,4387,Jacuzzi Pump,Bathroom,view,,0,2023-08-02,14.0
636,U0331,512,Heater,Climate,view,,0,2023-03-11,45.0
637,U1973,793,Solo Microwave,Kitchen,view,,0,2024-08-28,288.0
638,U0240,1347,Solo Microwave,Kitchen,add_to_cart,,0,2023-10-14,
639,U0821,2042,Kegerator,Hobby,view,,0,2024-04-09,15.0
640,U0524,4819,Hedge Trimmer,Tools,add_to_cart,,0,2024-05-16,
641,U0084,164,Landline Phone,Smart Home,purchase,3.8,1,2023-12-13,
642,U0125,4403,Dishwasher,Cleaning,purchase,5.0,1,2024-09-01,
643,U1527,4462,Attic Fan,Climate,add_to_cart,,0,2023-03-29,
644,U0213,2343,Cold Press Juicer,Kitchen,view,,0,2024-12-14,168.0
645,U1712,1598,Hot Plate,Kitchen,add_to_cart,,0,2023-01-21,
646,U0102,2752,Heater,Climate,add_to_cart,,0,2023-02-18,
647,U0398,1435,Exhaust Fan,Climate,purchase,4.3,1,2024-07-30,
648,U1415,56,Foot Massager,Personal Care,add_to_cart,,0,2023-03-27,
649,U1673,2022,Hot Dog Maker,Kitchen,purchase,4.5,1,2024-10-11,
650,U0889,2225,Electric Oven,Kitchen,view,,0,2023-05-13,99.0
651,U1772,4405,Weather Station,Smart Home,view,,0,2024-02-24,17.0
652,U0559,3204,3D Printer,Hobby,view,,0,2023-07-16,1.0
653,U1651,4195,Trimmer,Personal Care,view,,0,2024-03-09,200.0
654,U0624,3261,Automatic Pet Water Fountain,Pet,view,,0,2024-11-09,121.0
655,U0235,3502,Digital Photo Frame,Entertainment,purchase,4.0,1,2024-11-04,
656,U0212,3056,Washing Machine,Laundry,view,,0,2024-08-23,95.0
657,U0955,752,Geyser,Bathroom,view,,0,2024-08-15,9.0
658,U0712,4361,Landline Phone,Smart Home,add_to_cart,,0,2023-01-19,
659,U1868,4845,Boot Warmer,Laundry,purchase,4.6,1,2023-01-21,
660,U1341,1882,Terrarium Heater,Pet,wishlist,3.7,0,2023-05-05,
661,U1160,1868,Network Attached Storage,Networking,purchase,3.6,1,2023-11-25,
662,U0847,498,Pressure Cooker,Kitchen,view,,0,2023-08-12,0.0
663,U1080,2737,Hedge Trimmer,Tools,view,,0,2023-07-28,129.0
664,U1592,92,Handheld Vacuum,Cleaning,view,,0,2024-11-14,56.0
665,U1154,4805,Leaf Blower,Tools,purchase,5.0,1,2024-10-17,
666,U0953,1668,Streaming Device,Entertainment,view,,0,2023-04-20,89.0
667,U0561,2711,Vacuum Sealer,Kitchen,purchase,4.8,1,2023-01-14,
668,U1248,309,Electric Mop,Cleaning,purchase,3.4,1,2024-03-16,
669,U1409,3114,Automatic Pet Water Fountain,Pet,view,,0,2023-10-21,101.0
670,U0286,2433,Clothes Dryer,Laundry,wishlist,3.2,0,2023-07-07,
671,U1419,3722,Air Quality Monitor,Smart Home,view,,0,2023-05-19,151.0
672,U1223,4884,Handheld Vacuum,Cleaning,purchase,4.1,1,2024-12-08,
673,U0283,3299,Roti Maker,Kitchen,purchase,4.0,1,2023-10-21,
674,U1944,3742,Rice Cooker,Kitchen,purchase,5.0,1,2023-07-01,
675,U0625,3920,Trimmer,Personal Care,view,,0,2024-12-23,4.0
676,U1584,227,RO Purifier,Bathroom,add_to_cart,,0,2024-03-01,
677,U0707,4898,Angle Grinder,Tools,view,,0,2023-04-18,22.0
678,U0571,3335,Security Camera,Security,purchase,4.3,1,2023-11-14,
679,U0824,1089,Hand Mixer,Kitchen,purchase,5.0,1,2023-07-09,
680,U1077,2964,Terrarium Heater,Pet,view,,0,2024-03-04,306.0
681,U1686,2515,Bidet Seat,Bathroom,purchase,4.3,1,2024-01-31,
682,U0296,4791,Alarm Clock,Decor,view,,0,2024-10-08,48.0
683,U0737,1702,Pet Feeder,Pet,purchase,3.9,1,2023-04-09,
684,U0900,3131,Electric Vehicle Charger,Power,wishlist,3.1,0,2023-03-21,
685,U0786,3879,Cold Press Juicer,Kitchen,purchase,4.8,1,2023-10-03,
686,U0262,1562,Countertop Dishwasher,Cleaning,add_to_cart,,0,2024-06-23,
687,U0737,1575,Aquarium Heater,Pet,purchase,4.8,1,2023-11-08,
688,U1486,1623,UV Water Purifier,Bathroom,add_to_cart,,0,2023-09-14,
689,U0218,2771,Electric Oven,Kitchen,add_to_cart,,0,2023-06-12,
690,U0509,402,Mini Fridge,Kitchen,wishlist,4.6,0,2023-10-08,
691,U1723,3392,Aquarium Filter,Pet,view,,0,2023-05-07,152.0
692,U1471,3357,Smart Air Conditioner,Climate,purchase,1.3,1,2023-02-05,
693,U1452,1230,Hair Curler,Personal Care,view,,0,2024-09-11,58.0
694,U0863,274,Slow Cooker,Kitchen,view,,0,2023-03-13,27.0
695,U1210,3015,Iron,Laundry,wishlist,4.9,0,2023-09-14,
696,U0807,938,Smart Refrigerator,Kitchen,add_to_cart,,0,2024-04-29,
697,U0462,4907,Air Cooler,Climate,view,,0,2024-02-05,86.0
698,U1407,836,Pool Heater,Outdoor,add_to_cart,,0,2023-05-12,
699,U1229,2383,Bathroom Exhaust Fan,Bathroom,view,,0,2023-10-25,119.0
700,U0471,4354,Battery Charger,Power,add_to_cart,,0,2024-09-04,
701,U0092,1319,Electric Vehicle Charger,Power,view,,0,2024-05-10,32.0
702,U1665,4439,Chainsaw,Tools,wishlist,3.5,0,2023-08-11,
703,U0865,219,Home Brewing Kit,Hobby,wishlist,2.3,0,2024-05-28,
704,U0116,2362,Wall Clock,Decor,add_to_cart,,0,2023-11-10,
705,U0963,4860,Wall Clock,Decor,view,,0,2024-04-03,79.0
706,U0124,3994,Knitting Machine,Hobby,add_to_cart,,0,2023-09-16,
707,U0434,3104,Smart Washer,Laundry,purchase,4.4,1,2024-05-27,
708,U0239,3791,Window Air Conditioner,Climate,purchase,4.1,1,2023-09-17,
709,U1547,2196,Space Heater,Climate,view,,0,2024-10-11,4.0
710,U1414,2958,Vacuum Cleaner,Cleaning,view,,0,2023-07-08,13.0
711,U0040,1633,Knitting Machine,Hobby,purchase,4.0,1,2024-04-15,
712,U1262,602,Pool Heater,Outdoor,view,,0,2023-10-18,194.0
713,U1229,991,Sewing Machine,Hobby,purchase,3.0,1,2023-06-02,
714,U1096,2713,Knitting Machine,Hobby,add_to_cart,,0,2023-07-14,
715,U0105,113,Smart Speaker,Entertainment,add_to_cart,,0,2023-12-04,
716,U1912,1508,Pet Feeder,Pet,view,,0,2024-06-06,199.0
717,U1167,452,Electric Vehicle Charger,Power,view,,0,2023-05-12,131.0
718,U1713,4776,Clock,Decor,wishlist,3.1,0,2024-05-29,
719,U0863,3053,Smart Lock,Security,view,,0,2023-08-24,3.0
720,U0788,452,Electric Vehicle Charger,Power,view,,0,2024-09-20,184.0
721,U0697,2066,Pressure Washer,Cleaning,purchase,4.1,1,2023-12-30,
722,U0133,2982,Drip Coffee Maker,Kitchen,purchase,5.0,1,2024-09-08,
723,U1942,3683,Aquarium Heater,Pet,add_to_cart,,0,2024-06-12,
724,U1027,3171,Electric Scooter Charger,Power,view,,0,2023-03-14,211.0
725,U0196,4396,Space Heater,Climate,view,,0,2023-08-21,79.0
726,U0844,4449,Space Heater,Climate,purchase,3.0,1,2024-07-23,
727,U1051,3051,Garbage Disposal,Kitchen,purchase,4.5,1,2024-03-21,
728,U0216,4038,Smart Lock,Security,purchase,4.9,1,2023-05-29,
729,U0440,737,Smart Washer,Laundry,wishlist,4.3,0,2024-08-09,
730,U0801,2918,Pet Feeder,Pet,add_to_cart,,0,2023-01-01,
731,U1226,4697,Landline Phone,Smart Home,wishlist,4.0,0,2023-12-12,
732,U1611,4864,Vacuum Cleaner,Cleaning,add_to_cart,,0,2024-02-14,
733,U0105,572,Clothesline Dryer,Laundry,view,,0,2024-08-17,73.0
734,U1554,796,RO Purifier,Bathroom,wishlist,5.0,0,2023-03-26,
735,U1878,3426,Trash Compactor,Kitchen,purchase,4.4,1,2023-01-11,
736,U1075,1601,Humidifier,Climate,wishlist,5.0,0,2024-03-08,
737,U1675,4401,Lint Remover,Laundry,add_to_cart,,0,2023-04-01,
738,U0075,1039,Sump Pump,Outdoor,add_to_cart,,0,2024-03-11,
739,U0795,3324,Range Hood,Kitchen,view,,0,2024-04-13,34.0
740,U1657,3628,Home Server,Networking,view,,0,2023-04-20,156.0
741,U0793,2809,Range Hood,Kitchen,add_to_cart,,0,2023-03-27,
742,U1357,4779,Foot Massager,Personal Care,view,,0,2023-01-05,13.0
743,U0818,4003,Electric Blanket,Personal Care,add_to_cart,,0,2023-07-19,
744,U1671,2450,Laminator,Tools,purchase,5.0,1,2023-04-01,
745,U1704,752,Geyser,Bathroom,wishlist,4.0,0,2023-09-05,
746,U1712,4710,Electric Tandoor,Kitchen,add_to_cart,,0,2023-11-02,
747,U1157,2798,Central Air Conditioner,Climate,add_to_cart,,0,2023-07-16,
748,U0921,3439,Electric Toothbrush,Personal Care,add_to_cart,,0,2023-04-28,
749,U0170,2661,Wine Cooler,Kitchen,purchase,3.3,1,2023-05-31,
750,U0814,2861,Air Conditioner,Climate,add_to_cart,,0,2023-09-22,
751,U1791,3788,Window Cleaner Robot,Cleaning,add_to_cart,,0,2024-12-26,
752,U0162,2213,Basement Dehumidifier,Outdoor,view,,0,2023-11-14,140.0
753,U0933,3107,Water Softener,Bathroom,add_to_cart,,0,2023-06-27,
754,U0617,2766,Water Dispenser,Kitchen,view,,0,2024-07-22,86.0
755,U1722,1726,Router,Networking,add_to_cart,,0,2024-11-23,
756,U1958,1941,Home Automation Controller,Networking,view,,0,2024-10-18,164.0
757,U1862,263,Cooktop,Kitchen,view,,0,2023-07-14,47.0
758,U0094,2202,Hedge Trimmer,Tools,add_to_cart,,0,2023-04-02,
759,U1684,1198,Handheld Vacuum,Cleaning,view,,0,2024-09-23,299.0
760,U1233,3980,Ice Crusher,Kitchen,view,,0,2023-04-25,228.0
761,U0039,1919,Convection Microwave,Kitchen,view,,0,2023-11-28,25.0
762,U1555,3153,Steam Cleaner,Cleaning,add_to_cart,,0,2023-01-26,
763,U1383,1321,Inverter,Power,purchase,2.6,1,2023-08-12,
764,U0452,1678,Label Maker,Tools,view,,0,2023-11-01,47.0
765,U0452,3070,Massager,Personal Care,view,,0,2024-02-19,356.0
766,U0620,1082,Stand Mixer,Kitchen,add_to_cart,,0,2023-12-09,
767,U0328,1119,CCTV System,Security,purchase,4.0,1,2024-05-31,
768,U1608,903,Aquarium Filter,Pet,view,,0,2023-02-13,51.0
769,U1330,2241,Wall Clock,Decor,add_to_cart,,0,2024-03-29,
770,U1150,3220,Smart Vacuum,Cleaning,view,,0,2024-10-26,222.0
771,U1421,340,Jacuzzi Pump,Bathroom,view,,0,2023-09-14,42.0
772,U1792,352,Inverter,Power,add_to_cart,,0,2024-05-06,
773,U1566,3525,Water Filter,Bathroom,purchase,4.2,1,2024-07-09,
774,U1124,3412,Air Cooler,Climate,view,,0,2024-09-23,3.0
775,U1585,3609,Robot Vacuum,Cleaning,view,,0,2023-12-24,150.0
776,U0183,1813,Steam Iron,Laundry,view,,0,2023-08-12,46.0
777,U0150,4584,Hedge Trimmer,Tools,purchase,2.8,1,2023-12-23,
778,U1744,4043,Microwave Oven,Kitchen,wishlist,2.7,0,2023-05-14,
779,U1252,777,Clock,Decor,view,,0,2023-02-14,58.0
780,U0844,2408,Vacuum Sealer,Kitchen,view,,0,2024-12-20,4.0
781,U1127,2510,Hot Plate,Kitchen,purchase,4.2,1,2023-11-29,
782,U0790,2773,Water Boiler,Kitchen,view,,0,2024-12-13,128.0
783,U1663,4912,Hot Plate,Kitchen,purchase,4.0,1,2024-07-20,
784,U1062,4656,Electric Kettle,Kitchen,wishlist,4.2,0,2024-11-20,
785,U1373,2118,Electric Pressure Cooker,Kitchen,add_to_cart,,0,2023-08-26,
786,U0292,591,Steam Iron,Laundry,purchase,5.0,1,2023-08-02,
787,U0977,2578,Convection Microwave,Kitchen,purchase,4.1,1,2024-10-05,
788,U0607,1523,Electric Vehicle Charger,Power,add_to_cart,,0,2024-06-19,
789,U1374,1906,Coffee Grinder,Kitchen,view,,0,2024-09-11,61.0
790,U1128,3120,Tea Maker,Kitchen,purchase,4.5,1,2024-03-10,
791,U1486,1758,Modem,Networking,view,,0,2024-05-02,7.0
792,U0301,2560,Foot Massager,Personal Care,purchase,4.4,1,2023-06-17,
793,U1466,1065,Hot Plate,Kitchen,add_to_cart,,0,2024-09-10,
794,U1268,2507,Wall Clock,Decor,add_to_cart,,0,2023-12-22,
795,U0049,4908,Massage Chair,Personal Care,view,,0,2024-07-24,198.0
796,U1606,159,Smart Washer,Laundry,add_to_cart,,0,2023-06-30,
797,U0929,3588,Ice Crusher,Kitchen,purchase,3.4,1,2024-06-14,
798,U0551,1601,Humidifier,Climate,purchase,3.7,1,2024-06-30,
799,U0678,4749,Smart Bulb,Smart Home,view,,0,2023-11-11,92.0
800,U1605,129,Ice Cream Maker,Kitchen,purchase,2.9,1,2023-01-22,
801,U0816,454,WiFi Extender,Networking,purchase,3.8,1,2023-01-17,
802,U0846,1095,Electric Oven,Kitchen,add_to_cart,,0,2024-09-12,
803,U1419,2188,Bathroom Exhaust Fan,Bathroom,add_to_cart,,0,2024-08-30,
804,U0063,918,Infrared Sauna,Fitness,purchase,4.8,1,2023-12-19,
805,U0361,1882,Terrarium Heater,Pet,purchase,3.4,1,2023-06-06,
806,U0394,2612,Coffee Grinder,Kitchen,add_to_cart,,0,2023-05-12,
807,U0776,736,Citrus Juicer,Kitchen,add_to_cart,,0,2024-03-22,
808,U1218,353,Smart TV,Entertainment,purchase,5.0,1,2023-02-16,
809,U1654,4120,Washing Machine,Laundry,add_to_cart,,0,2023-03-11,
810,U1261,3131,Electric Vehicle Charger,Power,purchase,3.3,1,2024-06-30,
811,U0644,4086,Blender,Kitchen,purchase,5.0,1,2023-11-24,
812,U1060,420,Stand Mixer,Kitchen,purchase,4.2,1,2024-11-20,
813,U1108,1856,Home Theater System,Entertainment,add_to_cart,,0,2024-07-25,
814,U1032,2072,Home Theater System,Entertainment,add_to_cart,,0,2023-10-27,
815,U0566,3059,Landline Phone,Smart Home,purchase,4.8,1,2024-01-07,
816,U1590,4788,Security Camera,Security,add_to_cart,,0,2023-06-27,
817,U0881,171,Hair Dryer,Personal Care,view,,0,2024-07-20,118.0
818,U0347,988,Sous Vide Cooker,Kitchen,add_to_cart,,0,2023-12-03,
819,U0375,4503,Chapati Maker,Kitchen,add_to_cart,,0,2024-12-10,
820,U1307,842,Humidifier,Climate,wishlist,4.3,0,2024-12-06,
821,U1848,697,Smart Plug,Smart Home,purchase,3.8,1,2023-04-13,
822,U1716,1839,Slush Machine,Hobby,purchase,4.2,1,2024-07-16,
823,U0234,3412,Air Cooler,Climate,view,,0,2023-10-30,47.0
824,U0051,4033,Vacuum Sealer,Kitchen,view,,0,2023-02-03,51.0
825,U1500,4903,RO Purifier,Bathroom,view,,0,2024-11-14,220.0
826,U1401,2960,Smart Plug,Smart Home,wishlist,4.5,0,2023-12-18,
827,U0396,1532,Electric Oven,Kitchen,purchase,4.6,1,2024-03-09,
828,U0246,3033,Home Server,Networking,view,,0,2023-07-23,99.0
829,U1530,4701,Electric Vehicle Charger,Power,view,,0,2024-10-12,1.0
830,U1257,3405,Smart Plug,Smart Home,wishlist,3.4,0,2023-06-11,
831,U0232,2130,Knitting Machine,Hobby,purchase,5.0,1,2023-02-11,
832,U1318,4947,Video Doorbell,Security,purchase,3.3,1,2023-06-29,
833,U0570,2889,Pool Heater,Outdoor,add_to_cart,,0,2024-10-05,
834,U1241,2170,Panini Press,Kitchen,purchase,4.4,1,2023-04-05,
835,U1221,3956,Built In Microwave,Kitchen,add_to_cart,,0,2024-05-01,
836,U1659,4420,Hair Straightener,Personal Care,view,,0,2024-02-05,153.0
837,U1146,2008,Smart Vacuum,Cleaning,view,,0,2024-03-15,240.0
838,U1093,3649,Angle Grinder,Tools,add_to_cart,,0,2024-07-11,
839,U0345,4053,Home Automation Controller,Networking,purchase,4.4,1,2024-07-11,
840,U1117,868,Waffle Maker,Kitchen,purchase,3.3,1,2024-01-24,
841,U0572,3261,Automatic Pet Water Fountain,Pet,view,,0,2024-01-17,210.0
842,U0173,1517,Slow Cooker,Kitchen,purchase,5.0,1,2024-08-29,
843,U1433,4585,Smart Hub,Networking,view,,0,2024-10-18,696.0
844,U0675,3524,Sprinkler System,Tools,purchase,3.4,1,2024-01-22,
845,U1367,738,Electric Oven,Kitchen,view,,0,2023-09-23,54.0
846,U1507,27,Pet Feeder,Pet,purchase,4.7,1,2023-04-18,
847,U1925,2796,Electric Tandoor,Kitchen,view,,0,2023-07-28,35.0
848,U1197,2918,Pet Feeder,Pet,view,,0,2023-12-27,114.0
849,U1705,2726,Air Quality Monitor,Smart Home,view,,0,2023-05-18,129.0
850,U1528,1217,Smart TV,Entertainment,purchase,3.0,1,2023-03-06,
851,U0628,1837,Portable Dishwasher,Cleaning,purchase,4.4,1,2023-09-26,
852,U0134,4845,Boot Warmer,Laundry,add_to_cart,,0,2024-11-28,
853,U0191,1449,Leaf Blower,Tools,add_to_cart,,0,2023-04-11,
854,U1716,4094,Roti Maker,Kitchen,purchase,4.2,1,2023-01-05,
855,U0071,1827,Trimmer,Personal Care,view,,0,2024-01-12,77.0
856,U1359,3772,Modem,Networking,purchase,4.5,1,2024-02-04,
857,U0170,3777,Table Fan,Climate,view,,0,2023-11-17,119.0
858,U1562,3188,Extension Cord,Power,add_to_cart,,0,2024-08-30,
859,U0649,3506,Stand Mixer,Kitchen,add_to_cart,,0,2023-08-31,
860,U1478,4669,Smart Bulb,Smart Home,wishlist,3.1,0,2024-08-30,
861,U1475,1098,Automatic Pet Water Fountain,Pet,purchase,4.5,1,2023-05-08,
862,U0620,1271,Kegerator,Hobby,purchase,4.1,1,2024-09-10,
863,U1452,4218,Wall Clock,Decor,view,,0,2024-11-11,21.0
864,U0399,2031,WiFi Extender,Networking,view,,0,2023-10-24,18.0
865,U0379,211,Countertop Dishwasher,Cleaning,view,,0,2023-10-10,4.0
866,U1016,452,Electric Vehicle Charger,Power,view,,0,2024-02-22,79.0
867,U0354,599,Pressure Washer,Cleaning,wishlist,3.6,0,2023-05-13,
868,U1812,3669,Streaming Device,Entertainment,purchase,4.2,1,2023-05-19,
869,U1896,2582,Meat Grinder,Kitchen,add_to_cart,,0,2024-11-13,
870,U1308,4498,Landline Phone,Smart Home,add_to_cart,,0,2023-05-13,
871,U0277,1808,Terrarium Heater,Pet,add_to_cart,,0,2023-10-22,
872,U1823,241,Slow Cooker,Kitchen,add_to_cart,,0,2024-12-19,
873,U1797,3288,Kegerator,Hobby,add_to_cart,,0,2024-11-08,
874,U0169,2365,Weather Station,Smart Home,wishlist,3.9,0,2023-01-28,
875,U1114,1814,Ice Crusher,Kitchen,add_to_cart,,0,2024-07-15,
876,U1534,3559,Attic Fan,Climate,add_to_cart,,0,2024-06-04,
877,U0306,635,Hedge Trimmer,Tools,view,,0,2024-07-01,366.0
878,U1403,4283,Floor Polisher,Cleaning,view,,0,2023-09-26,10.0
879,U0126,3537,Aquarium Filter,Pet,add_to_cart,,0,2023-05-26,
880,U0402,2152,Electric Mop,Cleaning,purchase,4.9,1,2023-09-10,
881,U1020,3053,Smart Lock,Security,view,,0,2024-02-26,222.0
882,U0414,617,Printer,Tools,add_to_cart,,0,2024-06-20,
883,U1769,3995,Sandwich Maker,Kitchen,view,,0,2024-07-19,0.0
884,U1950,2698,Mini Fridge,Kitchen,purchase,4.7,1,2023-05-12,
885,U0025,1189,Smart Bulb,Smart Home,view,,0,2023-09-29,11.0
886,U0892,2439,Carpet Cleaner,Cleaning,add_to_cart,,0,2023-11-07,
887,U0742,785,Angle Grinder,Tools,view,,0,2024-03-20,151.0
888,U1781,2364,Fan,Climate,view,,0,2024-01-29,54.0
889,U0492,2135,Ice Maker,Kitchen,view,,0,2023-04-05,101.0
890,U1703,1036,Hair Curler,Personal Care,add_to_cart,,0,2023-12-20,
891,U1058,1070,Blender,Kitchen,view,,0,2023-01-31,0.0
892,U1731,2709,Table Fan,Climate,view,,0,2024-05-18,292.0
893,U1064,1935,Attic Fan,Climate,purchase,4.3,1,2023-08-22,
894,U0011,3235,Portable Air Conditioner,Climate,view,,0,2024-05-04,211.0
895,U1818,668,Heating Pad,Personal Care,wishlist,3.5,0,2024-10-28,
896,U1881,4003,Electric Blanket,Personal Care,view,,0,2023-03-09,120.0
897,U0534,2429,Grill Microwave,Kitchen,purchase,1.9,1,2024-05-26,
898,U1099,4786,Smart Refrigerator,Kitchen,wishlist,4.7,0,2023-11-05,
899,U0606,3232,Wall Clock,Decor,add_to_cart,,0,2023-09-05,
900,U0904,50,Air Fryer,Kitchen,purchase,3.6,1,2024-06-03,
901,U1466,246,Modem,Networking,purchase,4.4,1,2023-02-08,
902,U1254,3919,Bidet Seat,Bathroom,view,,0,2023-05-10,208.0
903,U0546,3604,Heating Pad,Personal Care,purchase,4.3,1,2024-04-09,
904,U0032,2367,Soundbar,Entertainment,add_to_cart,,0,2023-03-13,
905,U1652,2365,Weather Station,Smart Home,purchase,4.2,1,2023-12-30,
906,U1304,4747,Streaming Device,Entertainment,add_to_cart,,0,2024-07-28,
907,U0769,2313,CCTV System,Security,purchase,4.3,1,2023-05-13,
908,U1515,3407,Electric Shaver,Personal Care,purchase,2.7,1,2024-10-20,
909,U1779,3858,Handheld Vacuum,Cleaning,view,,0,2023-12-30,107.0
910,U1527,4714,Tower Fan,Climate,view,,0,2024-07-02,27.0
911,U0419,3706,Modem,Networking,add_to_cart,,0,2023-02-11,
912,U1325,767,Router,Networking,purchase,3.7,1,2023-03-08,
913,U0597,518,Electric Grill,Kitchen,wishlist,3.7,0,2023-01-16,
914,U1185,1969,Sewing Machine,Hobby,view,,0,2023-08-10,17.0
915,U1819,1153,Pool Heater,Outdoor,view,,0,2023-01-16,413.0
916,U0513,4779,Foot Massager,Personal Care,purchase,3.7,1,2024-04-06,
917,U0396,1978,Hair Dryer,Personal Care,view,,0,2023-07-27,300.0
918,U0375,1602,WiFi Extender,Networking,view,,0,2024-10-20,504.0
919,U1180,2349,Pressure Washer,Cleaning,add_to_cart,,0,2024-06-21,
920,U0282,4629,Window Cleaner Robot,Cleaning,view,,0,2024-04-14,8.0
921,U1488,3825,Tower Fan,Climate,add_to_cart,,0,2024-05-23,
922,U1161,1528,Trash Compactor,Kitchen,wishlist,5.0,0,2024-10-12,
923,U0421,1890,Ice Cream Maker,Kitchen,purchase,4.4,1,2023-01-04,
924,U0147,931,Printer,Tools,view,,0,2023-08-10,459.0
925,U0206,3035,Treadmill,Fitness,view,,0,2023-02-15,34.0
926,U0595,2633,Booster Pump,Outdoor,purchase,4.4,1,2024-09-13,
927,U1597,3413,Epilator,Personal Care,add_to_cart,,0,2023-08-14,
928,U0703,2384,Clock,Decor,view,,0,2023-06-09,4.0
929,U1851,2854,Smart Air Conditioner,Climate,wishlist,3.2,0,2024-10-17,
930,U0461,1648,Kegerator,Hobby,add_to_cart,,0,2024-03-17,
931,U1066,1355,Central Air Conditioner,Climate,add_to_cart,,0,2023-07-08,
932,U0911,20,Freezer,Kitchen,view,,0,2023-05-09,107.0
933,U1422,2282,Roti Maker,Kitchen,add_to_cart,,0,2024-07-16,
934,U1684,2776,Pet Feeder,Pet,purchase,3.7,1,2024-04-13,
935,U1565,3195,Massage Chair,Personal Care,wishlist,4.6,0,2023-10-23,
936,U1456,261,Clock,Decor,wishlist,4.0,0,2024-09-15,
937,U1705,4333,Water Boiler,Kitchen,wishlist,5.0,0,2023-01-22,
938,U0582,4277,Tower Fan,Climate,wishlist,4.0,0,2023-02-03,
939,U0846,343,Ice Cream Maker,Kitchen,wishlist,2.5,0,2023-11-05,
940,U0110,1389,Network Attached Storage,Networking,view,,0,2023-02-27,20.0
941,U1136,2970,Vacuum Cleaner,Cleaning,purchase,4.5,1,2024-10-02,
942,U0337,4749,Smart Bulb,Smart Home,wishlist,3.3,0,2023-02-03,
943,U0026,3866,Smart Hub,Networking,add_to_cart,,0,2024-12-04,
944,U0150,257,Alarm Clock,Decor,purchase,4.8,1,2023-09-13,
945,U2000,3250,Electric Tandoor,Kitchen,view,,0,2024-08-06,211.0
946,U1065,1401,Portable Air Conditioner,Climate,view,,0,2024-02-07,40.0
947,U1925,3274,Bladeless Fan,Climate,wishlist,4.1,0,2024-01-16,
948,U1880,3713,Smart Refrigerator,Kitchen,view,,0,2024-05-25,52.0
949,U0249,1246,Rowing Machine,Fitness,view,,0,2023-05-20,75.0
950,U0087,842,Humidifier,Climate,purchase,4.8,1,2023-10-19,
951,U0193,690,Router,Networking,view,,0,2024-08-10,67.0
952,U0242,2382,Milk Frother,Kitchen,view,,0,2023-12-23,112.0
953,U0025,1064,Deep Fryer,Kitchen,view,,0,2024-12-15,30.0
954,U0232,2264,Kombucha Maker,Hobby,view,,0,2023-06-03,11.0
955,U0424,3405,Smart Plug,Smart Home,view,,0,2024-12-08,24.0
956,U1422,4274,Tower Fan,Climate,purchase,4.2,1,2023-02-02,
957,U0487,2895,Built In Microwave,Kitchen,view,,0,2023-12-04,284.0
958,U1492,1205,Home Theater System,Entertainment,view,,0,2024-08-12,59.0
959,U0807,1748,Smart Washer,Laundry,purchase,4.1,1,2024-01-17,
960,U1765,4674,Rice Cooker,Kitchen,wishlist,5.0,0,2024-07-03,
961,U0552,2449,Washer Dryer Combo,Laundry,wishlist,3.4,0,2023-07-25,
962,U0843,1778,Toaster Oven,Kitchen,wishlist,3.5,0,2024-11-13,
963,U1626,4981,Inverter,Power,view,,0,2024-02-29,289.0
964,U1127,1145,Air Cooler,Climate,view,,0,2024-11-23,469.0
965,U0242,1919,Convection Microwave,Kitchen,purchase,5.0,1,2023-09-28,
966,U0395,2293,Electric Toothbrush,Personal Care,view,,0,2023-07-01,120.0
967,U1660,4856,WiFi Extender,Networking,add_to_cart,,0,2024-06-08,
968,U1078,4781,Wine Cooler,Kitchen,add_to_cart,,0,2023-09-18,
969,U1841,1906,Coffee Grinder,Kitchen,view,,0,2024-05-05,23.0
970,U0450,3654,Aquarium Filter,Pet,add_to_cart,,0,2023-03-23,
971,U1639,2964,Terrarium Heater,Pet,add_to_cart,,0,2024-02-03,
972,U1825,3002,Terrarium Heater,Pet,add_to_cart,,0,2024-12-25,
973,U1274,979,Label Maker,Tools,purchase,3.6,1,2024-02-27,
974,U1246,1805,Bladeless Fan,Climate,purchase,4.2,1,2023-09-24,
975,U1147,1653,Water Filter,Bathroom,add_to_cart,,0,2024-09-12,
976,U1679,3843,Cooktop,Kitchen,view,,0,2023-11-07,254.0
977,U1085,4969,Mixer Grinder,Kitchen,add_to_cart,,0,2024-05-05,
978,U0548,4147,Hair Curler,Personal Care,view,,0,2023-01-01,1.0
979,U0675,60,Hair Straightener,Personal Care,view,,0,2024-07-24,85.0
980,U1746,4642,Smart Oven,Kitchen,view,,0,2023-06-26,10.0
981,U1637,4954,Pet Feeder,Pet,purchase,4.9,1,2023-02-01,
982,U0832,103,Massage Chair,Personal Care,add_to_cart,,0,2024-12-20,
983,U0536,1154,OTG Oven,Kitchen,add_to_cart,,0,2023-09-14,
984,U1061,391,Electric Pressure Cooker,Kitchen,view,,0,2023-08-26,169.0
985,U0166,2783,Door Intercom,Security,purchase,4.4,1,2023-06-27,
986,U1730,3653,Network Attached Storage,Networking,purchase,3.9,1,2024-11-21,
987,U0443,4108,Hair Dryer,Personal Care,add_to_cart,,0,2024-12-30,
988,U0843,3864,WiFi Extender,Networking,view,,0,2023-01-19,184.0
989,U0062,569,Countertop Dishwasher,Cleaning,purchase,4.1,1,2023-06-13,
990,U0579,4415,Alarm System,Security,purchase,3.0,1,2024-06-25,
991,U1636,910,Router,Networking,view,,0,2023-08-16,21.0
992,U0419,303,Towel Warmer,Bathroom,add_to_cart,,0,2023-11-03,
993,U1685,2990,Emergency Light,Security,add_to_cart,,0,2023-09-19,
994,U0136,1941,Home Automation Controller,Networking,view,,0,2023-11-26,150.0
995,U0476,2442,Toaster Oven,Kitchen,purchase,4.9,1,2024-02-07,
996,U1681,3738,Wall Clock,Decor,view,,0,2024-01-03,823.0
997,U0599,458,Water Flosser,Personal Care,view,,0,2024-02-15,48.0
998,U1654,4088,Video Doorbell,Security,view,,0,2023-06-15,37.0
999,U1433,961,Electric Blanket,Personal Care,purchase,5.0,1,2023-09-29,
1000,U0993,4595,Cooktop,Kitchen,view,,0,2024-01-19,120.0
1001,U0560,951,Built In Refrigerator,Kitchen,add_to_cart,,0,2023-06-19,
1002,U1949,251,Landline Phone,Smart Home,view,,0,2023-01-07,64.0
1003,U1851,2802,Terrarium Heater,Pet,add_to_cart,,0,2023-06-09,
1004,U1111,2826,Air Conditioner,Climate,view,,0,2024-07-14,90.0
1005,U0803,4165,Smart Air Conditioner,Climate,view,,0,2024-04-19,160.0
1006,U1801,3739,Built In Oven,Kitchen,add_to_cart,,0,2024-04-20,
1007,U0977,592,Foot Massager,Personal Care,add_to_cart,,0,2023-10-12,
1008,U0924,4118,Smart Bulb,Smart Home,add_to_cart,,0,2024-05-07,
1009,U0946,1066,Foot Massager,Personal Care,view,,0,2024-10-06,237.0
1010,U0882,1951,Electric Mop,Cleaning,view,,0,2023-11-23,21.0
1011,U0053,2838,Basement Dehumidifier,Outdoor,purchase,3.1,1,2024-10-08,
1012,U0242,2339,WiFi Extender,Networking,purchase,3.9,1,2023-07-01,
1013,U1438,1532,Electric Oven,Kitchen,view,,0,2023-12-02,73.0
1014,U1022,837,Massage Chair,Personal Care,view,,0,2024-08-03,113.0
1015,U0464,4434,Infrared Sauna,Fitness,add_to_cart,,0,2023-05-25,
1016,U0186,1535,Coffee Grinder,Kitchen,add_to_cart,,0,2024-12-08,
1017,U0568,1080,Baby Food Maker,Kitchen,view,,0,2024-09-23,34.0
1018,U0286,1309,RO Purifier,Bathroom,view,,0,2023-02-19,28.0
1019,U1949,4582,Exhaust Fan,Climate,add_to_cart,,0,2024-05-30,
1020,U1240,3609,Robot Vacuum,Cleaning,view,,0,2024-02-13,112.0
1021,U1978,1433,Television,Entertainment,add_to_cart,,0,2024-07-22,
1022,U0109,1819,Refrigerator,Kitchen,purchase,5.0,1,2024-11-15,
1023,U0502,1236,Built In Microwave,Kitchen,view,,0,2024-08-24,78.0
1024,U1505,4285,Leaf Blower,Tools,view,,0,2023-06-07,45.0
1025,U1137,4257,Electric Shaver,Personal Care,view,,0,2024-04-23,9.0
1026,U0130,1053,Ceiling Fan,Climate,view,,0,2023-08-06,3.0
1027,U1663,1511,Lint Remover,Laundry,add_to_cart,,0,2024-05-27,
1028,U1119,1039,Sump Pump,Outdoor,add_to_cart,,0,2023-05-01,
1029,U0548,2284,Built In Oven,Kitchen,view,,0,2024-12-05,39.0
1030,U1059,105,Home Server,Networking,purchase,4.2,1,2024-02-11,
1031,U0023,1517,Slow Cooker,Kitchen,purchase,5.0,1,2023-12-05,
1032,U1052,2069,Aquarium Heater,Pet,view,,0,2024-03-09,3.0
1033,U0891,3062,Boot Warmer,Laundry,view,,0,2024-06-28,212.0
1034,U0106,2770,Roti Maker,Kitchen,view,,0,2023-11-20,226.0
1035,U1621,611,Air Fryer,Kitchen,purchase,4.7,1,2023-12-03,
1036,U0672,3978,Sewing Machine,Hobby,purchase,2.9,1,2023-08-09,
1037,U1845,988,Sous Vide Cooker,Kitchen,view,,0,2024-12-21,163.0
1038,U1379,4044,Bread Maker,Kitchen,view,,0,2023-03-07,182.0
1039,U0646,2147,Crepe Maker,Kitchen,view,,0,2023-04-02,464.0
1040,U1348,2938,Built In Dishwasher,Kitchen,purchase,4.4,1,2023-08-18,
1041,U0600,377,Air Quality Monitor,Smart Home,view,,0,2024-10-05,27.0
1042,U0567,100,Bidet Seat,Bathroom,add_to_cart,,0,2023-09-11,
1043,U0580,3733,Food Processor,Kitchen,purchase,5.0,1,2024-01-31,
1044,U1260,2970,Vacuum Cleaner,Cleaning,purchase,3.3,1,2023-06-10,
1045,U0029,1753,Smart Speaker,Entertainment,purchase,4.8,1,2023-09-08,
1046,U0968,4675,Smart Thermostat,Climate,view,,0,2024-12-30,70.0
1047,U1284,2541,Solar Panel Inverter,Power,view,,0,2024-02-22,60.0
1048,U0823,1102,Steam Iron,Laundry,purchase,3.5,1,2023-08-24,
1049,U1324,2286,Water Heater,Bathroom,add_to_cart,,0,2023-12-16,
1050,U1144,2939,Coffee Grinder,Kitchen,wishlist,3.9,0,2023-03-24,
1051,U1816,2568,Elliptical Trainer,Fitness,wishlist,3.6,0,2023-07-08,
1052,U1738,2960,Smart Plug,Smart Home,view,,0,2023-03-02,132.0
1053,U0864,1230,Hair Curler,Personal Care,purchase,3.3,1,2023-02-27,
1054,U1932,1812,Water Pump,Outdoor,add_to_cart,,0,2023-03-30,
1055,U0802,4761,Angle Grinder,Tools,purchase,4.9,1,2024-10-07,
1056,U1545,3434,Label Maker,Tools,add_to_cart,,0,2024-04-27,
1057,U1341,2662,Vacuum Cleaner,Cleaning,view,,0,2024-01-24,101.0
1058,U0967,3237,UV Water Purifier,Bathroom,wishlist,3.9,0,2023-08-09,
1059,U1280,981,Electric Grill,Kitchen,view,,0,2023-09-26,53.0
1060,U1261,2250,Robot Vacuum,Cleaning,add_to_cart,,0,2024-03-24,
1061,U0503,192,WiFi Extender,Networking,add_to_cart,,0,2023-12-14,
1062,U0563,3029,Gas Stove,Kitchen,view,,0,2024-06-01,267.0
1063,U1840,3888,Misting Fan,Climate,view,,0,2023-01-08,79.0
1064,U1553,4828,Grill Microwave,Kitchen,view,,0,2023-07-06,151.0
1065,U1459,4498,Landline Phone,Smart Home,purchase,5.0,1,2024-10-30,
1066,U0049,3183,Pet Feeder,Pet,view,,0,2024-07-23,69.0
1067,U1207,2699,Ceiling Fan,Climate,view,,0,2024-10-14,164.0
1068,U1837,52,Home Automation Controller,Networking,add_to_cart,,0,2024-03-14,
1069,U0586,2643,Electric Mop,Cleaning,purchase,5.0,1,2024-09-02,
1070,U1469,1363,Electric Kettle,Kitchen,add_to_cart,,0,2024-10-21,
1071,U1524,82,Home Server,Networking,view,,0,2024-03-20,80.0
1072,U0441,4912,Hot Plate,Kitchen,add_to_cart,,0,2023-11-23,
1073,U0075,1036,Hair Curler,Personal Care,view,,0,2023-10-11,272.0
1074,U0606,3125,Water Boiler,Kitchen,wishlist,4.4,0,2023-06-22,
1075,U1126,62,Jacuzzi Pump,Bathroom,view,,0,2024-09-29,70.0
1076,U1800,2302,Lint Remover,Laundry,view,,0,2023-05-27,109.0
1077,U0824,2249,Bread Maker,Kitchen,view,,0,2024-05-07,8.0
1078,U0869,3010,Electric Shaver,Personal Care,view,,0,2024-08-05,328.0
1079,U0103,3476,Smart Refrigerator,Kitchen,add_to_cart,,0,2024-01-19,
1080,U0936,1567,Bladeless Fan,Climate,view,,0,2024-12-08,96.0
1081,U1296,33,Hot Plate,Kitchen,add_to_cart,,0,2023-05-20,
1082,U1226,4361,Landline Phone,Smart Home,purchase,5.0,1,2024-05-10,
1083,U1393,1223,Label Maker,Tools,purchase,5.0,1,2024-03-30,
1084,U1380,3987,Air Conditioner,Climate,view,,0,2024-04-20,194.0
1085,U0599,1819,Refrigerator,Kitchen,view,,0,2023-07-07,138.0
1086,U1152,1982,Power Strip,Power,purchase,3.8,1,2024-04-10,
1087,U0538,845,Solo Microwave,Kitchen,purchase,4.9,1,2024-12-04,
1088,U1019,4410,Deep Fryer,Kitchen,purchase,4.6,1,2024-06-15,
1089,U0028,3441,Smart Refrigerator,Kitchen,add_to_cart,,0,2024-05-13,
1090,U0678,3183,Pet Feeder,Pet,add_to_cart,,0,2024-09-03,
1091,U1036,2134,Massage Chair,Personal Care,add_to_cart,,0,2024-09-02,
1092,U0515,1699,Range Hood,Kitchen,add_to_cart,,0,2023-11-04,
1093,U0980,2501,Angle Grinder,Tools,purchase,2.8,1,2024-07-02,
1094,U0633,2647,Smart TV,Entertainment,view,,0,2024-04-02,19.0
1095,U1514,2278,Bidet Seat,Bathroom,add_to_cart,,0,2024-09-21,
1096,U1723,3285,Toaster Oven,Kitchen,view,,0,2024-04-20,23.0
1097,U0087,9,Printer,Tools,purchase,3.5,1,2023-04-11,
1098,U1334,2303,WiFi Extender,Networking,wishlist,3.8,0,2024-05-10,
1099,U0445,3006,Heating Pad,Personal Care,view,,0,2023-02-04,10.0
1100,U0114,693,Router,Networking,view,,0,2024-11-22,29.0
1101,U1732,3533,Home Automation Controller,Networking,purchase,4.8,1,2024-04-10,
1102,U0103,4350,Smart Dryer,Laundry,view,,0,2023-07-17,38.0
1103,U0248,1556,Humidifier,Climate,view,,0,2023-05-05,3.0
1104,U0231,4871,Jacuzzi Pump,Bathroom,purchase,3.7,1,2023-12-20,
1105,U1583,770,Clock,Decor,add_to_cart,,0,2024-05-16,
1106,U0499,2139,Hair Curler,Personal Care,view,,0,2023-01-12,255.0
1107,U1489,1451,Hot Dog Maker,Kitchen,view,,0,2024-01-26,54.0
1108,U1272,3640,Digital Photo Frame,Entertainment,purchase,5.0,1,2024-03-22,
1109,U1974,4215,Electric Blanket,Personal Care,add_to_cart,,0,2023-11-18,
1110,U1429,3985,Elliptical Trainer,Fitness,add_to_cart,,0,2023-03-03,
1111,U1254,4844,Water Flosser,Personal Care,view,,0,2023-07-20,61.0
1112,U1391,2460,Speakers,Entertainment,view,,0,2023-05-10,233.0
1113,U0584,2334,Humidifier,Climate,view,,0,2023-05-05,83.0
1114,U1129,3959,Induction Oven,Kitchen,purchase,5.0,1,2024-07-14,
1115,U1408,1456,Window Cleaner Robot,Cleaning,view,,0,2024-03-15,61.0
1116,U1607,2088,Pet Feeder,Pet,wishlist,4.6,0,2024-07-07,
1117,U0419,291,Lawn Mower,Tools,view,,0,2023-01-01,91.0
1118,U0800,3618,Home Automation Controller,Networking,purchase,4.1,1,2023-04-26,
1119,U0354,1475,Sprinkler System,Tools,purchase,3.5,1,2023-05-10,
1120,U0825,201,Fermentation Crock,Hobby,view,,0,2024-08-25,155.0
1121,U0854,1641,Power Strip,Power,wishlist,3.9,0,2023-07-13,
1122,U1767,313,Bread Maker,Kitchen,view,,0,2023-05-18,224.0
1123,U1660,336,Water Filter,Bathroom,view,,0,2023-08-14,121.0
1124,U1716,3258,Security Camera,Security,view,,0,2023-09-17,32.0
1125,U0480,3937,Booster Pump,Outdoor,view,,0,2023-01-21,31.0
1126,U1910,1673,Angle Grinder,Tools,add_to_cart,,0,2023-12-21,
1127,U1554,3000,Waffle Maker,Kitchen,purchase,3.3,1,2024-12-23,
1128,U1843,4814,Solo Microwave,Kitchen,purchase,4.2,1,2023-03-03,
1129,U1900,3805,Air Quality Monitor,Smart Home,wishlist,5.0,0,2023-02-14,
1130,U1894,557,Vacuum Cleaner,Cleaning,purchase,4.0,1,2023-07-25,
1131,U0258,4358,Kombucha Maker,Hobby,purchase,2.4,1,2023-02-09,
1132,U1924,2383,Bathroom Exhaust Fan,Bathroom,view,,0,2023-07-17,100.0
1133,U1414,137,Knitting Machine,Hobby,purchase,3.3,1,2023-08-13,
1134,U1455,1928,Alarm Clock,Decor,wishlist,5.0,0,2024-09-09,
1135,U1963,1610,Air Quality Monitor,Smart Home,purchase,3.4,1,2023-07-31,
1136,U0934,690,Router,Networking,view,,0,2023-08-07,219.0
1137,U0075,3364,Pet Feeder,Pet,add_to_cart,,0,2024-06-13,
1138,U0011,182,Central Vacuum System,Cleaning,purchase,3.1,1,2023-01-07,
1139,U0629,4401,Lint Remover,Laundry,view,,0,2023-07-08,382.0
1140,U1627,3730,Terrarium Heater,Pet,view,,0,2024-04-17,44.0
1141,U0129,4580,Electric Grill,Kitchen,view,,0,2023-09-28,35.0
1142,U0348,4752,Portable Dishwasher,Cleaning,purchase,3.7,1,2024-05-02,
1143,U0491,2489,Drip Coffee Maker,Kitchen,view,,0,2023-12-27,179.0
1144,U1808,3487,Built In Microwave,Kitchen,add_to_cart,,0,2024-01-11,
1145,U1921,1746,Robot Vacuum,Cleaning,view,,0,2023-12-22,34.0
1146,U0631,490,Smart Plug,Smart Home,view,,0,2023-12-12,40.0
1147,U0437,115,Hair Straightener,Personal Care,purchase,4.7,1,2023-09-07,
1148,U1579,2445,Smart Dryer,Laundry,view,,0,2023-10-27,1.0
1149,U1830,3478,Basement Dehumidifier,Outdoor,add_to_cart,,0,2023-01-18,
1150,U0108,1662,Leaf Blower,Tools,add_to_cart,,0,2024-10-23,
1151,U0041,4694,Rowing Machine,Fitness,view,,0,2024-04-07,196.0
1152,U0263,3632,Air Quality Monitor,Smart Home,view,,0,2023-04-18,8.0
1153,U1161,219,Home Brewing Kit,Hobby,view,,0,2023-06-21,35.0
1154,U0886,1932,Kombucha Maker,Hobby,view,,0,2024-08-18,151.0
1155,U0176,4575,Electric Stove,Kitchen,view,,0,2023-02-12,161.0
1156,U1146,4248,Air Purifier,Climate,view,,0,2023-08-07,21.0
1157,U0524,1865,Leaf Blower,Tools,add_to_cart,,0,2024-02-14,
1158,U1358,4816,Fabric Shaver,Laundry,view,,0,2023-10-17,238.0
1159,U1880,1748,Smart Washer,Laundry,purchase,3.6,1,2024-01-13,
1160,U1916,1685,Aquarium Filter,Pet,add_to_cart,,0,2023-12-15,
1161,U0837,1993,Scanner,Tools,add_to_cart,,0,2023-07-10,
1162,U1212,3050,Network Attached Storage,Networking,view,,0,2024-12-25,85.0
1163,U1446,1759,Smart Plug,Smart Home,view,,0,2024-11-23,41.0
1164,U0975,1855,Electric Grill,Kitchen,wishlist,5.0,0,2024-04-27,
1165,U0661,469,Clock,Decor,view,,0,2023-12-09,13.0
1166,U0078,2035,Bottle Sterilizer,Kitchen,view,,0,2024-10-31,131.0
1167,U1278,3567,Emergency Light,Security,add_to_cart,,0,2023-11-05,
1168,U0955,2086,Tankless Water Heater,Bathroom,add_to_cart,,0,2024-10-22,
1169,U0391,4541,Iron,Laundry,add_to_cart,,0,2024-05-06,
1170,U0494,614,Coffee Maker,Kitchen,purchase,4.4,1,2024-10-25,
1171,U1785,667,Jacuzzi Pump,Bathroom,view,,0,2024-05-21,73.0
1172,U1027,3205,UPS,Power,purchase,4.6,1,2023-01-15,
1173,U1210,1967,Smart Thermostat,Climate,wishlist,4.8,0,2024-04-25,
1174,U1219,1091,Smart Bulb,Smart Home,view,,0,2023-01-30,139.0
1175,U0722,1138,Gaming Console,Entertainment,purchase,3.0,1,2023-09-19,
1176,U0558,641,Massage Chair,Personal Care,view,,0,2024-07-02,61.0
1177,U1090,4133,Portable Dishwasher,Cleaning,view,,0,2024-09-11,84.0
1178,U1107,1889,Smart Switch,Smart Home,purchase,5.0,1,2023-04-03,
1179,U1613,3415,Built In Oven,Kitchen,purchase,3.6,1,2023-12-06,
1180,U1006,1603,Electric Toothbrush,Personal Care,view,,0,2023-04-21,176.0
1181,U1490,1046,Air Fryer,Kitchen,purchase,4.3,1,2023-01-29,
1182,U0282,2188,Bathroom Exhaust Fan,Bathroom,view,,0,2024-03-10,85.0
1183,U0105,3209,Slush Machine,Hobby,view,,0,2024-12-29,173.0
1184,U0104,2085,Electric Fireplace,Climate,purchase,4.2,1,2024-01-18,
1185,U0689,1275,Table Fan,Climate,view,,0,2024-12-07,75.0
1186,U1024,4567,Carbon Monoxide Detector,Security,add_to_cart,,0,2024-12-22,
1187,U0956,1834,Boot Warmer,Laundry,view,,0,2023-01-04,16.0
1188,U1092,4791,Alarm Clock,Decor,purchase,5.0,1,2023-06-29,
1189,U0414,1953,RO Purifier,Bathroom,view,,0,2024-01-17,11.0
1190,U0259,4269,Pool Pump,Outdoor,view,,0,2024-01-03,78.0
1191,U1343,4794,Smart Garage Door Opener,Security,view,,0,2024-01-10,26.0
1192,U0651,1802,Portable Air Conditioner,Climate,purchase,4.2,1,2024-08-26,
1193,U0279,834,Clothesline Dryer,Laundry,add_to_cart,,0,2023-12-14,
1194,U1188,3996,Rowing Machine,Fitness,purchase,5.0,1,2024-11-21,
1195,U0652,955,Aquarium Heater,Pet,view,,0,2023-10-04,187.0
1196,U0927,2777,Egg Cooker,Kitchen,purchase,4.1,1,2023-11-24,
1197,U0804,4120,Washing Machine,Laundry,add_to_cart,,0,2023-09-29,
1198,U0109,497,Smart Bulb,Smart Home,view,,0,2024-02-04,47.0
1199,U1300,3819,Kombucha Maker,Hobby,purchase,3.5,1,2023-06-21,
1200,U1078,746,Pressure Cooker,Kitchen,purchase,4.8,1,2024-09-09,
1201,U0956,3859,Dough Maker,Kitchen,purchase,4.3,1,2023-08-25,
1202,U1716,1052,Citrus Juicer,Kitchen,purchase,3.6,1,2024-11-12,
1203,U0982,3014,Rowing Machine,Fitness,purchase,5.0,1,2023-11-13,
1204,U0257,2286,Water Heater,Bathroom,purchase,5.0,1,2024-07-05,
1205,U0590,3968,Scanner,Tools,purchase,4.1,1,2023-03-22,
1206,U0314,1936,Yogurt Maker,Kitchen,add_to_cart,,0,2023-03-31,
1207,U1888,4718,Electric Blanket,Personal Care,view,,0,2024-11-15,13.0
1208,U1994,571,Fabric Shaver,Laundry,view,,0,2024-05-08,122.0
1209,U0498,623,Bathroom Exhaust Fan,Bathroom,purchase,4.8,1,2023-03-15,
1210,U1692,2203,Egg Cooker,Kitchen,add_to_cart,,0,2023-03-25,
1211,U0169,2057,Stand Mixer,Kitchen,add_to_cart,,0,2024-11-28,
1212,U0605,1193,Pool Pump,Outdoor,add_to_cart,,0,2023-07-27,
1213,U1122,1475,Sprinkler System,Tools,add_to_cart,,0,2023-04-25,
1214,U0574,4359,Trimmer,Personal Care,purchase,4.2,1,2023-12-19,
1215,U1426,1055,Carpet Cleaner,Cleaning,purchase,5.0,1,2024-02-03,
1216,U0392,3426,Trash Compactor,Kitchen,wishlist,4.4,0,2023-11-25,
1217,U1976,3042,Door Intercom,Security,view,,0,2023-08-15,91.0
1218,U0507,3635,Electric Shaver,Personal Care,add_to_cart,,0,2023-09-09,
1219,U1146,4825,Electric Mop,Cleaning,wishlist,5.0,0,2023-02-25,
1220,U1414,3622,Robot Vacuum,Cleaning,add_to_cart,,0,2023-05-16,
1221,U1084,911,Water Heater,Bathroom,purchase,3.9,1,2024-07-20,
1222,U0446,3077,Electric Skillet,Kitchen,wishlist,2.8,0,2023-09-15,
1223,U1674,4474,Projector,Entertainment,view,,0,2024-07-29,217.0
1224,U0146,1505,Can Opener,Kitchen,purchase,4.2,1,2024-02-11,
1225,U1306,3211,Set Top Box,Entertainment,purchase,3.5,1,2023-06-21,
1226,U1805,4219,Clock,Decor,view,,0,2024-10-28,70.0
1227,U0471,3614,Sewing Machine,Hobby,purchase,5.0,1,2023-01-08,
1228,U1637,2571,Wall Clock,Decor,view,,0,2023-12-16,51.0
1229,U0412,1495,Emergency Light,Security,view,,0,2023-11-18,59.0
1230,U1023,188,Smart Curtain Motor,Smart Home,view,,0,2023-07-15,43.0
1231,U1801,3841,Clock,Decor,view,,0,2024-01-22,35.0
1232,U0432,2437,Hair Dryer,Personal Care,add_to_cart,,0,2023-10-03,
1233,U0930,230,Smart Switch,Smart Home,purchase,4.9,1,2024-05-24,
1234,U1236,424,Countertop Dishwasher,Cleaning,wishlist,3.8,0,2023-07-03,
1235,U0401,1577,Hair Straightener,Personal Care,add_to_cart,,0,2023-06-23,
1236,U0662,1969,Sewing Machine,Hobby,add_to_cart,,0,2024-12-28,
1237,U1958,2812,Chapati Maker,Kitchen,purchase,3.7,1,2024-08-16,
1238,U1322,2798,Central Air Conditioner,Climate,view,,0,2024-11-17,17.0
1239,U1964,3211,Set Top Box,Entertainment,add_to_cart,,0,2023-01-24,
1240,U0415,2382,Milk Frother,Kitchen,add_to_cart,,0,2024-11-03,
1241,U1760,994,Blender,Kitchen,wishlist,3.8,0,2023-03-05,
1242,U1799,4405,Weather Station,Smart Home,purchase,3.3,1,2023-06-08,
1243,U1325,2626,Cotton Candy Machine,Hobby,view,,0,2023-02-03,39.0
1244,U1373,3013,Aquarium Filter,Pet,wishlist,5.0,0,2023-11-09,
1245,U1297,205,Smart Hub,Networking,view,,0,2023-12-29,63.0
1246,U0061,4356,Trash Compactor,Kitchen,add_to_cart,,0,2024-04-25,
1247,U1478,608,Rice Cooker,Kitchen,add_to_cart,,0,2023-05-29,
1248,U1799,4318,Smart TV,Entertainment,view,,0,2023-03-03,38.0
1249,U0433,3357,Smart Air Conditioner,Climate,view,,0,2023-05-21,32.0
1250,U0007,4191,Smart Garage Door Opener,Security,purchase,3.9,1,2023-10-22,
1251,U1052,3416,Smart Dryer,Laundry,view,,0,2024-10-28,84.0
1252,U1008,3770,Smart Switch,Smart Home,view,,0,2023-12-29,127.0
1253,U1052,3745,Label Maker,Tools,view,,0,2024-08-15,235.0
1254,U1086,1715,Extension Cord,Power,add_to_cart,,0,2023-09-23,
1255,U0809,1390,Home Automation Controller,Networking,view,,0,2023-09-11,579.0
1256,U1107,2931,Pool Heater,Outdoor,view,,0,2023-11-19,43.0
1257,U1997,4086,Blender,Kitchen,wishlist,3.8,0,2023-09-02,
1258,U1078,4567,Carbon Monoxide Detector,Security,view,,0,2023-03-05,66.0
1259,U0613,3030,Smart Plug,Smart Home,view,,0,2023-09-12,47.0
1260,U0154,2292,Tankless Water Heater,Bathroom,add_to_cart,,0,2023-09-17,
1261,U0046,1332,Aquarium Heater,Pet,add_to_cart,,0,2024-03-17,
1262,U1566,3086,Weather Station,Smart Home,view,,0,2023-04-26,163.0
1263,U0830,4918,Automatic Pet Water Fountain,Pet,view,,0,2024-09-04,21.0
1264,U1814,982,Power Strip,Power,purchase,4.3,1,2023-03-27,
1265,U1578,2180,Clothes Dryer,Laundry,add_to_cart,,0,2024-07-27,
1266,U1564,3489,Clock,Decor,add_to_cart,,0,2023-06-30,
1267,U0533,3770,Smart Switch,Smart Home,view,,0,2023-01-02,45.0
1268,U0490,1142,Built In Oven,Kitchen,view,,0,2024-10-14,73.0
1269,U0613,4816,Fabric Shaver,Laundry,view,,0,2024-08-28,64.0
1270,U1093,1834,Boot Warmer,Laundry,view,,0,2024-12-03,4.0
1271,U1827,2765,Induction Cooktop,Kitchen,add_to_cart,,0,2023-07-17,
1272,U0709,3785,Leaf Blower,Tools,wishlist,4.5,0,2023-11-21,
1273,U1919,1227,Hair Curler,Personal Care,view,,0,2024-05-16,82.0
1274,U1587,3260,Attic Fan,Climate,view,,0,2024-01-29,129.0
1275,U0322,4968,Steam Iron,Laundry,purchase,4.6,1,2024-01-04,
1276,U1158,401,Video Doorbell,Security,view,,0,2023-05-24,3.0
1277,U1177,2244,Geyser,Bathroom,add_to_cart,,0,2024-09-22,
1278,U0023,4294,Cooktop,Kitchen,view,,0,2023-08-27,143.0
1279,U0641,3096,Steam Cleaner,Cleaning,add_to_cart,,0,2023-08-08,
1280,U1614,2863,Exhaust Fan,Climate,view,,0,2024-03-14,398.0
1281,U0871,3450,Iron,Laundry,purchase,4.2,1,2024-06-05,
1282,U1715,4918,Automatic Pet Water Fountain,Pet,purchase,4.0,1,2024-04-09,
1283,U1866,3389,Toaster Oven,Kitchen,view,,0,2023-10-15,40.0
1284,U1235,2220,Smart Oven,Kitchen,add_to_cart,,0,2024-03-02,
1285,U1090,2292,Tankless Water Heater,Bathroom,purchase,4.7,1,2023-07-21,
1286,U0396,2189,Pool Pump,Outdoor,wishlist,4.3,0,2024-04-02,
1287,U1870,4359,Trimmer,Personal Care,purchase,3.8,1,2023-08-21,
1288,U1985,3019,Hair Curler,Personal Care,add_to_cart,,0,2023-10-16,
1289,U1884,1319,Electric Vehicle Charger,Power,add_to_cart,,0,2024-06-15,
1290,U1950,4557,Water Pump,Outdoor,add_to_cart,,0,2023-02-08,
1291,U0830,4960,Aquarium Filter,Pet,view,,0,2023-08-12,2.0
1292,U1779,3861,Deep Fryer,Kitchen,add_to_cart,,0,2023-12-15,
1293,U1634,1001,Pet Feeder,Pet,view,,0,2024-04-23,173.0
1294,U0880,1024,Electric Stove,Kitchen,purchase,3.1,1,2023-07-30,
1295,U0180,1342,Dishwasher,Cleaning,view,,0,2023-04-13,39.0
1296,U0419,731,Smart Oven,Kitchen,view,,0,2024-07-20,31.0
1297,U0986,3963,Electric Skillet,Kitchen,view,,0,2024-12-21,37.0
1298,U1742,2262,Air Quality Monitor,Smart Home,view,,0,2023-02-09,105.0
1299,U1358,1674,Foot Massager,Personal Care,purchase,5.0,1,2023-06-28,
1300,U1928,440,Ice Cream Maker,Kitchen,purchase,2.0,1,2023-02-02,
1301,U1060,2759,Sandwich Maker,Kitchen,view,,0,2023-07-22,79.0
1302,U0137,1128,Sump Pump,Outdoor,add_to_cart,,0,2023-10-06,
1303,U0246,2101,Home Server,Networking,view,,0,2024-03-23,178.0
1304,U1271,777,Clock,Decor,wishlist,5.0,0,2023-01-16,
1305,U0432,1384,Robot Vacuum,Cleaning,wishlist,4.5,0,2023-03-14,
1306,U1169,3254,Smart Switch,Smart Home,view,,0,2023-03-31,37.0
1307,U1393,4311,Vacuum Sealer,Kitchen,add_to_cart,,0,2023-06-23,
1308,U0715,1376,Countertop Dishwasher,Cleaning,purchase,3.1,1,2023-01-17,
1309,U1155,102,Electric Knife,Kitchen,view,,0,2023-09-12,49.0
1310,U1164,4156,Electric Kettle,Kitchen,wishlist,2.6,0,2023-03-31,
1311,U0308,4059,Home Server,Networking,view,,0,2023-05-07,17.0
1312,U0337,2290,Smart Lock,Security,add_to_cart,,0,2023-03-18,
1313,U0161,2645,Wall Clock,Decor,purchase,5.0,1,2023-03-12,
1314,U1490,648,Label Maker,Tools,add_to_cart,,0,2023-03-22,
1315,U1113,166,Landline Phone,Smart Home,wishlist,2.5,0,2023-01-20,
1316,U1529,3140,Weather Station,Smart Home,add_to_cart,,0,2023-10-03,
1317,U1608,3959,Induction Oven,Kitchen,purchase,4.9,1,2024-01-16,
1318,U1302,138,Built In Microwave,Kitchen,add_to_cart,,0,2024-01-19,
1319,U1094,577,3D Printer,Hobby,add_to_cart,,0,2023-06-28,
1320,U1248,3941,Water Boiler,Kitchen,view,,0,2024-03-31,23.0
1321,U1574,866,Fabric Shaver,Laundry,purchase,4.6,1,2024-01-30,
1322,U0560,4083,Sprinkler System,Tools,view,,0,2024-09-05,168.0
1323,U1653,2326,Electric Shaver,Personal Care,add_to_cart,,0,2023-02-18,
1324,U1103,1939,Smart Switch,Smart Home,add_to_cart,,0,2024-03-14,
1325,U0673,3030,Smart Plug,Smart Home,add_to_cart,,0,2023-07-04,
1326,U0159,4319,Smart Switch,Smart Home,view,,0,2024-04-25,11.0
1327,U1806,2798,Central Air Conditioner,Climate,view,,0,2023-07-20,56.0
1328,U1674,4209,Rowing Machine,Fitness,add_to_cart,,0,2024-06-08,
1329,U0730,2092,Built In Dishwasher,Kitchen,purchase,4.1,1,2024-04-19,
1330,U1595,987,Electric Knife,Kitchen,view,,0,2023-11-25,115.0
1331,U0898,192,WiFi Extender,Networking,view,,0,2023-03-20,4.0
1332,U0458,4459,Electric Mop,Cleaning,purchase,4.4,1,2023-12-29,
1333,U1169,2465,Lint Remover,Laundry,view,,0,2023-06-28,836.0
1334,U1962,1649,Smart Switch,Smart Home,view,,0,2024-12-06,30.0
1335,U1231,2373,3D Printer,Hobby,add_to_cart,,0,2023-11-15,
1336,U0754,1603,Electric Toothbrush,Personal Care,purchase,3.6,1,2024-11-06,
1337,U0666,1318,Space Heater,Climate,purchase,4.6,1,2023-11-11,
1338,U1586,1067,Hand Mixer,Kitchen,add_to_cart,,0,2024-09-05,
1339,U0612,539,Bathroom Exhaust Fan,Bathroom,purchase,4.8,1,2023-02-13,
1340,U0861,2778,Trash Compactor,Kitchen,view,,0,2024-10-15,36.0
1341,U0510,342,Hair Curler,Personal Care,purchase,4.2,1,2023-08-10,
1342,U1516,3668,Smart Refrigerator,Kitchen,add_to_cart,,0,2024-11-18,
1343,U0651,4273,Attic Fan,Climate,wishlist,4.1,0,2023-07-25,
1344,U1915,3469,WiFi Extender,Networking,view,,0,2023-02-15,171.0
1345,U1135,1160,Exhaust Fan,Climate,view,,0,2024-06-11,87.0
1346,U2000,98,Lawn Mower,Tools,add_to_cart,,0,2024-07-18,
1347,U0135,4345,Convection Microwave,Kitchen,view,,0,2023-11-20,215.0
1348,U0135,2094,Electric Stove,Kitchen,view,,0,2024-10-29,46.0
1349,U1055,1839,Slush Machine,Hobby,wishlist,4.7,0,2023-08-30,
1350,U0437,4960,Aquarium Filter,Pet,view,,0,2024-09-18,113.0
1351,U0099,4924,Panini Press,Kitchen,view,,0,2024-04-23,216.0
1352,U0440,2965,Terrarium Heater,Pet,view,,0,2023-04-24,212.0
1353,U0825,2741,Aquarium Filter,Pet,view,,0,2023-10-04,42.0
1354,U0499,41,Router,Networking,purchase,4.5,1,2024-07-20,
1355,U1942,4557,Water Pump,Outdoor,view,,0,2024-03-02,119.0
1356,U0675,4439,Chainsaw,Tools,purchase,3.0,1,2023-08-05,
1357,U0400,631,Dishwasher,Cleaning,wishlist,4.1,0,2023-05-07,
1358,U0365,2267,Carpet Cleaner,Cleaning,add_to_cart,,0,2023-02-04,
1359,U1979,2746,Weather Station,Smart Home,view,,0,2023-06-17,112.0
1360,U1078,300,Food Dehydrator,Kitchen,view,,0,2024-05-07,34.0
1361,U1220,2389,Emergency Light,Security,add_to_cart,,0,2023-05-03,
1362,U0459,2818,Iron,Laundry,view,,0,2023-07-07,10.0
1363,U1095,494,Can Opener,Kitchen,add_to_cart,,0,2023-07-26,
1364,U0809,998,Smart Air Conditioner,Climate,add_to_cart,,0,2023-05-14,
1365,U1779,2592,Mini Fridge,Kitchen,purchase,3.5,1,2023-06-25,
1366,U0387,2462,Hair Curler,Personal Care,view,,0,2024-10-03,36.0
1367,U0775,261,Clock,Decor,view,,0,2024-03-12,23.0
1368,U1962,4307,Smoke Detector,Security,wishlist,4.8,0,2023-03-21,
1369,U0424,1532,Electric Oven,Kitchen,add_to_cart,,0,2024-08-25,
1370,U1320,4678,Smart Washer,Laundry,view,,0,2023-09-29,76.0
1371,U1875,4491,Fan,Climate,view,,0,2023-03-24,295.0
1372,U1077,1238,Freezer,Kitchen,add_to_cart,,0,2023-09-05,
1373,U0211,96,Electric Shaver,Personal Care,view,,0,2023-08-02,14.0
1374,U1541,614,Coffee Maker,Kitchen,view,,0,2024-06-13,9.0
1375,U0002,223,Gas Stove,Kitchen,add_to_cart,,0,2024-07-02,
1376,U0341,4551,Air Conditioner,Climate,wishlist,3.5,0,2023-01-19,
1377,U1011,1527,Weather Station,Smart Home,purchase,4.6,1,2024-11-24,
1378,U1294,3809,Hair Dryer,Personal Care,wishlist,4.7,0,2024-09-23,
1379,U1688,1419,Dough Maker,Kitchen,add_to_cart,,0,2024-03-27,
1380,U0747,3531,Lint Remover,Laundry,view,,0,2024-11-25,105.0
1381,U1285,1900,Streaming Device,Entertainment,purchase,3.1,1,2024-09-14,
1382,U1471,486,Vacuum Sealer,Kitchen,view,,0,2024-04-09,118.0
1383,U1964,257,Alarm Clock,Decor,purchase,4.5,1,2024-09-26,
1384,U0788,2741,Aquarium Filter,Pet,view,,0,2023-10-05,57.0
1385,U1264,1809,Pet Feeder,Pet,purchase,4.3,1,2024-08-14,
1386,U0372,532,Clothes Dryer,Laundry,add_to_cart,,0,2023-09-17,
1387,U1899,3737,Door Intercom,Security,add_to_cart,,0,2024-06-15,
1388,U1799,3968,Scanner,Tools,view,,0,2024-03-27,6.0
1389,U1767,2361,Pressure Washer,Cleaning,wishlist,4.4,0,2023-05-14,
1390,U1690,220,Water Pump,Outdoor,add_to_cart,,0,2024-07-27,
1391,U1680,1508,Pet Feeder,Pet,view,,0,2024-04-20,56.0
1392,U1960,2191,Weather Station,Smart Home,purchase,4.8,1,2024-07-04,
1393,U1615,4822,Automatic Pet Water Fountain,Pet,add_to_cart,,0,2023-12-19,
1394,U0866,2022,Hot Dog Maker,Kitchen,purchase,3.8,1,2024-05-04,
1395,U0589,1318,Space Heater,Climate,add_to_cart,,0,2023-09-08,
1396,U1329,1809,Pet Feeder,Pet,view,,0,2024-06-08,28.0
1397,U1329,3288,Kegerator,Hobby,add_to_cart,,0,2024-09-14,
1398,U0167,3845,Home Sauna,Fitness,purchase,5.0,1,2023-04-22,
1399,U1603,4577,Smart Refrigerator,Kitchen,purchase,4.2,1,2023-05-19,
1400,U1497,2780,Towel Warmer,Bathroom,add_to_cart,,0,2023-03-11,
1401,U1716,3230,Electric Oven,Kitchen,add_to_cart,,0,2024-10-19,
1402,U0714,3836,Floor Polisher,Cleaning,view,,0,2023-03-13,167.0
1403,U0909,166,Landline Phone,Smart Home,view,,0,2023-06-25,5.0
1404,U0278,2139,Hair Curler,Personal Care,purchase,4.1,1,2024-09-08,
1405,U1178,1437,Aquarium Filter,Pet,purchase,3.7,1,2023-08-30,
1406,U1924,3300,Smart Vacuum,Cleaning,purchase,4.7,1,2024-06-24,
1407,U1969,6,Electric Scooter Charger,Power,add_to_cart,,0,2023-05-09,
1408,U1632,2326,Electric Shaver,Personal Care,view,,0,2024-06-20,197.0
1409,U0842,2665,Hair Curler,Personal Care,purchase,5.0,1,2024-08-22,
1410,U1892,1491,Kegerator,Hobby,purchase,3.5,1,2024-03-05,
1411,U1069,2003,Wall Clock,Decor,purchase,1.9,1,2024-11-06,
1412,U0712,4015,Smoke Detector,Security,add_to_cart,,0,2023-10-26,
1413,U1599,1497,Smart Hub,Networking,view,,0,2023-01-17,89.0
1414,U1750,4598,Modem,Networking,view,,0,2023-10-16,40.0
1415,U0279,2093,Paper Shredder,Tools,view,,0,2024-01-30,179.0
1416,U0747,2998,Trash Compactor,Kitchen,add_to_cart,,0,2023-07-10,
1417,U0499,138,Built In Microwave,Kitchen,purchase,4.8,1,2024-11-18,
1418,U1992,3471,Smart Vacuum,Cleaning,purchase,2.1,1,2024-01-05,
1419,U1639,2988,Water Heater,Bathroom,add_to_cart,,0,2024-09-04,
1420,U1844,2421,Water Heater,Bathroom,add_to_cart,,0,2023-02-23,
1421,U1952,4622,Home Automation Controller,Networking,purchase,5.0,1,2023-03-15,
1422,U1689,2507,Wall Clock,Decor,view,,0,2024-09-06,23.0
1423,U1137,3033,Home Server,Networking,view,,0,2023-07-22,3.0
1424,U0617,3600,Blender,Kitchen,purchase,5.0,1,2024-06-05,
1425,U0198,4697,Landline Phone,Smart Home,add_to_cart,,0,2023-09-16,
1426,U1657,3293,Aquarium Heater,Pet,purchase,4.5,1,2024-01-05,
1427,U1477,4802,Robot Vacuum,Cleaning,view,,0,2023-05-16,180.0
1428,U0609,4516,Smart Air Conditioner,Climate,add_to_cart,,0,2023-06-08,
1429,U0067,2217,Hair Curler,Personal Care,view,,0,2024-10-07,170.0
1430,U1486,2139,Hair Curler,Personal Care,view,,0,2024-05-08,324.0
1431,U0744,2401,Garment Steamer,Laundry,purchase,4.9,1,2023-12-24,
1432,U0089,223,Gas Stove,Kitchen,wishlist,4.6,0,2024-08-05,
1433,U0310,3433,Rowing Machine,Fitness,view,,0,2024-04-19,16.0
1434,U1935,3015,Iron,Laundry,purchase,5.0,1,2023-06-22,
1435,U1588,3907,Electric Scooter Charger,Power,view,,0,2023-12-18,12.0
1436,U1669,1868,Network Attached Storage,Networking,purchase,3.3,1,2024-01-17,
1437,U0146,2153,Central Vacuum System,Cleaning,view,,0,2024-11-20,156.0
1438,U1489,3620,Smart Thermostat,Climate,purchase,4.5,1,2023-09-06,
1439,U1785,4510,Sprinkler System,Tools,view,,0,2023-08-03,125.0
1440,U1293,1128,Sump Pump,Outdoor,view,,0,2024-11-15,166.0
1441,U0685,609,Smart Air Conditioner,Climate,add_to_cart,,0,2023-10-12,
1442,U1081,4661,Foot Massager,Personal Care,view,,0,2023-10-12,26.0
1443,U0750,204,Smart Garage Door Opener,Security,wishlist,3.3,0,2023-08-16,
1444,U0897,4104,Sprinkler System,Tools,view,,0,2024-09-17,415.0
1445,U1882,3993,Modem,Networking,purchase,4.7,1,2024-06-03,
1446,U0464,4280,Kombucha Maker,Hobby,purchase,3.0,1,2024-08-30,
1447,U0254,4268,Smart TV,Entertainment,add_to_cart,,0,2023-04-15,
1448,U1715,2458,Robot Vacuum,Cleaning,view,,0,2024-05-09,2.0
1449,U0749,193,Water Heater,Bathroom,add_to_cart,,0,2024-12-15,
1450,U0672,2821,Label Maker,Tools,view,,0,2024-08-09,385.0
1451,U1658,4802,Robot Vacuum,Cleaning,purchase,5.0,1,2023-05-09,
1452,U1188,699,Chainsaw,Tools,add_to_cart,,0,2024-05-02,
1453,U1666,3300,Smart Vacuum,Cleaning,purchase,4.7,1,2023-10-12,
1454,U1457,3527,Kegerator,Hobby,view,,0,2024-10-25,74.0
1455,U0219,4747,Streaming Device,Entertainment,add_to_cart,,0,2023-09-21,
1456,U1074,2278,Bidet Seat,Bathroom,view,,0,2024-04-15,0.0
1457,U1903,3940,Air Quality Monitor,Smart Home,add_to_cart,,0,2023-06-27,
1458,U1285,2746,Weather Station,Smart Home,purchase,4.8,1,2023-08-09,
1459,U0018,1889,Smart Switch,Smart Home,purchase,5.0,1,2024-09-29,
1460,U1010,3735,Rice Cooker,Kitchen,purchase,3.8,1,2023-11-08,
1461,U1555,4220,Water Flosser,Personal Care,add_to_cart,,0,2023-01-30,
1462,U1034,1055,Carpet Cleaner,Cleaning,view,,0,2024-06-18,34.0
1463,U0222,3050,Network Attached Storage,Networking,purchase,3.2,1,2024-04-15,
1464,U0800,3577,Epilator,Personal Care,purchase,5.0,1,2023-10-15,
1465,U0252,3025,Deep Fryer,Kitchen,view,,0,2023-01-19,63.0
1466,U1061,2459,Kitchen Chimney,Kitchen,add_to_cart,,0,2024-01-09,
1467,U0906,747,Scanner,Tools,wishlist,2.4,0,2023-01-15,
1468,U1925,2991,Geyser,Bathroom,purchase,4.1,1,2024-01-23,
1469,U1631,219,Home Brewing Kit,Hobby,purchase,1.9,1,2023-05-11,
1470,U0626,3444,Home Sauna,Fitness,add_to_cart,,0,2024-09-28,
1471,U0425,2843,Hair Dryer,Personal Care,purchase,4.2,1,2024-07-03,
1472,U0663,1487,Smart Plug,Smart Home,wishlist,2.9,0,2023-10-06,
1473,U0480,4251,Mini Fridge,Kitchen,view,,0,2024-07-28,33.0
1474,U0365,852,Electric Knife,Kitchen,view,,0,2023-04-03,41.0
1475,U1264,4794,Smart Garage Door Opener,Security,view,,0,2023-05-23,143.0
1476,U1527,849,Hair Dryer,Personal Care,view,,0,2024-02-03,332.0
1477,U1323,3476,Smart Refrigerator,Kitchen,wishlist,3.8,0,2024-06-09,
1478,U1139,2151,Electric Scooter Charger,Power,purchase,5.0,1,2024-08-09,
1479,U0803,486,Vacuum Sealer,Kitchen,view,,0,2024-09-12,283.0
1480,U0294,2477,Food Processor,Kitchen,view,,0,2023-07-06,3.0
1481,U1193,2694,Milk Frother,Kitchen,add_to_cart,,0,2024-07-03,
1482,U0854,2786,Pet Feeder,Pet,add_to_cart,,0,2024-01-16,
1483,U1820,4321,Washer Dryer Combo,Laundry,wishlist,3.5,0,2023-07-19,
1484,U1585,2183,Foot Massager,Personal Care,purchase,4.0,1,2023-06-09,
1485,U0479,1010,Hot Dog Maker,Kitchen,add_to_cart,,0,2023-01-25,
1486,U0135,4141,Floor Polisher,Cleaning,wishlist,4.5,0,2024-06-08,
1487,U0332,4749,Smart Bulb,Smart Home,purchase,4.2,1,2023-04-16,
1488,U0073,2681,Induction Oven,Kitchen,add_to_cart,,0,2024-05-08,
1489,U0772,4483,Tankless Water Heater,Bathroom,view,,0,2023-04-18,10.0
1490,U0247,526,Tankless Water Heater,Bathroom,purchase,5.0,1,2024-09-12,
1491,U1974,1723,Window Cleaner Robot,Cleaning,purchase,4.5,1,2024-03-20,
1492,U0364,191,Smart Washer,Laundry,view,,0,2023-11-09,224.0
1493,U1173,2907,Meat Grinder,Kitchen,purchase,3.7,1,2024-11-11,
1494,U1103,3127,Ice Cream Maker,Kitchen,view,,0,2024-06-01,405.0
1495,U1179,844,Automatic Pet Water Fountain,Pet,view,,0,2024-02-13,170.0
1496,U1142,2309,Treadmill,Fitness,purchase,4.5,1,2024-08-21,
1497,U1255,3811,Television,Entertainment,add_to_cart,,0,2024-06-16,
1498,U0828,1539,Chainsaw,Tools,view,,0,2024-05-13,183.0
1499,U0737,1341,Aquarium Filter,Pet,view,,0,2023-01-04,90.0
1500,U0634,4799,Trimmer,Personal Care,wishlist,3.8,0,2024-09-19,
1501,U0472,4286,Label Maker,Tools,add_to_cart,,0,2023-03-27,
1502,U0851,4786,Smart Refrigerator,Kitchen,add_to_cart,,0,2024-04-10,
1503,U1736,2598,Garment Steamer,Laundry,view,,0,2024-08-15,7.0
1504,U1819,3064,Sump Pump,Outdoor,purchase,4.2,1,2024-08-24,
1505,U0013,1017,Shoe Dryer,Laundry,add_to_cart,,0,2024-09-02,
1506,U0278,321,Epilator,Personal Care,add_to_cart,,0,2024-01-13,
1507,U0387,3796,Clothesline Dryer,Laundry,view,,0,2023-09-08,46.0
1508,U1108,4587,Washer Dryer Combo,Laundry,view,,0,2023-12-20,121.0
1509,U0793,884,Microwave Oven,Kitchen,view,,0,2023-11-28,211.0
1510,U1595,1955,Ice Crusher,Kitchen,view,,0,2023-04-16,281.0
1511,U1777,770,Clock,Decor,view,,0,2024-12-07,55.0
1512,U1391,262,Electric Scooter Charger,Power,wishlist,4.9,0,2024-11-24,
1513,U0039,4483,Tankless Water Heater,Bathroom,wishlist,4.0,0,2023-01-26,
1514,U0551,544,Garage Door Motor,Outdoor,purchase,2.4,1,2024-10-20,
1515,U1279,234,Milk Frother,Kitchen,add_to_cart,,0,2023-05-03,
1516,U1409,2313,CCTV System,Security,add_to_cart,,0,2023-06-15,
1517,U1657,1457,Terrarium Heater,Pet,view,,0,2023-09-07,214.0
1518,U1536,3820,Chainsaw,Tools,add_to_cart,,0,2024-12-24,
1519,U0301,1303,Steam Iron,Laundry,view,,0,2023-10-19,306.0
1520,U1667,635,Hedge Trimmer,Tools,purchase,4.6,1,2024-07-30,
1521,U1307,1427,Bladeless Fan,Climate,add_to_cart,,0,2023-08-02,
1522,U1018,4772,Massage Chair,Personal Care,add_to_cart,,0,2023-08-23,
1523,U0296,2741,Aquarium Filter,Pet,add_to_cart,,0,2024-08-02,
1524,U0171,3228,Dough Maker,Kitchen,view,,0,2024-05-03,125.0
1525,U0546,452,Electric Vehicle Charger,Power,view,,0,2023-02-15,120.0
1526,U1604,3260,Attic Fan,Climate,add_to_cart,,0,2023-11-13,
1527,U1907,4402,Roti Maker,Kitchen,purchase,5.0,1,2023-08-12,
1528,U1125,2076,Pet Feeder,Pet,view,,0,2024-01-27,101.0
1529,U1885,1393,Exercise Bike,Fitness,view,,0,2024-11-16,46.0
1530,U0298,2098,Slow Cooker,Kitchen,purchase,4.9,1,2024-04-18,
1531,U1954,2821,Label Maker,Tools,add_to_cart,,0,2023-09-19,
1532,U0895,1162,Handheld Vacuum,Cleaning,purchase,3.3,1,2023-02-28,
1533,U0807,3546,Network Attached Storage,Networking,view,,0,2023-06-30,299.0
1534,U0332,2699,Ceiling Fan,Climate,purchase,4.5,1,2023-07-31,
1535,U1775,2583,Clock,Decor,view,,0,2024-08-26,97.0
1536,U0057,2034,Wall Clock,Decor,view,,0,2023-03-30,141.0
1537,U0925,1382,Smart Lock,Security,add_to_cart,,0,2023-03-27,
1538,U1814,2673,Citrus Juicer,Kitchen,purchase,4.2,1,2024-01-26,
1539,U1435,2322,Slush Machine,Hobby,view,,0,2023-07-08,270.0
1540,U1501,4444,Hair Curler,Personal Care,view,,0,2024-06-29,204.0
1541,U0533,1550,Cooktop,Kitchen,add_to_cart,,0,2024-03-23,
1542,U1437,1674,Foot Massager,Personal Care,purchase,5.0,1,2024-12-06,
1543,U0020,278,Hair Curler,Personal Care,purchase,5.0,1,2024-09-30,
1544,U1163,4836,Smart Bulb,Smart Home,view,,0,2023-05-31,6.0
1545,U0870,3269,WiFi Extender,Networking,view,,0,2023-08-03,64.0
1546,U1725,4734,Smart Garage Door Opener,Security,purchase,4.0,1,2024-08-05,
1547,U0433,524,Ice Crusher,Kitchen,view,,0,2024-03-13,25.0
1548,U1021,1004,Emergency Light,Security,add_to_cart,,0,2023-11-02,
1549,U1826,738,Electric Oven,Kitchen,add_to_cart,,0,2023-04-19,
1550,U0828,1844,Automatic Pet Water Fountain,Pet,wishlist,3.4,0,2023-03-27,
1551,U0058,2797,Smart Bulb,Smart Home,add_to_cart,,0,2023-03-12,
1552,U0906,4155,Cotton Candy Machine,Hobby,purchase,4.7,1,2023-12-06,
1553,U1959,973,Citrus Juicer,Kitchen,view,,0,2024-05-14,62.0
1554,U1051,2997,Jacuzzi Pump,Bathroom,add_to_cart,,0,2023-05-28,
1555,U0791,2597,Smart Bulb,Smart Home,purchase,5.0,1,2023-08-26,
1556,U1531,4088,Video Doorbell,Security,wishlist,4.0,0,2024-05-31,
1557,U1619,937,DVD Player,Entertainment,view,,0,2023-03-21,31.0
1558,U1621,832,Washing Machine,Laundry,view,,0,2023-03-12,144.0
1559,U1429,683,Stand Mixer,Kitchen,wishlist,3.9,0,2024-02-13,
1560,U0561,3123,Chapati Maker,Kitchen,purchase,3.5,1,2023-09-10,
1561,U0512,3730,Terrarium Heater,Pet,view,,0,2024-06-08,29.0
1562,U0667,1646,Wall Clock,Decor,purchase,4.7,1,2023-10-27,
1563,U1516,4108,Hair Dryer,Personal Care,add_to_cart,,0,2024-04-29,
1564,U1459,1075,Hot Plate,Kitchen,add_to_cart,,0,2023-07-23,
1565,U0410,2446,Smart TV,Entertainment,purchase,3.2,1,2024-07-27,
1566,U1180,3047,UV Water Purifier,Bathroom,add_to_cart,,0,2023-12-05,
1567,U0520,1751,WiFi Extender,Networking,add_to_cart,,0,2024-08-23,
1568,U1915,4634,Drip Coffee Maker,Kitchen,view,,0,2024-03-18,57.0
1569,U1809,2060,Alarm Clock,Decor,view,,0,2024-08-26,22.0
1570,U0783,4007,Induction Oven,Kitchen,add_to_cart,,0,2024-09-10,
1571,U0619,4239,Air Quality Monitor,Smart Home,purchase,2.9,1,2023-11-30,
1572,U0127,1708,Angle Grinder,Tools,view,,0,2023-06-24,173.0
1573,U1458,3662,Heating Pad,Personal Care,add_to_cart,,0,2024-04-04,
1574,U0999,2442,Toaster Oven,Kitchen,purchase,4.0,1,2023-05-20,
1575,U1810,2674,Smart Display,Entertainment,view,,0,2023-08-25,126.0
1576,U0468,4249,Water Filter,Bathroom,purchase,3.6,1,2023-05-26,
1577,U0995,4837,Wine Cooler,Kitchen,purchase,3.8,1,2024-02-22,
1578,U0918,1120,Central Air Conditioner,Climate,purchase,4.3,1,2024-04-20,
1579,U0950,808,Electric Toothbrush,Personal Care,view,,0,2024-05-08,64.0
1580,U0641,1805,Bladeless Fan,Climate,add_to_cart,,0,2023-09-16,
1581,U0119,4780,UV Water Purifier,Bathroom,purchase,4.6,1,2024-01-18,
1582,U1978,4055,Steam Iron,Laundry,purchase,5.0,1,2024-12-12,
1583,U1666,919,Smart Door Lock,Security,view,,0,2024-01-24,28.0
1584,U1775,2581,Wall Clock,Decor,wishlist,4.0,0,2023-12-26,
1585,U0098,1138,Gaming Console,Entertainment,view,,0,2023-03-19,162.0
1586,U0208,2679,Smart Refrigerator,Kitchen,wishlist,4.1,0,2024-09-27,
1587,U1611,301,Window Cleaner Robot,Cleaning,add_to_cart,,0,2024-06-11,
1588,U0857,2582,Meat Grinder,Kitchen,purchase,3.3,1,2023-02-17,
1589,U1587,4310,Cold Press Juicer,Kitchen,add_to_cart,,0,2023-08-07,
1590,U1001,3612,Security Camera,Security,purchase,3.3,1,2024-05-17,
1591,U1425,4013,Network Attached Storage,Networking,purchase,4.3,1,2024-06-16,
1592,U0902,4927,Misting Fan,Climate,add_to_cart,,0,2024-11-25,
1593,U0589,3838,Sprinkler System,Tools,purchase,3.4,1,2024-06-30,
1594,U1295,211,Countertop Dishwasher,Cleaning,purchase,4.2,1,2023-01-22,
1595,U1434,1453,Cotton Candy Machine,Hobby,add_to_cart,,0,2024-03-28,
1596,U0484,3993,Modem,Networking,add_to_cart,,0,2024-11-25,
1597,U0316,2229,Voltage Stabilizer,Power,add_to_cart,,0,2024-03-13,
1598,U1241,36,Drip Coffee Maker,Kitchen,purchase,3.7,1,2024-06-28,
1599,U1103,449,Smart Garage Door Opener,Security,view,,0,2023-02-28,47.0
1600,U1770,914,Sprinkler System,Tools,view,,0,2024-11-21,20.0
1601,U1264,3771,Home Automation Controller,Networking,wishlist,3.6,0,2023-08-12,
1602,U1751,4319,Smart Switch,Smart Home,view,,0,2023-04-06,246.0
1603,U0996,4086,Blender,Kitchen,purchase,3.7,1,2024-03-28,
1604,U0687,159,Smart Washer,Laundry,view,,0,2024-08-27,24.0
1605,U1237,3268,Food Dehydrator,Kitchen,view,,0,2024-10-03,83.0
1606,U1227,698,Induction Cooktop,Kitchen,view,,0,2024-02-25,85.0
1607,U0263,3810,Paper Shredder,Tools,view,,0,2024-05-06,126.0
1608,U1736,281,Treadmill,Fitness,wishlist,4.7,0,2023-01-19,
1609,U0355,2292,Tankless Water Heater,Bathroom,view,,0,2023-07-12,346.0
1610,U0456,658,Misting Fan,Climate,wishlist,3.2,0,2023-08-19,
1611,U0213,4362,Electric Oven,Kitchen,add_to_cart,,0,2023-03-19,
1612,U0641,4402,Roti Maker,Kitchen,view,,0,2023-09-12,160.0
1613,U1068,2899,Grill Microwave,Kitchen,view,,0,2024-06-29,182.0
1614,U1477,990,Hedge Trimmer,Tools,add_to_cart,,0,2024-10-25,
1615,U0098,884,Microwave Oven,Kitchen,wishlist,4.0,0,2024-02-02,
1616,U0090,3115,Meat Grinder,Kitchen,purchase,4.0,1,2023-06-25,
1617,U0595,2048,Cotton Candy Machine,Hobby,add_to_cart,,0,2023-05-24,
1618,U1384,2713,Knitting Machine,Hobby,purchase,4.8,1,2024-10-26,
1619,U1708,674,Water Pump,Outdoor,view,,0,2023-08-18,395.0
1620,U1469,3524,Sprinkler System,Tools,view,,0,2023-11-17,121.0
1621,U1820,4512,Router,Networking,view,,0,2024-01-28,334.0
1622,U0923,2457,Misting Fan,Climate,purchase,4.6,1,2024-10-27,
1623,U0505,4277,Tower Fan,Climate,add_to_cart,,0,2024-11-05,
1624,U0913,1503,Can Opener,Kitchen,view,,0,2024-01-01,87.0
1625,U1478,1239,Shoe Dryer,Laundry,view,,0,2024-12-14,115.0
1626,U1089,1428,Washing Machine,Laundry,view,,0,2023-03-07,2.0
1627,U0272,2755,Heating Pad,Personal Care,add_to_cart,,0,2024-08-21,
1628,U1691,3745,Label Maker,Tools,add_to_cart,,0,2024-08-09,
1629,U0426,1217,Smart TV,Entertainment,view,,0,2024-10-10,98.0
1630,U1119,4816,Fabric Shaver,Laundry,view,,0,2024-05-05,80.0
1631,U0760,593,Inverter,Power,purchase,4.3,1,2023-02-02,
1632,U1695,1750,Smoke Detector,Security,view,,0,2023-07-22,10.0
1633,U1331,2800,Chapati Maker,Kitchen,view,,0,2024-02-27,217.0
1634,U1309,2462,Hair Curler,Personal Care,purchase,4.0,1,2024-07-23,
1635,U1642,2316,Electric Blanket,Personal Care,wishlist,4.6,0,2024-02-18,
1636,U0385,2494,Attic Fan,Climate,wishlist,4.2,0,2023-05-18,
1637,U1731,798,Ceiling Fan,Climate,purchase,5.0,1,2023-01-11,
1638,U0719,3802,Washer Dryer Combo,Laundry,view,,0,2023-11-19,242.0
1639,U0782,90,Cooktop,Kitchen,view,,0,2024-07-03,148.0
1640,U1975,305,Power Strip,Power,view,,0,2023-11-25,146.0
1641,U0722,2330,Built In Dishwasher,Kitchen,purchase,3.2,1,2023-07-19,
1642,U1735,2028,Digital Safe,Security,view,,0,2023-10-04,283.0
1643,U0123,557,Vacuum Cleaner,Cleaning,view,,0,2024-01-09,54.0
1644,U0294,4679,Smart Vacuum,Cleaning,purchase,3.2,1,2023-05-06,
1645,U1938,1386,Electric Drill,Tools,purchase,3.7,1,2023-09-10,
1646,U1470,736,Citrus Juicer,Kitchen,purchase,3.2,1,2024-04-28,
1647,U0426,575,Electric Drill,Tools,view,,0,2023-10-30,161.0
1648,U0260,3970,Water Boiler,Kitchen,add_to_cart,,0,2024-04-15,
1649,U1223,656,Hedge Trimmer,Tools,view,,0,2024-01-14,165.0
1650,U1660,2743,Hair Dryer,Personal Care,purchase,4.3,1,2024-10-01,
1651,U1644,1676,Bread Maker,Kitchen,purchase,4.6,1,2024-02-05,
1652,U0910,4270,Aquarium Heater,Pet,view,,0,2024-11-23,100.0
1653,U0130,3382,Cooktop,Kitchen,view,,0,2023-06-11,264.0
1654,U0882,857,Towel Warmer,Bathroom,wishlist,4.0,0,2023-01-29,
1655,U0468,4058,Trimmer,Personal Care,view,,0,2023-03-17,59.0
1656,U1435,2184,Automatic Pet Water Fountain,Pet,view,,0,2024-08-19,183.0
1657,U0308,3944,Electric Grill,Kitchen,add_to_cart,,0,2024-06-09,
1658,U0673,3946,Foot Massager,Personal Care,view,,0,2023-02-15,41.0
1659,U0430,4311,Vacuum Sealer,Kitchen,purchase,5.0,1,2024-06-19,
1660,U0266,4932,Fermentation Crock,Hobby,purchase,3.9,1,2023-11-22,
1661,U0253,4860,Wall Clock,Decor,add_to_cart,,0,2024-05-27,
1662,U1268,2162,Hair Dryer,Personal Care,view,,0,2023-10-24,208.0
1663,U0907,1759,Smart Plug,Smart Home,view,,0,2024-04-19,50.0
1664,U1077,4919,Towel Warmer,Bathroom,purchase,3.8,1,2023-02-07,
1665,U1284,164,Landline Phone,Smart Home,purchase,4.7,1,2023-02-16,
1666,U0933,1527,Weather Station,Smart Home,purchase,3.7,1,2024-04-28,
1667,U1902,4124,Digital Photo Frame,Entertainment,add_to_cart,,0,2023-07-10,
1668,U0165,3651,Network Attached Storage,Networking,purchase,2.4,1,2023-06-10,
1669,U1398,2386,Aquarium Heater,Pet,wishlist,4.1,0,2023-10-22,
1670,U0288,2534,Solo Microwave,Kitchen,purchase,4.6,1,2024-10-10,
1671,U1746,2539,Ice Maker,Kitchen,add_to_cart,,0,2024-01-21,
1672,U0200,3727,Water Flosser,Personal Care,view,,0,2023-12-03,761.0
1673,U0734,150,Terrarium Heater,Pet,purchase,3.3,1,2023-02-07,
1674,U0436,2385,Mixer Grinder,Kitchen,add_to_cart,,0,2023-07-17,
1675,U1949,955,Aquarium Heater,Pet,view,,0,2024-11-18,90.0
1676,U0559,2598,Garment Steamer,Laundry,view,,0,2023-10-03,124.0
1677,U0323,1101,Emergency Light,Security,view,,0,2024-08-08,114.0
1678,U0639,613,Set Top Box,Entertainment,view,,0,2024-05-05,36.0
1679,U0786,4903,RO Purifier,Bathroom,purchase,5.0,1,2024-08-05,
1680,U1947,1433,Television,Entertainment,view,,0,2024-08-16,41.0
1681,U0608,4155,Cotton Candy Machine,Hobby,view,,0,2024-08-27,110.0
1682,U0250,2184,Automatic Pet Water Fountain,Pet,wishlist,3.1,0,2024-02-10,
1683,U0199,4164,Chainsaw,Tools,purchase,4.0,1,2023-02-04,
1684,U1288,2193,Door Intercom,Security,wishlist,4.2,0,2023-07-26,
1685,U1107,627,Sump Pump,Outdoor,purchase,4.1,1,2024-09-04,
1686,U0335,1711,Epilator,Personal Care,add_to_cart,,0,2023-03-31,
1687,U0220,4609,Thermostat,Climate,add_to_cart,,0,2024-05-25,
1688,U0794,3268,Food Dehydrator,Kitchen,wishlist,3.4,0,2024-06-26,
1689,U0337,3261,Automatic Pet Water Fountain,Pet,view,,0,2023-06-07,51.0
1690,U0660,4258,Handheld Vacuum,Cleaning,view,,0,2023-08-10,45.0
1691,U0665,708,Smart Plug,Smart Home,add_to_cart,,0,2023-06-17,
1692,U1951,3194,Label Maker,Tools,view,,0,2024-05-01,74.0
1693,U1148,2601,Aquarium Filter,Pet,view,,0,2023-12-05,751.0
1694,U0025,3683,Aquarium Heater,Pet,add_to_cart,,0,2023-05-01,
1695,U1187,657,Clock,Decor,wishlist,3.6,0,2024-04-29,
1696,U1476,1834,Boot Warmer,Laundry,add_to_cart,,0,2024-05-27,
1697,U1087,3197,Electric Shaver,Personal Care,purchase,3.4,1,2023-04-23,
1698,U0601,1084,Air Quality Monitor,Smart Home,view,,0,2024-04-07,145.0
1699,U0771,4164,Chainsaw,Tools,view,,0,2024-12-30,387.0
1700,U1572,3873,Kegerator,Hobby,add_to_cart,,0,2024-09-06,
1701,U1186,2324,Basement Dehumidifier,Outdoor,wishlist,3.0,0,2024-09-30,
1702,U1970,1571,Pool Heater,Outdoor,purchase,4.1,1,2023-05-29,
1703,U0283,3356,Printer,Tools,view,,0,2023-03-01,113.0
1704,U0828,1943,Home Brewing Kit,Hobby,view,,0,2024-06-25,80.0
1705,U0963,1529,Hand Mixer,Kitchen,purchase,5.0,1,2023-06-08,
1706,U0566,2571,Wall Clock,Decor,add_to_cart,,0,2024-02-06,
1707,U0215,1863,Garment Steamer,Laundry,view,,0,2023-08-23,179.0
1708,U0091,3031,Water Dispenser,Kitchen,view,,0,2023-08-20,111.0
1709,U0394,3266,Bread Maker,Kitchen,purchase,3.9,1,2023-09-18,
1710,U0944,4649,Bathroom Exhaust Fan,Bathroom,purchase,3.8,1,2023-05-20,
1711,U1937,1906,Coffee Grinder,Kitchen,wishlist,4.1,0,2024-10-17,
1712,U1517,3056,Washing Machine,Laundry,purchase,3.2,1,2023-05-27,
1713,U1720,4765,Geyser,Bathroom,add_to_cart,,0,2023-01-22,
1714,U1683,3278,Iron,Laundry,purchase,5.0,1,2023-09-21,
1715,U1537,1099,Gaming Console,Entertainment,purchase,3.1,1,2023-10-13,
1716,U1315,860,Air Cooler,Climate,add_to_cart,,0,2023-12-22,
1717,U0105,3928,Smart TV,Entertainment,purchase,4.4,1,2024-04-25,
1718,U1533,1055,Carpet Cleaner,Cleaning,purchase,5.0,1,2023-07-23,
1719,U1039,454,WiFi Extender,Networking,purchase,5.0,1,2024-01-27,
1720,U1158,1151,Mini Washing Machine,Laundry,view,,0,2024-03-29,36.0
1721,U0518,3527,Kegerator,Hobby,purchase,5.0,1,2024-08-03,
1722,U1920,2119,Air Fryer,Kitchen,view,,0,2023-11-14,83.0
1723,U1875,906,Window Air Conditioner,Climate,view,,0,2023-04-09,26.0
1724,U1991,3840,Washing Machine,Laundry,view,,0,2024-06-12,86.0
1725,U0544,1582,Table Fan,Climate,view,,0,2024-05-26,25.0
1726,U1109,4037,Meat Grinder,Kitchen,view,,0,2024-10-14,39.0
1727,U1573,2541,Solar Panel Inverter,Power,view,,0,2023-02-23,263.0
1728,U0413,4170,Label Maker,Tools,purchase,3.7,1,2024-11-21,
1729,U0540,192,WiFi Extender,Networking,purchase,3.2,1,2024-01-14,
1730,U0211,140,Modem,Networking,add_to_cart,,0,2023-08-21,
1731,U1889,4207,Clock,Decor,add_to_cart,,0,2024-10-23,
1732,U1911,3722,Air Quality Monitor,Smart Home,wishlist,4.4,0,2023-05-12,
1733,U1331,4657,Air Quality Monitor,Smart Home,wishlist,3.2,0,2023-11-23,
1734,U1494,4100,Projector,Entertainment,view,,0,2023-01-12,147.0
1735,U1602,3704,Coffee Maker,Kitchen,add_to_cart,,0,2023-01-01,
1736,U1310,1497,Smart Hub,Networking,view,,0,2024-12-06,29.0
1737,U1196,12,Wall Clock,Decor,add_to_cart,,0,2023-05-16,
1738,U1394,238,Aquarium Filter,Pet,wishlist,4.8,0,2024-03-18,
1739,U0076,3476,Smart Refrigerator,Kitchen,view,,0,2024-06-09,204.0
1740,U0211,3267,Air Quality Monitor,Smart Home,view,,0,2023-01-09,168.0
1741,U0313,1334,Jacuzzi Pump,Bathroom,add_to_cart,,0,2023-12-17,
1742,U0631,2146,Water Boiler,Kitchen,purchase,4.4,1,2024-06-17,
1743,U0250,3007,RO Purifier,Bathroom,add_to_cart,,0,2024-03-21,
1744,U0540,110,Electric Kettle,Kitchen,wishlist,2.2,0,2024-01-24,
1745,U1703,4643,Induction Cooktop,Kitchen,purchase,5.0,1,2024-01-16,
1746,U1576,1529,Hand Mixer,Kitchen,wishlist,4.4,0,2023-08-23,
1747,U0874,1194,Smart Garage Door Opener,Security,add_to_cart,,0,2023-03-10,
1748,U0523,1941,Home Automation Controller,Networking,wishlist,4.3,0,2023-12-20,
1749,U1550,2245,Espresso Machine,Kitchen,view,,0,2024-08-14,34.0
1750,U0963,1752,Carpet Cleaner,Cleaning,purchase,5.0,1,2024-12-28,
1751,U0547,2092,Built In Dishwasher,Kitchen,purchase,4.0,1,2023-06-18,
1752,U1732,4970,Smart Bulb,Smart Home,purchase,3.6,1,2024-09-23,
1753,U0312,1481,Heater,Climate,wishlist,3.1,0,2023-05-25,
1754,U0593,3550,3D Printer,Hobby,purchase,4.1,1,2023-04-21,
1755,U1037,2603,Mini Fridge,Kitchen,add_to_cart,,0,2023-02-09,
1756,U0295,3256,Electric Kettle,Kitchen,view,,0,2024-07-12,55.0
1757,U0262,4884,Handheld Vacuum,Cleaning,purchase,4.1,1,2023-12-27,
1758,U0353,3274,Bladeless Fan,Climate,purchase,4.2,1,2024-02-15,
1759,U1853,388,Electric Skillet,Kitchen,wishlist,5.0,0,2023-02-07,
1760,U1835,500,Solo Microwave,Kitchen,purchase,5.0,1,2023-12-01,
1761,U1281,2680,Electric Vehicle Charger,Power,add_to_cart,,0,2024-12-05,
1762,U1481,4678,Smart Washer,Laundry,view,,0,2023-10-24,564.0
1763,U1454,3695,Hand Mixer,Kitchen,purchase,5.0,1,2023-09-21,
1764,U0920,3289,Electric Skillet,Kitchen,view,,0,2023-06-01,28.0
1765,U0506,2459,Kitchen Chimney,Kitchen,view,,0,2023-03-21,43.0
1766,U1119,524,Ice Crusher,Kitchen,add_to_cart,,0,2023-09-08,
1767,U1058,4534,Alarm Clock,Decor,purchase,4.3,1,2024-11-03,
1768,U1015,1841,Sandwich Maker,Kitchen,view,,0,2023-02-25,11.0
1769,U1325,466,Weather Station,Smart Home,view,,0,2023-10-21,169.0
1770,U0062,2798,Central Air Conditioner,Climate,view,,0,2023-04-10,57.0
1771,U1096,4409,Kombucha Maker,Hobby,view,,0,2024-06-28,76.0
1772,U1145,1312,Portable Dishwasher,Cleaning,view,,0,2023-03-28,33.0
1773,U0593,4378,Television,Entertainment,view,,0,2024-09-21,131.0
1774,U0063,3567,Emergency Light,Security,view,,0,2024-03-23,196.0
1775,U1724,261,Clock,Decor,view,,0,2024-06-18,78.0
1776,U1114,3860,Garage Door Motor,Outdoor,view,,0,2023-04-19,478.0
1777,U0117,1322,Gas Stove,Kitchen,view,,0,2023-11-05,5.0
1778,U0631,3158,Air Fryer,Kitchen,view,,0,2024-05-31,10.0
1779,U0347,1728,Built In Refrigerator,Kitchen,add_to_cart,,0,2023-04-11,
1780,U1538,3331,Electric Kettle,Kitchen,view,,0,2024-04-18,468.0
1781,U1801,470,Vacuum Cleaner,Cleaning,add_to_cart,,0,2023-08-17,
1782,U1477,4021,Chainsaw,Tools,add_to_cart,,0,2023-06-08,
1783,U0807,437,Yogurt Maker,Kitchen,purchase,2.5,1,2023-05-20,
1784,U0094,4392,Smart Lock,Security,wishlist,4.5,0,2024-01-05,
1785,U0300,2398,Microwave Oven,Kitchen,view,,0,2024-12-04,69.0
1786,U1505,3924,Kombucha Maker,Hobby,view,,0,2023-04-15,34.0
1787,U0145,2934,Washing Machine,Laundry,purchase,5.0,1,2023-11-30,
1788,U0084,1439,Sprinkler System,Tools,purchase,5.0,1,2024-06-05,
1789,U0851,1142,Built In Oven,Kitchen,view,,0,2023-09-23,4.0
1790,U1273,3841,Clock,Decor,wishlist,5.0,0,2024-03-16,
1791,U0725,4063,Tower Fan,Climate,purchase,3.0,1,2023-03-15,
1792,U0476,4270,Aquarium Heater,Pet,purchase,4.0,1,2023-08-07,
1793,U0745,674,Water Pump,Outdoor,view,,0,2024-08-26,72.0
1794,U1633,3274,Bladeless Fan,Climate,view,,0,2024-05-17,228.0
1795,U1309,3506,Stand Mixer,Kitchen,view,,0,2024-12-09,250.0
1796,U1913,4911,Electric Shaver,Personal Care,purchase,4.8,1,2023-07-11,
1797,U0676,1531,Water Heater,Bathroom,view,,0,2023-12-19,198.0
1798,U0213,4017,Electric Drill,Tools,add_to_cart,,0,2024-10-19,
1799,U0863,755,Smart Lock,Security,view,,0,2024-12-28,2.0
1800,U1294,4970,Smart Bulb,Smart Home,add_to_cart,,0,2024-07-09,
1801,U0298,3526,Dishwasher,Cleaning,wishlist,2.5,0,2024-08-22,
1802,U0701,1927,Waffle Maker,Kitchen,purchase,3.1,1,2023-10-03,
1803,U0617,1126,Door Intercom,Security,add_to_cart,,0,2024-05-11,
1804,U1252,2485,Toaster Oven,Kitchen,wishlist,5.0,0,2024-10-06,
1805,U1427,2103,Epilator,Personal Care,add_to_cart,,0,2023-05-05,
1806,U0654,4664,Kegerator,Hobby,purchase,3.6,1,2024-09-07,
1807,U1665,1844,Automatic Pet Water Fountain,Pet,view,,0,2023-01-15,41.0
1808,U0843,1089,Hand Mixer,Kitchen,add_to_cart,,0,2023-06-15,
1809,U0470,4080,Mini Fridge,Kitchen,wishlist,2.7,0,2024-09-12,
1810,U1624,795,Digital Safe,Security,view,,0,2023-02-10,160.0
1811,U0540,140,Modem,Networking,purchase,5.0,1,2023-03-10,
1812,U0924,853,Aquarium Heater,Pet,view,,0,2023-08-23,10.0
1813,U0474,3415,Built In Oven,Kitchen,purchase,5.0,1,2023-12-19,
1814,U1529,1898,Laminator,Tools,view,,0,2024-06-07,91.0
1815,U0955,1048,Printer,Tools,view,,0,2024-04-03,41.0
1816,U1052,1223,Label Maker,Tools,view,,0,2024-06-22,249.0
1817,U0135,493,Smart Plug,Smart Home,wishlist,4.4,0,2023-08-11,
1818,U0600,2984,Handheld Vacuum,Cleaning,purchase,4.5,1,2024-08-26,
1819,U1796,2695,Video Doorbell,Security,add_to_cart,,0,2024-10-14,
1820,U1598,299,Door Intercom,Security,view,,0,2024-01-28,280.0
1821,U1770,1733,Built In Oven,Kitchen,view,,0,2024-12-21,12.0
1822,U0092,3038,Foot Massager,Personal Care,view,,0,2024-04-01,220.0
1823,U0253,1926,Video Doorbell,Security,add_to_cart,,0,2023-06-30,
1824,U0759,4657,Air Quality Monitor,Smart Home,add_to_cart,,0,2023-07-22,
1825,U0720,2006,Home Automation Controller,Networking,purchase,3.7,1,2024-05-25,
1826,U1127,1991,Electric Toothbrush,Personal Care,view,,0,2024-09-10,37.0
1827,U0843,1635,Router,Networking,purchase,3.2,1,2023-12-11,
1828,U1939,2124,Air Quality Monitor,Smart Home,add_to_cart,,0,2023-11-13,
1829,U0574,3997,Home Automation Controller,Networking,wishlist,4.8,0,2024-04-04,
1830,U0346,2698,Mini Fridge,Kitchen,view,,0,2023-05-06,77.0
1831,U0213,998,Smart Air Conditioner,Climate,view,,0,2023-01-01,167.0
1832,U1860,3264,Waffle Maker,Kitchen,view,,0,2024-08-26,62.0
1833,U1820,1039,Sump Pump,Outdoor,purchase,4.3,1,2023-02-18,
1834,U0492,803,Meat Grinder,Kitchen,view,,0,2023-12-14,120.0
1835,U0638,1792,Fan,Climate,view,,0,2024-02-08,18.0
1836,U0741,2250,Robot Vacuum,Cleaning,add_to_cart,,0,2023-09-17,
1837,U0414,2384,Clock,Decor,view,,0,2023-09-03,24.0
1838,U0249,679,Exercise Bike,Fitness,purchase,5.0,1,2023-11-04,
1839,U0471,2385,Mixer Grinder,Kitchen,purchase,3.4,1,2023-11-08,
1840,U1117,1353,Steam Cleaner,Cleaning,view,,0,2023-04-03,26.0
1841,U1286,1140,UV Water Purifier,Bathroom,view,,0,2023-05-13,106.0
1842,U1138,3547,Electric Skillet,Kitchen,view,,0,2024-08-18,29.0
1843,U1829,1484,Air Purifier,Climate,view,,0,2023-02-22,165.0
1844,U0390,3582,Wall Clock,Decor,view,,0,2023-03-14,305.0
1845,U0018,4332,Laminator,Tools,view,,0,2023-12-01,39.0
1846,U0083,2489,Drip Coffee Maker,Kitchen,add_to_cart,,0,2024-08-08,
1847,U0017,3277,Pressure Washer,Cleaning,purchase,3.6,1,2023-12-14,
1848,U1863,4428,Pet Feeder,Pet,view,,0,2024-08-14,74.0
1849,U0414,1241,Foot Massager,Personal Care,add_to_cart,,0,2023-07-19,
1850,U1705,264,Smart Plug,Smart Home,add_to_cart,,0,2023-07-05,
1851,U0612,1673,Angle Grinder,Tools,view,,0,2023-08-21,30.0
1852,U1014,1412,Bidet Seat,Bathroom,purchase,4.3,1,2024-12-30,
1853,U0074,143,Foot Massager,Personal Care,wishlist,2.5,0,2024-03-16,
1854,U1924,770,Clock,Decor,view,,0,2023-06-26,137.0
1855,U0616,1650,Misting Fan,Climate,purchase,3.2,1,2023-08-03,
1856,U1899,946,Emergency Light,Security,view,,0,2023-02-19,193.0
1857,U0747,3838,Sprinkler System,Tools,add_to_cart,,0,2024-08-21,
1858,U0169,1091,Smart Bulb,Smart Home,add_to_cart,,0,2023-02-17,
1859,U0611,1621,Basement Dehumidifier,Outdoor,purchase,5.0,1,2023-01-04,
1860,U0034,2851,Inverter,Power,view,,0,2023-11-29,88.0
1861,U1056,2963,Home Server,Networking,purchase,4.0,1,2023-01-31,
1862,U1099,1251,Sandwich Maker,Kitchen,wishlist,4.7,0,2024-03-17,
1863,U0052,225,Robot Vacuum,Cleaning,add_to_cart,,0,2024-04-03,
1864,U0873,4549,Router,Networking,view,,0,2023-09-22,161.0
1865,U0810,986,Home Brewing Kit,Hobby,view,,0,2024-12-28,9.0
1866,U0471,243,Speakers,Entertainment,view,,0,2024-01-15,20.0
1867,U0868,3770,Smart Switch,Smart Home,add_to_cart,,0,2023-07-17,
1868,U0823,4143,Terrarium Heater,Pet,purchase,4.0,1,2024-07-03,
1869,U1899,2465,Lint Remover,Laundry,add_to_cart,,0,2023-08-18,
1870,U1862,4413,Foot Massager,Personal Care,wishlist,4.0,0,2024-03-06,
1871,U1249,278,Hair Curler,Personal Care,view,,0,2023-09-11,231.0
1872,U0527,2178,Air Conditioner,Climate,view,,0,2024-08-17,48.0
1873,U1874,1573,Clothesline Dryer,Laundry,purchase,4.8,1,2023-10-08,
1874,U1165,4845,Boot Warmer,Laundry,purchase,4.0,1,2024-11-14,
1875,U1423,652,Solo Microwave,Kitchen,purchase,1.9,1,2023-08-28,
1876,U0294,3497,Food Dehydrator,Kitchen,purchase,4.1,1,2023-04-20,
1877,U1015,3058,Wall Clock,Decor,wishlist,4.6,0,2023-12-11,
1878,U1284,1649,Smart Switch,Smart Home,view,,0,2023-02-25,290.0
1879,U1532,1920,Smart Thermostat,Climate,wishlist,4.2,0,2023-01-02,
1880,U0008,2272,Range Hood,Kitchen,purchase,4.3,1,2023-03-26,
1881,U0096,4960,Aquarium Filter,Pet,purchase,3.0,1,2023-03-19,
1882,U0819,3307,Automatic Pet Water Fountain,Pet,add_to_cart,,0,2024-09-15,
1883,U0243,1180,Countertop Dishwasher,Cleaning,view,,0,2024-11-25,3.0
1884,U0971,3805,Air Quality Monitor,Smart Home,wishlist,4.5,0,2024-09-12,
1885,U1303,1619,Space Heater,Climate,wishlist,4.7,0,2023-02-19,
1886,U0343,2831,Induction Cooktop,Kitchen,add_to_cart,,0,2024-11-09,
1887,U0294,4063,Tower Fan,Climate,add_to_cart,,0,2024-02-12,
1888,U0789,541,Electric Tandoor,Kitchen,view,,0,2023-07-06,90.0
1889,U0446,731,Smart Oven,Kitchen,purchase,2.5,1,2023-08-18,
1890,U0861,1412,Bidet Seat,Bathroom,view,,0,2024-07-07,360.0
1891,U1361,1676,Bread Maker,Kitchen,add_to_cart,,0,2024-08-01,
1892,U1951,4594,Air Fryer,Kitchen,view,,0,2023-03-31,75.0
1893,U1137,3128,Emergency Light,Security,wishlist,4.2,0,2024-09-01,
1894,U1417,820,Smart Lock,Security,view,,0,2023-09-13,57.0
1895,U1091,2496,Built In Microwave,Kitchen,view,,0,2023-12-24,43.0
1896,U0809,4641,Smart Thermostat,Climate,view,,0,2024-03-28,67.0
1897,U1874,4463,Juicer,Kitchen,purchase,3.9,1,2024-08-17,
1898,U1381,1225,Range Hood,Kitchen,add_to_cart,,0,2024-02-22,
1899,U1334,539,Bathroom Exhaust Fan,Bathroom,purchase,4.7,1,2023-05-09,
1900,U1224,1594,Rowing Machine,Fitness,purchase,3.5,1,2023-09-20,
1901,U1237,164,Landline Phone,Smart Home,add_to_cart,,0,2024-02-17,
1902,U1003,823,Blender,Kitchen,view,,0,2023-07-27,45.0
1903,U1485,2682,Trimmer,Personal Care,wishlist,4.6,0,2024-04-03,
1904,U1111,3416,Smart Dryer,Laundry,wishlist,4.2,0,2023-11-12,
1905,U1582,1065,Hot Plate,Kitchen,wishlist,3.8,0,2024-01-28,
1906,U1607,1173,Central Vacuum System,Cleaning,purchase,2.8,1,2024-04-12,
1907,U1308,1181,Smart Oven,Kitchen,purchase,3.1,1,2023-09-25,
1908,U1694,3635,Electric Shaver,Personal Care,wishlist,4.4,0,2023-12-24,
1909,U0021,2604,Robot Vacuum,Cleaning,add_to_cart,,0,2024-05-17,
1910,U0294,2854,Smart Air Conditioner,Climate,purchase,2.7,1,2024-09-08,
1911,U1426,4432,Space Heater,Climate,purchase,5.0,1,2024-09-15,
1912,U1876,3110,Window Cleaner Robot,Cleaning,view,,0,2024-06-16,25.0
1913,U0788,4828,Grill Microwave,Kitchen,view,,0,2023-08-14,39.0
1914,U0133,1003,Modem,Networking,view,,0,2024-05-13,91.0
1915,U0467,4226,Power Strip,Power,purchase,4.0,1,2024-12-16,
1916,U1459,2547,Wall Clock,Decor,add_to_cart,,0,2024-10-17,
1917,U1667,96,Electric Shaver,Personal Care,view,,0,2024-07-18,94.0
1918,U1251,4595,Cooktop,Kitchen,add_to_cart,,0,2023-05-23,
1919,U1044,1795,Waffle Maker,Kitchen,wishlist,3.7,0,2024-01-17,
1920,U0681,3615,Air Purifier,Climate,add_to_cart,,0,2023-08-09,
1921,U0503,4258,Handheld Vacuum,Cleaning,purchase,3.7,1,2024-08-15,
1922,U0167,2535,Home Sauna,Fitness,purchase,4.5,1,2024-07-26,
1923,U1650,219,Home Brewing Kit,Hobby,view,,0,2024-03-04,169.0
1924,U1712,375,Smart Lock,Security,view,,0,2024-11-10,40.0
1925,U0902,3422,Jacuzzi Pump,Bathroom,view,,0,2023-09-28,6.0
1926,U1990,1383,Waffle Maker,Kitchen,add_to_cart,,0,2024-03-26,
1927,U0501,3823,Epilator,Personal Care,add_to_cart,,0,2024-06-18,
1928,U1833,741,Hair Dryer,Personal Care,view,,0,2023-10-29,43.0
1929,U0044,1794,Electric Drill,Tools,add_to_cart,,0,2023-11-04,
1930,U1342,1651,Floor Polisher,Cleaning,add_to_cart,,0,2023-11-09,
1931,U1427,3148,Smart Plug,Smart Home,purchase,4.3,1,2024-01-02,
1932,U1665,3802,Washer Dryer Combo,Laundry,view,,0,2023-07-27,12.0
1933,U1741,4329,Smart Door Lock,Security,add_to_cart,,0,2023-09-24,
1934,U1026,1487,Smart Plug,Smart Home,purchase,1.3,1,2023-06-28,
1935,U0820,291,Lawn Mower,Tools,view,,0,2023-10-22,55.0
1936,U0190,503,Aquarium Filter,Pet,purchase,4.4,1,2023-04-09,
1937,U0544,4073,Mixer Grinder,Kitchen,add_to_cart,,0,2023-11-01,
1938,U1175,4617,Extension Cord,Power,purchase,2.9,1,2023-02-21,
1939,U0376,1535,Coffee Grinder,Kitchen,view,,0,2023-10-30,185.0
1940,U1834,1330,Massage Chair,Personal Care,wishlist,4.1,0,2024-03-14,
1941,U1415,753,Jacuzzi Pump,Bathroom,add_to_cart,,0,2024-11-20,
1942,U0196,3116,Steam Cleaner,Cleaning,add_to_cart,,0,2024-08-21,
1943,U1311,4017,Electric Drill,Tools,purchase,5.0,1,2023-07-18,
1944,U0685,2665,Hair Curler,Personal Care,purchase,4.3,1,2024-04-04,
1945,U1529,227,RO Purifier,Bathroom,view,,0,2023-05-06,184.0
1946,U1196,2297,Trimmer,Personal Care,view,,0,2024-02-15,443.0
1947,U1602,204,Smart Garage Door Opener,Security,view,,0,2023-06-30,22.0
1948,U0296,1531,Water Heater,Bathroom,view,,0,2024-02-05,189.0
1949,U0285,3020,Cotton Candy Machine,Hobby,purchase,4.4,1,2023-04-09,
1950,U1709,919,Smart Door Lock,Security,add_to_cart,,0,2024-04-17,
1951,U0911,4419,Induction Cooktop,Kitchen,add_to_cart,,0,2024-08-31,
1952,U1010,1891,Tankless Water Heater,Bathroom,view,,0,2024-04-16,52.0
1953,U0455,3993,Modem,Networking,purchase,3.3,1,2023-08-26,
1954,U0262,1646,Wall Clock,Decor,add_to_cart,,0,2023-02-24,
1955,U1583,3256,Electric Kettle,Kitchen,purchase,4.3,1,2023-01-29,
1956,U0976,2692,Electric Toothbrush,Personal Care,view,,0,2024-07-29,54.0
1957,U0760,2224,Inverter,Power,purchase,3.1,1,2024-05-20,
1958,U0733,4619,Jacuzzi Pump,Bathroom,add_to_cart,,0,2024-08-20,
1959,U1749,2452,Smart Switch,Smart Home,view,,0,2024-07-10,206.0
1960,U0654,2810,Alarm Clock,Decor,add_to_cart,,0,2024-12-02,
1961,U0640,1437,Aquarium Filter,Pet,purchase,4.3,1,2024-09-13,
1962,U1977,2750,Label Maker,Tools,add_to_cart,,0,2023-08-11,
1963,U0786,4502,Steam Iron,Laundry,add_to_cart,,0,2023-02-05,
1964,U0518,2494,Attic Fan,Climate,purchase,4.6,1,2023-04-20,
1965,U0253,1001,Pet Feeder,Pet,wishlist,3.1,0,2023-03-01,
1966,U1717,4616,Bladeless Fan,Climate,view,,0,2023-11-20,91.0
1967,U0637,2799,Exhaust Fan,Climate,view,,0,2024-05-18,200.0
1968,U0836,4003,Electric Blanket,Personal Care,view,,0,2024-06-18,66.0
1969,U0661,4675,Smart Thermostat,Climate,view,,0,2023-08-26,377.0
1970,U0222,2552,Citrus Juicer,Kitchen,purchase,5.0,1,2024-08-30,
1971,U1106,398,Steam Cleaner,Cleaning,wishlist,4.9,0,2023-11-11,
1972,U0013,2424,Aquarium Heater,Pet,add_to_cart,,0,2023-09-05,
1973,U0609,636,Home Automation Controller,Networking,view,,0,2024-12-03,39.0
1974,U0781,1936,Yogurt Maker,Kitchen,purchase,4.0,1,2023-09-23,
1975,U0381,1070,Blender,Kitchen,add_to_cart,,0,2024-12-20,
1976,U1933,3629,Smart Air Conditioner,Climate,view,,0,2023-12-06,179.0
1977,U0665,2365,Weather Station,Smart Home,view,,0,2024-08-18,12.0
1978,U0774,3331,Electric Kettle,Kitchen,view,,0,2024-02-07,2.0
1979,U0254,1095,Electric Oven,Kitchen,purchase,4.8,1,2023-05-03,
1980,U1212,1132,Video Doorbell,Security,purchase,4.9,1,2023-04-10,
1981,U0498,201,Fermentation Crock,Hobby,purchase,2.7,1,2023-05-04,
1982,U0652,1718,Hand Mixer,Kitchen,view,,0,2024-04-16,11.0
1983,U1080,3061,Laminator,Tools,purchase,4.4,1,2023-06-26,
1984,U1453,1896,Citrus Juicer,Kitchen,view,,0,2023-07-28,26.0
1985,U1278,4257,Electric Shaver,Personal Care,purchase,5.0,1,2024-07-21,
1986,U1476,3493,Smart Washer,Laundry,purchase,4.6,1,2023-07-16,
1987,U0387,4949,Home Automation Controller,Networking,wishlist,5.0,0,2024-11-04,
1988,U1095,4136,Blu Ray Player,Entertainment,wishlist,2.1,0,2024-10-05,
1989,U1943,4219,Clock,Decor,view,,0,2023-01-06,201.0
1990,U1983,3652,Smart TV,Entertainment,purchase,4.2,1,2023-05-30,
1991,U1428,4266,Carpet Cleaner,Cleaning,view,,0,2024-07-21,83.0
1992,U0474,1473,Food Dehydrator,Kitchen,purchase,4.4,1,2024-06-29,
1993,U0496,1568,Popcorn Maker,Kitchen,add_to_cart,,0,2024-06-03,
1994,U1462,3507,Foot Massager,Personal Care,add_to_cart,,0,2023-08-09,
1995,U0778,2808,Water Boiler,Kitchen,add_to_cart,,0,2024-12-30,
1996,U0875,2680,Electric Vehicle Charger,Power,purchase,4.2,1,2023-12-20,
1997,U1551,34,Hot Dog Maker,Kitchen,view,,0,2023-06-03,89.0
1998,U1791,2038,Sous Vide Cooker,Kitchen,purchase,3.9,1,2023-10-31,
1999,U1062,184,Chapati Maker,Kitchen,view,,0,2023-07-09,135.0
2000,U0903,4969,Mixer Grinder,Kitchen,purchase,4.4,1,2023-01-27,
2001,U1837,3959,Induction Oven,Kitchen,add_to_cart,,0,2024-01-11,
2002,U0727,3954,Massage Chair,Personal Care,view,,0,2023-12-13,34.0
2003,U0013,2668,Clothes Dryer,Laundry,purchase,4.9,1,2023-09-29,
2004,U1569,109,Home Automation Controller,Networking,purchase,3.9,1,2023-04-28,
2005,U0223,4227,RO Purifier,Bathroom,view,,0,2023-03-08,91.0
2006,U1579,1189,Smart Bulb,Smart Home,purchase,3.9,1,2023-07-18,
2007,U0007,693,Router,Networking,add_to_cart,,0,2024-06-27,
2008,U1263,912,Emergency Light,Security,view,,0,2024-01-08,15.0
2009,U0552,2314,Smart Thermostat,Climate,add_to_cart,,0,2024-10-13,
2010,U0891,1935,Attic Fan,Climate,view,,0,2023-10-28,70.0
2011,U1179,1181,Smart Oven,Kitchen,wishlist,4.0,0,2024-02-20,
2012,U1404,2749,Home Automation Controller,Networking,view,,0,2024-10-02,22.0
2013,U0285,4334,Fermentation Crock,Hobby,view,,0,2023-07-13,75.0
2014,U0174,1928,Alarm Clock,Decor,view,,0,2023-11-28,22.0
2015,U0771,693,Router,Networking,wishlist,4.1,0,2023-10-23,
2016,U0990,3533,Home Automation Controller,Networking,view,,0,2024-01-29,321.0
2017,U0864,3428,Modem,Networking,view,,0,2023-10-04,90.0
2018,U1635,4476,Smart Air Conditioner,Climate,add_to_cart,,0,2024-06-28,
2019,U1788,3823,Epilator,Personal Care,purchase,4.2,1,2023-03-30,
2020,U1073,4551,Air Conditioner,Climate,purchase,3.8,1,2024-08-09,
2021,U0638,3399,Attic Fan,Climate,view,,0,2024-02-18,238.0
2022,U1799,3022,Smart TV,Entertainment,add_to_cart,,0,2024-10-21,
2023,U0994,4864,Vacuum Cleaner,Cleaning,view,,0,2023-04-07,21.0
2024,U1831,477,Smart Speaker,Entertainment,add_to_cart,,0,2023-12-10,
2025,U0933,4252,Clock,Decor,view,,0,2024-09-23,44.0
2026,U0487,4870,Roti Maker,Kitchen,view,,0,2023-01-02,102.0
2027,U1227,4737,Foot Massager,Personal Care,purchase,1.0,1,2024-05-26,
2028,U1883,3169,Rice Cooker,Kitchen,purchase,3.2,1,2024-07-25,
2029,U1952,2260,Modem,Networking,view,,0,2023-04-18,103.0
2030,U1824,2234,Smart Display,Entertainment,view,,0,2023-12-30,131.0
2031,U1931,3344,Hair Straightener,Personal Care,add_to_cart,,0,2023-05-23,
2032,U1314,3993,Modem,Networking,purchase,3.8,1,2023-07-09,
2033,U1018,3160,Water Flosser,Personal Care,view,,0,2024-03-19,17.0
2034,U0967,3691,Juicer,Kitchen,add_to_cart,,0,2024-04-22,
2035,U1030,2489,Drip Coffee Maker,Kitchen,view,,0,2023-12-23,4.0
2036,U1164,859,Chapati Maker,Kitchen,view,,0,2023-03-09,1.0
2037,U1115,3626,Exhaust Fan,Climate,add_to_cart,,0,2024-02-13,
2038,U0118,1647,Mixer Grinder,Kitchen,view,,0,2023-07-09,95.0
2039,U1931,2712,Water Flosser,Personal Care,view,,0,2024-05-07,101.0
2040,U1095,217,Drip Coffee Maker,Kitchen,add_to_cart,,0,2024-04-29,
2041,U1464,2392,Geyser,Bathroom,add_to_cart,,0,2024-01-28,
2042,U1462,4517,Vacuum Sealer,Kitchen,view,,0,2023-11-25,52.0
2043,U1029,4607,Booster Pump,Outdoor,purchase,5.0,1,2024-04-06,
2044,U1226,2287,Freezer,Kitchen,purchase,4.7,1,2024-09-16,
2045,U1175,215,Emergency Light,Security,view,,0,2024-03-23,152.0
2046,U1785,3508,Water Flosser,Personal Care,purchase,4.3,1,2023-07-12,
2047,U1376,3455,Wall Clock,Decor,view,,0,2024-08-24,405.0
2048,U1858,2811,Voltage Stabilizer,Power,wishlist,2.6,0,2024-05-09,
2049,U0383,1529,Hand Mixer,Kitchen,view,,0,2023-09-24,60.0
2050,U1246,4716,Emergency Light,Security,view,,0,2023-05-01,124.0
2051,U1285,1900,Streaming Device,Entertainment,add_to_cart,,0,2023-05-04,
2052,U0363,4382,Printer,Tools,view,,0,2024-08-20,258.0
2053,U0957,1094,Mini Fridge,Kitchen,add_to_cart,,0,2024-11-07,
2054,U1422,919,Smart Door Lock,Security,view,,0,2023-06-08,20.0
2055,U0360,2554,Bottle Sterilizer,Kitchen,purchase,4.6,1,2024-05-19,
2056,U0409,1144,Air Purifier,Climate,view,,0,2023-10-29,88.0
2057,U0863,1189,Smart Bulb,Smart Home,wishlist,5.0,0,2023-06-23,
2058,U1932,3684,Water Pump,Outdoor,view,,0,2024-03-30,101.0
2059,U1588,2320,Smart Curtain Motor,Smart Home,view,,0,2024-07-04,84.0
2060,U0047,2288,Built In Microwave,Kitchen,purchase,3.5,1,2024-02-01,
2061,U0441,1894,Kitchen Chimney,Kitchen,add_to_cart,,0,2023-05-01,
2062,U1872,2963,Home Server,Networking,view,,0,2023-01-15,3.0
2063,U0530,2190,Security Camera,Security,add_to_cart,,0,2024-09-02,
2064,U0903,432,Floor Polisher,Cleaning,view,,0,2023-11-13,38.0
2065,U1869,4752,Portable Dishwasher,Cleaning,purchase,3.8,1,2023-02-12,
2066,U1585,166,Landline Phone,Smart Home,view,,0,2023-01-01,49.0
2067,U1539,1968,Air Quality Monitor,Smart Home,add_to_cart,,0,2023-03-10,
2068,U0476,1098,Automatic Pet Water Fountain,Pet,wishlist,3.9,0,2024-08-16,
2069,U0394,1657,Solar Water Heater,Power,view,,0,2023-01-07,170.0
2070,U1824,165,Wall Clock,Decor,add_to_cart,,0,2023-02-23,
2071,U0246,4291,Built In Oven,Kitchen,view,,0,2024-03-11,65.0
2072,U1537,3628,Home Server,Networking,view,,0,2024-01-21,192.0
2073,U0557,4186,Epilator,Personal Care,view,,0,2023-11-13,50.0
2074,U1070,2140,3D Printer,Hobby,wishlist,3.5,0,2024-09-02,
2075,U1870,1879,Air Cooler,Climate,view,,0,2023-12-01,7.0
2076,U0029,4567,Carbon Monoxide Detector,Security,view,,0,2024-11-04,490.0
2077,U0432,53,Smart Door Lock,Security,view,,0,2024-01-29,81.0
2078,U0271,4432,Space Heater,Climate,view,,0,2023-05-07,110.0
2079,U0512,171,Hair Dryer,Personal Care,view,,0,2024-07-04,32.0
2080,U0678,639,Water Pump,Outdoor,view,,0,2024-10-09,99.0
2081,U0355,1309,RO Purifier,Bathroom,purchase,3.2,1,2023-05-29,
2082,U1929,2531,Sandwich Maker,Kitchen,purchase,3.6,1,2024-03-26,
2083,U1602,2796,Electric Tandoor,Kitchen,add_to_cart,,0,2023-05-08,
2084,U1001,3966,Electric Tandoor,Kitchen,view,,0,2024-03-15,25.0
2085,U1575,3007,RO Purifier,Bathroom,purchase,3.7,1,2024-04-08,
2086,U0434,1487,Smart Plug,Smart Home,view,,0,2023-08-07,227.0
2087,U1993,2699,Ceiling Fan,Climate,view,,0,2023-05-15,42.0
2088,U0905,3512,WiFi Extender,Networking,add_to_cart,,0,2024-11-17,
2089,U1888,606,Electric Blanket,Personal Care,view,,0,2023-03-03,75.0
2090,U1963,2548,Air Quality Monitor,Smart Home,view,,0,2024-05-10,8.0
2091,U1183,2603,Mini Fridge,Kitchen,add_to_cart,,0,2023-01-01,
2092,U1618,1484,Air Purifier,Climate,purchase,4.0,1,2023-09-24,
2093,U0770,4153,Electric Pressure Cooker,Kitchen,view,,0,2023-02-08,90.0
2094,U1363,333,Home Server,Networking,purchase,4.5,1,2023-03-18,
2095,U0197,2764,Hot Dog Maker,Kitchen,view,,0,2023-02-19,132.0
2096,U0921,4311,Vacuum Sealer,Kitchen,purchase,4.8,1,2024-02-08,
2097,U1971,425,Garbage Disposal,Kitchen,purchase,4.7,1,2023-06-29,
2098,U0466,476,Terrarium Heater,Pet,purchase,2.9,1,2023-02-02,
2099,U1821,4954,Pet Feeder,Pet,purchase,3.9,1,2024-02-13,
2100,U1027,290,Power Strip,Power,view,,0,2024-08-10,2.0
2101,U1719,1889,Smart Switch,Smart Home,add_to_cart,,0,2023-03-09,
2102,U0173,668,Heating Pad,Personal Care,view,,0,2023-11-27,113.0
2103,U0389,711,Milk Frother,Kitchen,view,,0,2023-08-12,124.0
2104,U0990,753,Jacuzzi Pump,Bathroom,view,,0,2024-12-09,116.0
2105,U1855,4809,RO Purifier,Bathroom,view,,0,2023-08-20,39.0
2106,U0800,3541,Electric Blanket,Personal Care,wishlist,4.2,0,2024-10-18,
2107,U1595,2513,Sump Pump,Outdoor,purchase,4.3,1,2023-12-31,
2108,U1398,1859,Sprinkler System,Tools,purchase,4.2,1,2024-11-08,
2109,U1609,1494,Leaf Blower,Tools,add_to_cart,,0,2024-06-07,
2110,U1314,1922,Aquarium Filter,Pet,purchase,3.4,1,2023-10-12,
2111,U1213,2525,Electric Kettle,Kitchen,add_to_cart,,0,2024-08-24,
2112,U1328,2965,Terrarium Heater,Pet,purchase,4.2,1,2023-05-04,
2113,U0094,2296,Deep Fryer,Kitchen,purchase,5.0,1,2024-06-12,
2114,U0832,608,Rice Cooker,Kitchen,purchase,4.9,1,2023-09-19,
2115,U1783,353,Smart TV,Entertainment,purchase,5.0,1,2024-12-28,
2116,U1085,1436,Built In Oven,Kitchen,view,,0,2023-01-18,111.0
2117,U1460,3246,Pet Feeder,Pet,add_to_cart,,0,2023-03-04,
2118,U0477,4274,Tower Fan,Climate,wishlist,3.9,0,2023-12-10,
2119,U0736,3361,Geyser,Bathroom,view,,0,2024-11-16,11.0
2120,U0311,3099,Range Hood,Kitchen,purchase,4.3,1,2023-05-22,
2121,U0227,1514,Set Top Box,Entertainment,purchase,2.9,1,2024-01-02,
2122,U1091,4068,Massage Chair,Personal Care,view,,0,2024-10-13,60.0
2123,U0432,1948,Floor Polisher,Cleaning,purchase,3.0,1,2024-09-11,
2124,U0228,1481,Heater,Climate,view,,0,2024-12-07,51.0
2125,U0757,4969,Mixer Grinder,Kitchen,add_to_cart,,0,2023-01-08,
2126,U0854,1657,Solar Water Heater,Power,view,,0,2024-04-02,529.0
2127,U0801,3609,Robot Vacuum,Cleaning,add_to_cart,,0,2024-05-01,
2128,U0954,1815,Window Cleaner Robot,Cleaning,wishlist,4.0,0,2024-08-24,
2129,U1572,1100,Smart Thermostat,Climate,view,,0,2024-11-24,77.0
2130,U0091,930,Geyser,Bathroom,view,,0,2024-07-13,8.0
2131,U1886,193,Water Heater,Bathroom,wishlist,4.6,0,2023-07-05,
2132,U1039,2679,Smart Refrigerator,Kitchen,view,,0,2024-04-12,148.0
2133,U0193,4526,Portable Dishwasher,Cleaning,purchase,4.5,1,2023-04-10,
2134,U0665,3389,Toaster Oven,Kitchen,view,,0,2023-04-25,47.0
2135,U0070,1336,Portable Dishwasher,Cleaning,purchase,5.0,1,2023-02-25,
2136,U1089,403,Knitting Machine,Hobby,view,,0,2024-02-06,38.0
2137,U1509,4255,Handheld Vacuum,Cleaning,view,,0,2023-10-03,66.0
2138,U0373,2170,Panini Press,Kitchen,view,,0,2023-06-22,53.0
2139,U1227,1465,Handheld Vacuum,Cleaning,wishlist,3.9,0,2023-03-20,
2140,U0146,1502,Smart Air Conditioner,Climate,view,,0,2024-04-15,207.0
2141,U1547,325,Vacuum Cleaner,Cleaning,purchase,3.9,1,2024-02-06,
2142,U0009,2646,Router,Networking,purchase,3.8,1,2023-07-14,
2143,U1951,1077,Smart Switch,Smart Home,view,,0,2023-12-24,343.0
2144,U1354,3386,UPS,Power,view,,0,2023-11-30,154.0
2145,U1057,516,Water Softener,Bathroom,view,,0,2023-01-28,148.0
2146,U0547,2852,Smart Lock,Security,view,,0,2023-06-22,32.0
2147,U0692,440,Ice Cream Maker,Kitchen,add_to_cart,,0,2023-11-06,
2148,U1006,3330,Smoke Detector,Security,view,,0,2023-09-12,44.0
2149,U0087,12,Wall Clock,Decor,add_to_cart,,0,2024-08-06,
2150,U0053,3137,Pool Pump,Outdoor,view,,0,2024-12-13,46.0
2151,U0687,1613,Central Vacuum System,Cleaning,add_to_cart,,0,2024-02-03,
2152,U1613,4097,Dough Maker,Kitchen,view,,0,2023-02-28,19.0
2153,U0227,351,Towel Warmer,Bathroom,wishlist,4.0,0,2023-02-28,
2154,U1079,3889,Gaming Console,Entertainment,add_to_cart,,0,2024-09-13,
2155,U0898,348,Juicer,Kitchen,view,,0,2024-07-19,155.0
2156,U0630,2497,3D Printer,Hobby,add_to_cart,,0,2024-12-14,
2157,U1355,1815,Window Cleaner Robot,Cleaning,view,,0,2023-04-28,68.0
2158,U0012,4189,Printer,Tools,view,,0,2024-06-26,3.0
2159,U1737,4866,Soundbar,Entertainment,add_to_cart,,0,2024-09-28,
2160,U0903,4113,Mixer Grinder,Kitchen,view,,0,2023-11-18,186.0
2161,U0907,2974,Misting Fan,Climate,view,,0,2024-10-13,305.0
2162,U1736,361,Speakers,Entertainment,view,,0,2024-09-03,281.0
2163,U0996,3849,Citrus Juicer,Kitchen,view,,0,2024-08-28,83.0
2164,U0126,906,Window Air Conditioner,Climate,view,,0,2023-01-11,6.0
2165,U1580,51,Carpet Cleaner,Cleaning,add_to_cart,,0,2023-02-11,
2166,U0470,1929,Weather Station,Smart Home,purchase,4.5,1,2023-06-06,
2167,U1536,4594,Air Fryer,Kitchen,wishlist,3.2,0,2024-01-19,
2168,U1976,1132,Video Doorbell,Security,view,,0,2023-11-06,175.0
2169,U1715,3357,Smart Air Conditioner,Climate,view,,0,2023-10-20,400.0
2170,U0759,1101,Emergency Light,Security,view,,0,2023-06-27,60.0
2171,U0896,4993,Solar Panel Inverter,Power,view,,0,2024-01-19,19.0
2172,U1414,4618,Smart Hub,Networking,view,,0,2023-03-14,697.0
2173,U0967,1071,Steam Iron,Laundry,view,,0,2023-04-14,87.0
2174,U1038,752,Geyser,Bathroom,view,,0,2023-05-19,15.0
2175,U1045,1998,Door Intercom,Security,purchase,5.0,1,2024-12-09,
2176,U1397,4413,Foot Massager,Personal Care,wishlist,4.6,0,2024-11-03,
2177,U1518,606,Electric Blanket,Personal Care,view,,0,2024-01-20,82.0
2178,U0194,3722,Air Quality Monitor,Smart Home,wishlist,5.0,0,2024-12-24,
2179,U1030,690,Router,Networking,view,,0,2023-10-08,28.0
2180,U1178,2400,Smart Dryer,Laundry,purchase,4.7,1,2023-07-24,
2181,U0543,685,Electric Shaver,Personal Care,wishlist,1.3,0,2024-11-30,
2182,U0665,4044,Bread Maker,Kitchen,view,,0,2024-07-16,26.0
2183,U1229,1008,Smart Washer,Laundry,purchase,4.4,1,2023-07-22,
2184,U0116,1489,Egg Cooker,Kitchen,purchase,3.9,1,2023-10-14,
2185,U1135,2022,Hot Dog Maker,Kitchen,add_to_cart,,0,2024-05-11,
2186,U1749,978,Smart Curtain Motor,Smart Home,purchase,4.8,1,2024-06-01,
2187,U1388,2342,Cold Press Juicer,Kitchen,purchase,4.8,1,2023-01-15,
2188,U1323,2171,Home Automation Controller,Networking,add_to_cart,,0,2023-05-12,
2189,U1690,2740,Kitchen Chimney,Kitchen,purchase,3.7,1,2024-07-26,
2190,U0345,3258,Security Camera,Security,wishlist,3.4,0,2023-06-08,
2191,U0702,1081,Washer Dryer Combo,Laundry,view,,0,2024-02-29,20.0
2192,U0086,438,Smart Hub,Networking,view,,0,2023-11-07,48.0
2193,U0696,1816,Modem,Networking,view,,0,2024-12-24,65.0
2194,U0859,150,Terrarium Heater,Pet,view,,0,2023-11-29,40.0
2195,U1629,3962,Smart Door Lock,Security,purchase,3.0,1,2023-01-28,
2196,U1782,32,Hand Mixer,Kitchen,view,,0,2024-02-08,115.0
2197,U0136,1508,Pet Feeder,Pet,purchase,4.3,1,2024-07-25,
2198,U0131,4129,Washing Machine,Laundry,add_to_cart,,0,2024-11-24,
2199,U0844,598,Sandwich Maker,Kitchen,wishlist,3.0,0,2023-06-26,
2200,U1866,976,Espresso Machine,Kitchen,view,,0,2024-07-02,224.0
2201,U0789,2269,Cold Press Juicer,Kitchen,purchase,4.0,1,2024-01-21,
2202,U0814,3332,Ice Maker,Kitchen,add_to_cart,,0,2024-02-09,
2203,U0137,4017,Electric Drill,Tools,purchase,4.7,1,2024-02-03,
2204,U1686,2164,Chapati Maker,Kitchen,view,,0,2023-07-13,129.0
2205,U0780,74,Iron,Laundry,add_to_cart,,0,2023-04-28,
2206,U0383,3108,Water Flosser,Personal Care,view,,0,2023-05-17,25.0
2207,U1330,3866,Smart Hub,Networking,add_to_cart,,0,2023-10-28,
2208,U1366,3195,Massage Chair,Personal Care,wishlist,4.5,0,2024-03-20,
2209,U1660,3799,Scanner,Tools,purchase,5.0,1,2024-06-24,
2210,U1395,4237,Vacuum Sealer,Kitchen,view,,0,2024-02-27,88.0
2211,U1078,1486,Sandwich Maker,Kitchen,purchase,5.0,1,2024-06-14,
2212,U1330,2551,Kombucha Maker,Hobby,view,,0,2024-08-08,193.0
2213,U1724,3037,Handheld Vacuum,Cleaning,add_to_cart,,0,2024-12-04,
2214,U0721,1795,Waffle Maker,Kitchen,add_to_cart,,0,2023-04-08,
2215,U0853,1648,Kegerator,Hobby,view,,0,2023-09-07,257.0
2216,U0955,1673,Angle Grinder,Tools,view,,0,2023-12-25,432.0
2217,U0881,1635,Router,Networking,view,,0,2024-02-16,176.0
2218,U0101,4027,Boot Warmer,Laundry,purchase,3.8,1,2023-01-06,
2219,U0709,2151,Electric Scooter Charger,Power,wishlist,4.0,0,2023-04-22,
2220,U0780,1008,Smart Washer,Laundry,add_to_cart,,0,2023-10-25,
2221,U1507,2452,Smart Switch,Smart Home,view,,0,2023-08-22,201.0
2222,U1770,4647,Printer,Tools,purchase,4.4,1,2024-11-23,
2223,U0640,3405,Smart Plug,Smart Home,add_to_cart,,0,2023-09-02,
2224,U1709,4818,Heater,Climate,wishlist,5.0,0,2024-09-07,
2225,U0504,2926,Smart Plug,Smart Home,purchase,4.5,1,2024-02-08,
2226,U1941,3194,Label Maker,Tools,purchase,3.4,1,2024-09-11,
2227,U1965,4160,Mini Fridge,Kitchen,purchase,2.2,1,2024-09-16,
2228,U0535,1503,Can Opener,Kitchen,view,,0,2024-05-05,190.0
2229,U0429,4390,Tower Fan,Climate,purchase,4.7,1,2024-06-03,
2230,U1289,2242,Air Conditioner,Climate,view,,0,2024-03-05,133.0
2231,U0442,1335,Electric Pressure Cooker,Kitchen,add_to_cart,,0,2023-01-20,
2232,U1177,4832,Espresso Machine,Kitchen,add_to_cart,,0,2024-05-31,
2233,U0460,2525,Electric Kettle,Kitchen,view,,0,2024-06-21,91.0
2234,U0741,60,Hair Straightener,Personal Care,add_to_cart,,0,2023-11-11,
2235,U1008,2339,WiFi Extender,Networking,purchase,4.2,1,2023-08-02,
2236,U0540,1084,Air Quality Monitor,Smart Home,purchase,3.2,1,2024-12-20,
2237,U0920,3196,Ceiling Fan,Climate,purchase,2.9,1,2023-02-11,
2238,U1523,3654,Aquarium Filter,Pet,view,,0,2023-04-27,92.0
2239,U1462,3618,Home Automation Controller,Networking,add_to_cart,,0,2024-10-31,
2240,U0694,4551,Air Conditioner,Climate,view,,0,2023-07-06,49.0
2241,U1867,3066,Induction Cooktop,Kitchen,view,,0,2023-02-05,128.0
2242,U1735,1510,Cotton Candy Machine,Hobby,view,,0,2024-06-03,47.0
2243,U0673,4195,Trimmer,Personal Care,view,,0,2023-11-22,208.0
2244,U0807,4349,Crepe Maker,Kitchen,view,,0,2023-01-09,18.0
2245,U0290,719,Table Fan,Climate,view,,0,2023-11-21,117.0
2246,U1314,3013,Aquarium Filter,Pet,wishlist,4.9,0,2023-07-31,
2247,U1751,4664,Kegerator,Hobby,purchase,5.0,1,2023-09-14,
2248,U1235,1952,Attic Fan,Climate,view,,0,2024-02-22,11.0
2249,U1318,1675,Tankless Water Heater,Bathroom,purchase,4.1,1,2023-07-14,
2250,U0546,4724,Aquarium Heater,Pet,purchase,3.5,1,2024-04-12,
2251,U1326,4829,Water Heater,Bathroom,add_to_cart,,0,2023-08-10,
2252,U0613,630,Food Dehydrator,Kitchen,view,,0,2023-02-26,50.0
2253,U1992,2746,Weather Station,Smart Home,add_to_cart,,0,2024-10-26,
2254,U1025,2058,Hair Dryer,Personal Care,add_to_cart,,0,2023-07-07,
2255,U0663,3374,Smart Lock,Security,wishlist,4.8,0,2024-03-15,
2256,U0158,3333,Handheld Vacuum,Cleaning,add_to_cart,,0,2023-04-07,
2257,U1511,3529,Door Intercom,Security,add_to_cart,,0,2024-12-28,
2258,U0717,426,Jacuzzi Pump,Bathroom,view,,0,2023-07-12,193.0
2259,U0366,4712,Carpet Cleaner,Cleaning,add_to_cart,,0,2024-05-11,
2260,U0503,2292,Tankless Water Heater,Bathroom,wishlist,5.0,0,2023-12-21,
2261,U0665,4,Knitting Machine,Hobby,purchase,4.5,1,2023-09-07,
2262,U0560,571,Fabric Shaver,Laundry,view,,0,2024-10-19,461.0
2263,U0102,4832,Espresso Machine,Kitchen,view,,0,2024-03-18,196.0
2264,U1959,3961,Roti Maker,Kitchen,view,,0,2024-01-09,62.0
2265,U0801,671,Foot Massager,Personal Care,purchase,4.7,1,2024-05-28,
2266,U0169,1771,Water Flosser,Personal Care,view,,0,2024-03-02,74.0
2267,U1370,2038,Sous Vide Cooker,Kitchen,wishlist,3.9,0,2023-09-01,
2268,U0322,628,Door Intercom,Security,add_to_cart,,0,2024-12-06,
2269,U1385,3002,Terrarium Heater,Pet,view,,0,2023-06-04,24.0
2270,U1099,548,Paper Shredder,Tools,purchase,3.6,1,2023-05-18,
2271,U1839,4151,DVD Player,Entertainment,purchase,4.4,1,2023-01-24,
2272,U1406,3906,Inverter,Power,purchase,3.6,1,2024-12-06,
2273,U1574,3493,Smart Washer,Laundry,add_to_cart,,0,2023-10-19,
2274,U0310,4316,Smart Garage Door Opener,Security,wishlist,4.1,0,2024-05-16,
2275,U0462,4346,Iron,Laundry,wishlist,3.6,0,2024-11-21,
2276,U1614,1540,Leaf Blower,Tools,view,,0,2023-09-19,108.0
2277,U1964,1494,Leaf Blower,Tools,add_to_cart,,0,2023-04-10,
2278,U1123,814,Electric Skillet,Kitchen,purchase,5.0,1,2024-08-21,
2279,U0740,1913,Induction Cooktop,Kitchen,view,,0,2023-09-05,539.0
2280,U0742,4460,Electric Vehicle Charger,Power,purchase,4.9,1,2024-11-12,
2281,U0884,55,Smart Door Lock,Security,view,,0,2023-09-26,201.0
2282,U1861,4167,Gaming Console,Entertainment,add_to_cart,,0,2024-10-21,
2283,U1228,803,Meat Grinder,Kitchen,view,,0,2023-01-23,14.0
2284,U0363,3001,Pressure Washer,Cleaning,purchase,4.2,1,2024-07-17,
2285,U1929,3069,Countertop Dishwasher,Cleaning,view,,0,2023-09-02,144.0
2286,U0223,564,Hair Straightener,Personal Care,purchase,2.6,1,2024-02-12,
2287,U1952,3269,WiFi Extender,Networking,add_to_cart,,0,2023-09-10,
2288,U1943,3162,Rowing Machine,Fitness,purchase,4.0,1,2023-03-26,
2289,U0870,3759,Table Fan,Climate,purchase,3.7,1,2024-04-15,
2290,U0847,1766,Kegerator,Hobby,view,,0,2023-07-24,175.0
2291,U0707,2555,Coffee Maker,Kitchen,purchase,5.0,1,2024-06-27,
2292,U1328,3073,Electric Skillet,Kitchen,add_to_cart,,0,2024-04-20,
2293,U1123,831,Towel Warmer,Bathroom,view,,0,2023-05-28,37.0
2294,U0131,3881,Trash Compactor,Kitchen,purchase,5.0,1,2023-04-23,
2295,U1466,671,Foot Massager,Personal Care,view,,0,2023-08-23,309.0
2296,U1813,3356,Printer,Tools,purchase,5.0,1,2024-07-03,
2297,U0284,1098,Automatic Pet Water Fountain,Pet,view,,0,2024-03-26,60.0
2298,U0332,668,Heating Pad,Personal Care,wishlist,3.0,0,2023-03-13,
2299,U0127,2815,Electric Pressure Cooker,Kitchen,view,,0,2024-01-20,326.0
2300,U1413,4633,Tea Maker,Kitchen,view,,0,2023-07-30,140.0
2301,U0587,4672,Massager,Personal Care,purchase,2.9,1,2024-08-01,
2302,U0008,4126,Smoke Detector,Security,add_to_cart,,0,2024-01-16,
2303,U1342,313,Bread Maker,Kitchen,add_to_cart,,0,2023-12-31,
2304,U0873,1751,WiFi Extender,Networking,view,,0,2024-04-10,150.0
2305,U1018,1401,Portable Air Conditioner,Climate,view,,0,2023-04-25,79.0
2306,U1421,4207,Clock,Decor,purchase,5.0,1,2023-03-31,
2307,U0901,2746,Weather Station,Smart Home,purchase,3.4,1,2023-06-25,
2308,U1508,1046,Air Fryer,Kitchen,wishlist,4.5,0,2023-12-03,
2309,U0735,4721,Terrarium Heater,Pet,view,,0,2023-11-28,66.0
2310,U1263,4361,Landline Phone,Smart Home,wishlist,3.6,0,2023-01-24,
2311,U0880,717,Water Filter,Bathroom,purchase,4.0,1,2024-04-02,
2312,U0277,1269,Pet Feeder,Pet,view,,0,2024-04-02,34.0
2313,U0220,4934,Hair Curler,Personal Care,wishlist,2.6,0,2023-12-17,
2314,U0226,3254,Smart Switch,Smart Home,view,,0,2023-08-26,171.0
2315,U1451,1105,Smart Curtain Motor,Smart Home,purchase,4.2,1,2024-12-02,
2316,U0253,1046,Air Fryer,Kitchen,view,,0,2024-03-02,95.0
2317,U1576,561,UV Water Purifier,Bathroom,view,,0,2023-09-13,160.0
2318,U1121,2894,Space Heater,Climate,purchase,5.0,1,2024-03-26,
2319,U1816,3364,Pet Feeder,Pet,wishlist,5.0,0,2024-03-05,
2320,U1088,2258,Dishwasher,Cleaning,view,,0,2024-01-28,227.0
2321,U1434,614,Coffee Maker,Kitchen,view,,0,2023-04-24,58.0
2322,U1654,2088,Pet Feeder,Pet,wishlist,4.7,0,2023-10-09,
2323,U1901,3057,Knitting Machine,Hobby,view,,0,2024-07-02,95.0
2324,U1268,1274,Sewing Machine,Hobby,add_to_cart,,0,2023-03-12,
2325,U0917,4363,Bottle Sterilizer,Kitchen,view,,0,2023-05-16,34.0
2326,U1103,44,Vacuum Cleaner,Cleaning,wishlist,3.0,0,2023-03-17,
2327,U1091,2384,Clock,Decor,view,,0,2023-03-09,44.0
2328,U1142,4086,Blender,Kitchen,add_to_cart,,0,2024-11-16,
2329,U1974,3347,Foot Massager,Personal Care,wishlist,4.2,0,2024-09-05,
2330,U1650,1230,Hair Curler,Personal Care,view,,0,2023-05-25,142.0
2331,U1901,2365,Weather Station,Smart Home,view,,0,2023-11-28,29.0
2332,U0472,497,Smart Bulb,Smart Home,purchase,5.0,1,2024-12-19,
2333,U1265,3376,Microwave Oven,Kitchen,add_to_cart,,0,2023-11-23,
2334,U1559,1697,Steam Cleaner,Cleaning,purchase,5.0,1,2024-09-18,
2335,U1911,2288,Built In Microwave,Kitchen,add_to_cart,,0,2024-10-21,
2336,U1581,2250,Robot Vacuum,Cleaning,add_to_cart,,0,2023-12-19,
2337,U0622,3658,Vacuum Cleaner,Cleaning,view,,0,2023-03-04,59.0
2338,U0332,4289,Pressure Washer,Cleaning,purchase,4.1,1,2023-12-18,
2339,U1029,3007,RO Purifier,Bathroom,purchase,4.0,1,2023-03-20,
2340,U0221,2207,Clock,Decor,view,,0,2023-06-07,59.0
2341,U0858,3386,UPS,Power,view,,0,2024-06-13,1016.0
2342,U1728,3128,Emergency Light,Security,purchase,4.3,1,2023-09-06,
2343,U0848,1120,Central Air Conditioner,Climate,purchase,4.1,1,2023-09-03,
2344,U1533,2997,Jacuzzi Pump,Bathroom,view,,0,2023-01-13,85.0
2345,U1196,1906,Coffee Grinder,Kitchen,view,,0,2023-02-12,98.0
2346,U1612,1285,Smart Door Lock,Security,wishlist,5.0,0,2023-10-02,
2347,U1119,2638,Tankless Water Heater,Bathroom,view,,0,2024-05-06,19.0
2348,U0291,3652,Smart TV,Entertainment,view,,0,2024-09-06,150.0
2349,U0319,3772,Modem,Networking,add_to_cart,,0,2024-11-09,
2350,U0720,2991,Geyser,Bathroom,add_to_cart,,0,2024-02-26,
2351,U0811,1882,Terrarium Heater,Pet,view,,0,2023-06-18,17.0
2352,U0192,4644,Handheld Vacuum,Cleaning,add_to_cart,,0,2024-03-09,
2353,U1469,3532,Electric Vehicle Charger,Power,purchase,5.0,1,2024-10-31,
2354,U0367,877,3D Printer,Hobby,view,,0,2024-04-26,100.0
2355,U1575,906,Window Air Conditioner,Climate,view,,0,2024-08-07,126.0
2356,U1071,1032,Food Dehydrator,Kitchen,add_to_cart,,0,2023-07-15,
2357,U0341,3187,Deep Fryer,Kitchen,purchase,3.6,1,2023-11-06,
2358,U0646,2537,Heater,Climate,add_to_cart,,0,2024-12-16,
2359,U0563,3172,Extension Cord,Power,view,,0,2024-10-22,1.0
2360,U1276,3839,DVD Player,Entertainment,purchase,2.3,1,2024-11-08,
2361,U1425,1483,Window Cleaner Robot,Cleaning,add_to_cart,,0,2024-10-22,
2362,U1565,672,Aquarium Filter,Pet,purchase,3.8,1,2023-10-23,
2363,U1748,4916,Bathroom Exhaust Fan,Bathroom,view,,0,2023-03-17,103.0
2364,U0098,1669,Sandwich Maker,Kitchen,view,,0,2023-02-24,65.0
2365,U1485,2432,Hot Plate,Kitchen,wishlist,4.5,0,2023-04-12,
2366,U0043,2140,3D Printer,Hobby,view,,0,2023-08-07,190.0
2367,U1261,342,Hair Curler,Personal Care,view,,0,2024-03-30,35.0
2368,U0334,4353,Cold Press Juicer,Kitchen,add_to_cart,,0,2024-04-02,
2369,U1689,2841,Bread Maker,Kitchen,purchase,4.4,1,2024-08-11,
2370,U1432,4123,Electric Fireplace,Climate,add_to_cart,,0,2024-08-23,
2371,U1422,3541,Electric Blanket,Personal Care,add_to_cart,,0,2024-10-29,
2372,U0559,4265,Built In Microwave,Kitchen,add_to_cart,,0,2023-11-20,
2373,U0317,2423,Electric Blanket,Personal Care,purchase,3.5,1,2023-01-18,
2374,U1172,1563,Wall Clock,Decor,add_to_cart,,0,2024-10-18,
2375,U1232,1444,RO Purifier,Bathroom,add_to_cart,,0,2024-01-30,
2376,U0567,2860,Smart Plug,Smart Home,add_to_cart,,0,2024-02-02,
2377,U0074,1449,Leaf Blower,Tools,view,,0,2023-01-26,226.0
2378,U1986,3614,Sewing Machine,Hobby,wishlist,5.0,0,2023-11-06,
2379,U0117,3251,Sump Pump,Outdoor,view,,0,2024-01-18,31.0
2380,U1919,2109,Weather Station,Smart Home,view,,0,2024-12-24,223.0
2381,U0214,1497,Smart Hub,Networking,view,,0,2023-02-13,58.0
2382,U1452,2186,Pool Pump,Outdoor,add_to_cart,,0,2024-03-15,
2383,U1812,1199,Television,Entertainment,purchase,4.4,1,2024-04-15,
2384,U1708,4418,RO Purifier,Bathroom,purchase,4.7,1,2023-08-03,
2385,U1360,662,Smoke Detector,Security,purchase,4.8,1,2023-09-29,
2386,U1938,3424,Basement Dehumidifier,Outdoor,view,,0,2024-03-06,285.0
2387,U0616,1139,Electric Drill,Tools,add_to_cart,,0,2023-12-06,
2388,U0220,2991,Geyser,Bathroom,add_to_cart,,0,2023-01-16,
2389,U1111,2947,Bidet Seat,Bathroom,view,,0,2023-07-10,220.0
2390,U1040,1499,Projector,Entertainment,add_to_cart,,0,2023-11-14,
2391,U1262,2294,Modem,Networking,purchase,2.8,1,2024-01-17,
2392,U0919,4222,Smart Refrigerator,Kitchen,purchase,4.1,1,2024-09-26,
2393,U1238,2564,Alarm System,Security,add_to_cart,,0,2024-02-14,
2394,U1310,2505,Countertop Dishwasher,Cleaning,view,,0,2024-02-05,60.0
2395,U1602,3438,Air Purifier,Climate,add_to_cart,,0,2023-05-19,
2396,U0662,2730,Smart Dryer,Laundry,view,,0,2023-07-23,80.0
2397,U0169,3293,Aquarium Heater,Pet,add_to_cart,,0,2024-02-28,
2398,U1069,3476,Smart Refrigerator,Kitchen,purchase,3.2,1,2024-10-09,
2399,U1611,3199,Dishwasher,Cleaning,view,,0,2024-05-08,82.0
2400,U0229,3541,Electric Blanket,Personal Care,purchase,3.9,1,2023-03-07,
2401,U0571,280,Smart Plug,Smart Home,purchase,4.1,1,2023-11-19,
2402,U1414,405,Food Dehydrator,Kitchen,view,,0,2024-03-21,390.0
2403,U1816,4699,Aquarium Filter,Pet,wishlist,4.4,0,2024-12-04,
2404,U1716,759,Air Fryer,Kitchen,view,,0,2024-03-24,527.0
2405,U1368,2747,Smart Hub,Networking,add_to_cart,,0,2023-06-24,
2406,U1555,1173,Central Vacuum System,Cleaning,view,,0,2024-07-05,28.0
2407,U1974,2702,Countertop Dishwasher,Cleaning,view,,0,2023-12-22,6.0
2408,U1935,1363,Electric Kettle,Kitchen,purchase,4.6,1,2024-01-09,
2409,U1603,151,Rowing Machine,Fitness,add_to_cart,,0,2024-04-25,
2410,U1891,3370,Blender,Kitchen,view,,0,2023-07-10,26.0
2411,U0389,4434,Infrared Sauna,Fitness,view,,0,2023-02-06,57.0
2412,U0819,3796,Clothesline Dryer,Laundry,add_to_cart,,0,2023-06-02,
2413,U0992,2794,Pressure Cooker,Kitchen,add_to_cart,,0,2023-02-04,
2414,U0816,697,Smart Plug,Smart Home,view,,0,2024-11-09,60.0
2415,U1013,955,Aquarium Heater,Pet,purchase,3.9,1,2024-08-03,
2416,U1122,4050,Home Automation Controller,Networking,view,,0,2023-11-28,59.0
2417,U0976,636,Home Automation Controller,Networking,view,,0,2023-09-03,41.0
2418,U1859,4593,Garbage Disposal,Kitchen,purchase,4.2,1,2024-02-18,
2419,U1896,3467,Ceiling Fan,Climate,view,,0,2023-04-24,403.0
2420,U0421,1853,Mixer Grinder,Kitchen,purchase,4.2,1,2023-11-16,
2421,U0255,316,Streaming Device,Entertainment,wishlist,4.4,0,2023-03-16,
2422,U0786,4337,Smart Air Conditioner,Climate,purchase,4.0,1,2023-12-27,
2423,U0902,1010,Hot Dog Maker,Kitchen,purchase,5.0,1,2023-09-28,
2424,U0374,3109,Central Air Conditioner,Climate,purchase,3.3,1,2023-03-10,
2425,U1603,3827,Security Camera,Security,wishlist,3.7,0,2023-02-09,
2426,U1492,4947,Video Doorbell,Security,purchase,4.3,1,2023-09-26,
2427,U1301,2639,Dehumidifier,Climate,purchase,5.0,1,2023-05-29,
2428,U1006,228,Chapati Maker,Kitchen,view,,0,2023-10-02,159.0
2429,U0906,4294,Cooktop,Kitchen,view,,0,2024-10-01,170.0
2430,U1566,1192,Electric Blanket,Personal Care,wishlist,4.8,0,2023-09-24,
2431,U0958,553,Lawn Mower,Tools,view,,0,2024-04-10,133.0
2432,U1452,4218,Wall Clock,Decor,add_to_cart,,0,2023-05-01,
2433,U0289,446,Clock,Decor,wishlist,5.0,0,2024-04-03,
2434,U0883,3040,Hot Plate,Kitchen,wishlist,3.3,0,2024-08-18,
2435,U0891,319,Water Boiler,Kitchen,add_to_cart,,0,2024-09-17,
2436,U0625,3218,Electric Oven,Kitchen,purchase,4.6,1,2023-11-03,
2437,U0715,3847,Alarm Clock,Decor,view,,0,2023-08-06,42.0
2438,U0397,1655,Cold Press Juicer,Kitchen,view,,0,2024-02-09,29.0
2439,U0894,1773,Trash Compactor,Kitchen,view,,0,2024-07-09,129.0
2440,U0338,4799,Trimmer,Personal Care,add_to_cart,,0,2023-01-11,
2441,U1584,1225,Range Hood,Kitchen,add_to_cart,,0,2023-05-15,
2442,U1552,2494,Attic Fan,Climate,wishlist,4.0,0,2024-12-16,
2443,U0811,1835,Space Heater,Climate,purchase,3.7,1,2024-11-08,
2444,U1755,2316,Electric Blanket,Personal Care,purchase,4.4,1,2023-02-20,
2445,U0457,1378,Knitting Machine,Hobby,add_to_cart,,0,2023-12-21,
2446,U1649,590,Misting Fan,Climate,view,,0,2024-05-17,149.0
2447,U1388,4846,Projector,Entertainment,view,,0,2023-06-17,163.0
2448,U1966,852,Electric Knife,Kitchen,view,,0,2023-04-23,18.0
2449,U0752,1017,Shoe Dryer,Laundry,purchase,4.6,1,2023-09-13,
2450,U0541,220,Water Pump,Outdoor,add_to_cart,,0,2023-02-25,
2451,U0659,3847,Alarm Clock,Decor,add_to_cart,,0,2024-05-07,
2452,U0438,3886,Basement Dehumidifier,Outdoor,add_to_cart,,0,2023-01-09,
2453,U1170,2722,Home Server,Networking,view,,0,2024-06-13,22.0
2454,U0696,724,Convection Microwave,Kitchen,wishlist,4.8,0,2023-07-07,
2455,U0168,2749,Home Automation Controller,Networking,purchase,3.3,1,2024-08-25,
2456,U1860,3806,Smart TV,Entertainment,wishlist,4.0,0,2024-12-04,
2457,U0505,4726,Jacuzzi Pump,Bathroom,view,,0,2023-10-15,304.0
2458,U0977,33,Hot Plate,Kitchen,purchase,4.8,1,2024-10-19,
2459,U0308,137,Knitting Machine,Hobby,view,,0,2024-07-14,3.0
2460,U1608,4257,Electric Shaver,Personal Care,purchase,4.8,1,2023-04-06,
2461,U1175,2590,Electric Vehicle Charger,Power,view,,0,2023-02-23,263.0
2462,U1408,3476,Smart Refrigerator,Kitchen,add_to_cart,,0,2023-04-09,
2463,U1337,3908,Heating Pad,Personal Care,view,,0,2023-11-18,1.0
2464,U0118,775,Central Vacuum System,Cleaning,view,,0,2023-11-19,49.0
2465,U0531,3892,Smart Oven,Kitchen,view,,0,2024-07-23,208.0
2466,U0100,4649,Bathroom Exhaust Fan,Bathroom,view,,0,2023-06-22,191.0
2467,U1009,4335,Trimmer,Personal Care,view,,0,2024-12-28,17.0
2468,U1090,853,Aquarium Heater,Pet,purchase,3.3,1,2023-08-11,
2469,U1729,4594,Air Fryer,Kitchen,purchase,2.3,1,2023-10-30,
2470,U1823,880,DVD Player,Entertainment,add_to_cart,,0,2024-12-06,
2471,U1760,3372,Egg Cooker,Kitchen,purchase,4.2,1,2023-06-26,
2472,U0409,2210,Juicer,Kitchen,wishlist,5.0,0,2024-08-28,
2473,U1695,3217,Robot Vacuum,Cleaning,add_to_cart,,0,2023-04-09,
2474,U1709,4480,Meat Grinder,Kitchen,view,,0,2023-09-26,105.0
2475,U0505,1262,Fermentation Crock,Hobby,add_to_cart,,0,2024-04-06,
2476,U1252,1944,Ice Cream Maker,Kitchen,add_to_cart,,0,2024-08-12,
2477,U1509,1149,Landline Phone,Smart Home,view,,0,2023-02-01,176.0
2478,U0222,3529,Door Intercom,Security,view,,0,2023-07-19,8.0
2479,U1806,345,Shoe Dryer,Laundry,add_to_cart,,0,2024-05-28,
2480,U1425,1437,Aquarium Filter,Pet,purchase,3.7,1,2023-02-22,
2481,U0740,3053,Smart Lock,Security,view,,0,2024-06-23,425.0
2482,U0554,1874,Refrigerator,Kitchen,view,,0,2023-05-31,48.0
2483,U1293,836,Pool Heater,Outdoor,add_to_cart,,0,2023-03-27,
2484,U0537,482,Home Automation Controller,Networking,add_to_cart,,0,2024-01-05,
2485,U0542,166,Landline Phone,Smart Home,purchase,4.0,1,2024-12-05,
2486,U1376,3628,Home Server,Networking,add_to_cart,,0,2023-02-15,
2487,U0598,1339,Router,Networking,view,,0,2024-11-16,0.0
2488,U1598,2698,Mini Fridge,Kitchen,purchase,5.0,1,2023-09-08,
2489,U1256,149,Landline Phone,Smart Home,add_to_cart,,0,2023-04-06,
2490,U1198,2722,Home Server,Networking,purchase,4.1,1,2024-03-06,
2491,U1925,4803,Floor Polisher,Cleaning,add_to_cart,,0,2023-01-30,
2492,U1484,2611,Smart Display,Entertainment,view,,0,2024-07-02,59.0
2493,U0994,3801,Vacuum Cleaner,Cleaning,purchase,4.5,1,2023-04-29,
2494,U1549,4834,Deep Fryer,Kitchen,view,,0,2023-12-17,147.0
2495,U0620,296,Electric Lunch Box,Kitchen,wishlist,3.1,0,2024-02-01,
2496,U0728,44,Vacuum Cleaner,Cleaning,view,,0,2023-01-26,6.0
2497,U0033,2692,Electric Toothbrush,Personal Care,wishlist,3.0,0,2024-05-06,
2498,U0410,63,Television,Entertainment,view,,0,2023-03-27,103.0
2499,U1181,3302,Epilator,Personal Care,view,,0,2023-11-03,164.0
2500,U0262,900,Alarm Clock,Decor,purchase,3.5,1,2023-04-08,
2501,U1740,1065,Hot Plate,Kitchen,purchase,3.9,1,2023-02-20,
2502,U0767,2286,Water Heater,Bathroom,add_to_cart,,0,2024-04-18,
2503,U1671,2524,Steam Iron,Laundry,purchase,4.7,1,2023-04-17,
2504,U1440,320,Portable Air Conditioner,Climate,view,,0,2024-05-12,253.0
2505,U0201,3364,Pet Feeder,Pet,view,,0,2023-08-31,430.0
2506,U0943,4056,Smart Speaker,Entertainment,wishlist,5.0,0,2024-11-22,
2507,U1497,75,Clock,Decor,purchase,2.8,1,2023-08-15,
2508,U1323,110,Electric Kettle,Kitchen,add_to_cart,,0,2023-12-22,
2509,U0240,4529,Water Dispenser,Kitchen,view,,0,2023-07-12,64.0
2510,U1288,2447,Hair Dryer,Personal Care,wishlist,4.2,0,2023-06-07,
2511,U0678,367,Sump Pump,Outdoor,add_to_cart,,0,2024-07-12,
2512,U0260,2367,Soundbar,Entertainment,add_to_cart,,0,2023-01-11,
2513,U0992,2488,Home Sauna,Fitness,purchase,4.0,1,2023-10-30,
2514,U1759,3841,Clock,Decor,view,,0,2024-06-16,119.0
2515,U1977,2208,Lawn Mower,Tools,purchase,3.3,1,2023-08-19,
2516,U0943,1646,Wall Clock,Decor,view,,0,2023-06-30,21.0
2517,U0150,1382,Smart Lock,Security,view,,0,2024-12-20,16.0
2518,U1265,3590,Electric Skillet,Kitchen,add_to_cart,,0,2024-10-12,
2519,U1786,4483,Tankless Water Heater,Bathroom,view,,0,2024-05-09,38.0
2520,U0985,1649,Smart Switch,Smart Home,add_to_cart,,0,2024-09-27,
2521,U0782,3637,Television,Entertainment,add_to_cart,,0,2024-04-27,
2522,U0393,53,Smart Door Lock,Security,view,,0,2024-06-02,94.0
2523,U1080,1061,Chainsaw,Tools,view,,0,2024-11-08,32.0
2524,U1742,1532,Electric Oven,Kitchen,view,,0,2023-01-28,45.0
2525,U1050,2770,Roti Maker,Kitchen,view,,0,2024-10-25,77.0
2526,U0720,2385,Mixer Grinder,Kitchen,add_to_cart,,0,2024-10-18,
2527,U1779,1903,Electric Lunch Box,Kitchen,view,,0,2023-05-04,74.0
2528,U0009,1154,OTG Oven,Kitchen,view,,0,2024-08-04,43.0
2529,U1396,4309,Television,Entertainment,view,,0,2023-12-24,220.0
2530,U0208,4053,Home Automation Controller,Networking,add_to_cart,,0,2024-07-25,
2531,U1479,3183,Pet Feeder,Pet,view,,0,2023-07-29,13.0
2532,U1192,1095,Electric Oven,Kitchen,view,,0,2023-07-21,30.0
2533,U0871,623,Bathroom Exhaust Fan,Bathroom,purchase,4.2,1,2023-12-20,
2534,U1135,957,Exhaust Fan,Climate,view,,0,2024-03-01,49.0
2535,U0188,1926,Video Doorbell,Security,add_to_cart,,0,2024-03-18,
2536,U1106,4218,Wall Clock,Decor,view,,0,2024-12-31,135.0
2537,U0153,1192,Electric Blanket,Personal Care,add_to_cart,,0,2023-07-12,
2538,U1859,3353,Bread Maker,Kitchen,purchase,4.7,1,2023-04-26,
2539,U0942,2076,Pet Feeder,Pet,wishlist,3.5,0,2023-01-04,
2540,U1510,2426,Smart Washer,Laundry,purchase,5.0,1,2024-06-11,
2541,U0696,1046,Air Fryer,Kitchen,add_to_cart,,0,2024-01-15,
2542,U1305,334,Home Brewing Kit,Hobby,add_to_cart,,0,2023-04-03,
2543,U0885,1216,RO Purifier,Bathroom,view,,0,2023-12-09,106.0
2544,U0028,4451,Toaster Oven,Kitchen,purchase,3.3,1,2023-07-02,
2545,U1180,85,DVD Player,Entertainment,view,,0,2024-06-19,9.0
2546,U1325,30,Fermentation Crock,Hobby,wishlist,4.5,0,2024-01-19,
2547,U0703,1065,Hot Plate,Kitchen,add_to_cart,,0,2024-11-07,
2548,U1967,3011,Digital Safe,Security,view,,0,2024-07-03,109.0
2549,U1935,2728,Electric Tandoor,Kitchen,purchase,3.3,1,2024-01-11,
2550,U0650,4195,Trimmer,Personal Care,purchase,2.4,1,2023-11-04,
2551,U1417,3705,Cold Press Juicer,Kitchen,view,,0,2024-11-01,21.0
2552,U0953,791,DVD Player,Entertainment,wishlist,5.0,0,2024-08-16,
2553,U0916,3197,Electric Shaver,Personal Care,add_to_cart,,0,2024-08-31,
2554,U0197,2170,Panini Press,Kitchen,purchase,4.2,1,2024-11-12,
2555,U1825,4190,Hedge Trimmer,Tools,purchase,4.2,1,2023-01-06,
2556,U1453,2199,Power Strip,Power,purchase,3.2,1,2023-06-10,
2557,U1429,3602,Smart TV,Entertainment,purchase,4.7,1,2023-08-15,
2558,U1899,3790,Epilator,Personal Care,add_to_cart,,0,2023-02-25,
2559,U1178,3050,Network Attached Storage,Networking,add_to_cart,,0,2024-10-29,
2560,U0474,3465,Juicer,Kitchen,add_to_cart,,0,2023-07-19,
2561,U1900,2426,Smart Washer,Laundry,purchase,5.0,1,2024-08-29,
2562,U1042,2984,Handheld Vacuum,Cleaning,purchase,5.0,1,2024-11-23,
2563,U1252,3267,Air Quality Monitor,Smart Home,view,,0,2024-11-22,3.0
2564,U1523,1584,Electric Stove,Kitchen,purchase,3.8,1,2023-12-19,
2565,U0334,574,Solar Water Heater,Power,wishlist,3.3,0,2023-08-29,
2566,U1050,1827,Trimmer,Personal Care,add_to_cart,,0,2024-07-28,
2567,U0757,1300,Hot Plate,Kitchen,view,,0,2024-10-26,30.0
2568,U0405,2432,Hot Plate,Kitchen,wishlist,3.4,0,2024-09-08,
2569,U0038,280,Smart Plug,Smart Home,purchase,5.0,1,2024-07-17,
2570,U0084,3074,Smart Switch,Smart Home,view,,0,2023-04-14,119.0
2571,U1384,3207,Fabric Shaver,Laundry,view,,0,2024-10-22,214.0
2572,U0100,794,Water Softener,Bathroom,view,,0,2023-07-19,4.0
2573,U0246,2126,Ice Cream Maker,Kitchen,view,,0,2024-02-11,89.0
2574,U0520,4798,Steam Iron,Laundry,view,,0,2024-05-02,49.0
2575,U1984,4658,Electric Drill,Tools,add_to_cart,,0,2023-10-23,
2576,U1803,4525,Grill Microwave,Kitchen,view,,0,2024-06-01,27.0
2577,U1827,4550,Blu Ray Player,Entertainment,wishlist,4.2,0,2023-12-08,
2578,U0993,608,Rice Cooker,Kitchen,add_to_cart,,0,2023-10-20,
2579,U0301,2081,Smart Washer,Laundry,purchase,4.4,1,2024-05-21,
2580,U1019,3226,Food Processor,Kitchen,view,,0,2023-09-23,18.0
2581,U0055,1079,Cooktop,Kitchen,wishlist,3.3,0,2024-03-02,
2582,U0434,4093,Steam Iron,Laundry,view,,0,2024-03-25,75.0
2583,U0968,3256,Electric Kettle,Kitchen,view,,0,2024-07-13,17.0
2584,U1158,4916,Bathroom Exhaust Fan,Bathroom,purchase,2.9,1,2023-12-14,
2585,U0200,3959,Induction Oven,Kitchen,purchase,4.3,1,2024-11-24,
2586,U0127,1730,Smart Plug,Smart Home,wishlist,3.7,0,2023-09-19,
2587,U0169,302,Popcorn Maker,Kitchen,purchase,5.0,1,2024-08-30,
2588,U0230,2291,Induction Oven,Kitchen,view,,0,2023-08-07,7.0
2589,U1706,3059,Landline Phone,Smart Home,wishlist,5.0,0,2023-08-18,
2590,U1486,2815,Electric Pressure Cooker,Kitchen,purchase,4.6,1,2023-09-17,
2591,U1394,3538,Popcorn Maker,Kitchen,wishlist,3.8,0,2024-09-16,
2592,U0758,2241,Wall Clock,Decor,purchase,4.4,1,2024-03-17,
2593,U1636,3089,Built In Microwave,Kitchen,add_to_cart,,0,2023-02-19,
2594,U1924,4218,Wall Clock,Decor,wishlist,3.5,0,2024-05-16,
2595,U1738,4945,Network Attached Storage,Networking,purchase,4.5,1,2023-10-06,
2596,U0112,3131,Electric Vehicle Charger,Power,add_to_cart,,0,2024-02-16,
2597,U1474,1633,Knitting Machine,Hobby,view,,0,2024-03-27,401.0
2598,U0309,2886,Convection Microwave,Kitchen,purchase,3.8,1,2023-01-09,
2599,U1729,3025,Deep Fryer,Kitchen,view,,0,2023-05-10,46.0
2600,U1099,1898,Laminator,Tools,view,,0,2024-04-25,460.0
2601,U1846,1951,Electric Mop,Cleaning,add_to_cart,,0,2023-08-25,
2602,U0392,3410,Leaf Blower,Tools,purchase,5.0,1,2024-03-01,
2603,U1056,811,Geyser,Bathroom,purchase,3.1,1,2024-07-21,
2604,U0902,915,Induction Oven,Kitchen,view,,0,2023-08-27,60.0
2605,U0538,3186,Washer Dryer Combo,Laundry,add_to_cart,,0,2024-11-29,
2606,U1278,961,Electric Blanket,Personal Care,purchase,5.0,1,2024-05-12,
2607,U1790,4074,Sprinkler System,Tools,view,,0,2024-06-06,175.0
2608,U0876,1247,Tankless Water Heater,Bathroom,add_to_cart,,0,2023-09-18,
2609,U1105,3968,Scanner,Tools,wishlist,4.8,0,2024-01-11,
2610,U0198,2139,Hair Curler,Personal Care,add_to_cart,,0,2024-02-19,
2611,U0001,3468,Air Conditioner,Climate,view,,0,2024-03-23,38.0
2612,U1693,4572,Label Maker,Tools,purchase,4.0,1,2023-09-20,
2613,U1373,4372,UPS,Power,purchase,4.5,1,2024-12-30,
2614,U0592,1447,Garbage Disposal,Kitchen,wishlist,3.6,0,2024-01-01,
2615,U0311,509,Convection Microwave,Kitchen,purchase,3.5,1,2023-05-21,
2616,U0097,673,Coffee Grinder,Kitchen,wishlist,4.1,0,2023-07-18,
2617,U1058,3597,Electric Mop,Cleaning,add_to_cart,,0,2023-05-29,
2618,U0806,1716,Network Attached Storage,Networking,view,,0,2024-07-02,764.0
2619,U1751,1292,Electric Scooter Charger,Power,add_to_cart,,0,2024-01-24,
2620,U1496,857,Towel Warmer,Bathroom,purchase,4.9,1,2024-07-14,
2621,U0939,2144,WiFi Extender,Networking,purchase,3.7,1,2024-04-23,
2622,U0676,3504,Elliptical Trainer,Fitness,view,,0,2024-09-29,67.0
2623,U1741,4438,Air Quality Monitor,Smart Home,wishlist,4.9,0,2024-06-18,
2624,U1010,1509,Hot Plate,Kitchen,view,,0,2024-12-07,38.0
2625,U0495,3370,Blender,Kitchen,view,,0,2023-06-09,96.0
2626,U0243,307,Electric Toothbrush,Personal Care,purchase,4.1,1,2024-04-06,
2627,U1259,3432,Thermostat,Climate,view,,0,2023-04-30,21.0
2628,U0804,1039,Sump Pump,Outdoor,wishlist,3.8,0,2023-06-27,
2629,U1868,4762,Waffle Maker,Kitchen,purchase,5.0,1,2024-07-24,
2630,U0508,213,Coffee Grinder,Kitchen,purchase,4.6,1,2024-03-30,
2631,U1424,56,Foot Massager,Personal Care,purchase,5.0,1,2023-10-31,
2632,U1446,2103,Epilator,Personal Care,purchase,4.6,1,2023-04-20,
2633,U1383,4519,Automatic Pet Water Fountain,Pet,purchase,4.0,1,2024-09-09,
2634,U1104,2304,Digital Safe,Security,view,,0,2023-03-04,144.0
2635,U1212,3335,Security Camera,Security,purchase,4.9,1,2024-02-25,
2636,U0172,3487,Built In Microwave,Kitchen,view,,0,2024-09-06,16.0
2637,U0745,363,Pressure Washer,Cleaning,add_to_cart,,0,2024-02-20,
2638,U0934,2367,Soundbar,Entertainment,view,,0,2024-10-25,2.0
2639,U0880,3269,WiFi Extender,Networking,wishlist,3.8,0,2024-07-19,
2640,U1978,4146,Blu Ray Player,Entertainment,view,,0,2024-12-26,0.0
2641,U0413,3919,Bidet Seat,Bathroom,view,,0,2024-03-24,61.0
2642,U1238,2730,Smart Dryer,Laundry,add_to_cart,,0,2024-06-20,
2643,U0475,3623,Dehumidifier,Climate,view,,0,2024-08-10,37.0
2644,U0482,1898,Laminator,Tools,purchase,4.9,1,2024-10-05,
2645,U0608,4818,Heater,Climate,add_to_cart,,0,2024-05-13,
2646,U0241,2606,Yogurt Maker,Kitchen,add_to_cart,,0,2023-05-02,
2647,U1694,411,Scanner,Tools,purchase,4.0,1,2024-08-01,
2648,U1045,1847,Built In Refrigerator,Kitchen,purchase,4.2,1,2023-06-29,
2649,U1045,3013,Aquarium Filter,Pet,wishlist,5.0,0,2023-10-05,
2650,U0756,2797,Smart Bulb,Smart Home,purchase,5.0,1,2023-03-13,
2651,U1901,2992,Bidet Seat,Bathroom,add_to_cart,,0,2024-08-30,
2652,U0013,3682,Boot Warmer,Laundry,purchase,4.4,1,2024-07-20,
2653,U0355,1456,Window Cleaner Robot,Cleaning,add_to_cart,,0,2023-05-28,
2654,U0339,2485,Toaster Oven,Kitchen,wishlist,5.0,0,2023-12-01,
2655,U0669,4864,Vacuum Cleaner,Cleaning,purchase,3.2,1,2023-09-17,
2656,U0164,3019,Hair Curler,Personal Care,purchase,4.4,1,2023-12-23,
2657,U0798,4935,Grill Microwave,Kitchen,purchase,4.4,1,2023-09-01,
2658,U1357,1091,Smart Bulb,Smart Home,purchase,3.4,1,2023-01-24,
2659,U1352,2299,Baby Food Maker,Kitchen,view,,0,2024-10-29,10.0
2660,U1289,149,Landline Phone,Smart Home,purchase,4.3,1,2023-08-05,
2661,U1862,2927,Dough Maker,Kitchen,view,,0,2023-05-29,34.0
2662,U0152,4027,Boot Warmer,Laundry,view,,0,2024-02-26,266.0
2663,U1250,3058,Wall Clock,Decor,purchase,5.0,1,2023-09-10,
2664,U1991,4295,Massage Chair,Personal Care,view,,0,2024-08-14,11.0
2665,U0671,1068,Fan,Climate,wishlist,4.8,0,2023-12-22,
2666,U1694,2741,Aquarium Filter,Pet,purchase,3.4,1,2023-11-24,
2667,U0020,3529,Door Intercom,Security,add_to_cart,,0,2024-03-29,
2668,U0958,539,Bathroom Exhaust Fan,Bathroom,purchase,3.1,1,2024-08-08,
2669,U1703,2443,Central Vacuum System,Cleaning,view,,0,2024-06-16,285.0
2670,U1077,844,Automatic Pet Water Fountain,Pet,view,,0,2023-07-11,46.0
2671,U1636,1636,Smart Oven,Kitchen,add_to_cart,,0,2024-09-18,
2672,U0683,3771,Home Automation Controller,Networking,add_to_cart,,0,2023-05-08,
2673,U1678,2830,Smart Garage Door Opener,Security,purchase,4.2,1,2023-03-17,
2674,U1818,1552,Espresso Machine,Kitchen,view,,0,2024-02-25,342.0
2675,U1568,1075,Hot Plate,Kitchen,purchase,4.5,1,2024-02-20,
2676,U0470,1828,OTG Oven,Kitchen,add_to_cart,,0,2023-11-21,
2677,U1721,2768,Refrigerator,Kitchen,view,,0,2023-10-21,66.0
2678,U0235,1671,Battery Charger,Power,wishlist,3.4,0,2023-05-17,
2679,U1317,2781,Meat Grinder,Kitchen,purchase,5.0,1,2023-01-02,
2680,U1950,3586,Washer Dryer Combo,Laundry,view,,0,2024-03-11,19.0
2681,U0600,2375,Pressure Washer,Cleaning,add_to_cart,,0,2023-12-05,
2682,U0851,5000,Air Quality Monitor,Smart Home,add_to_cart,,0,2023-08-19,
2683,U0789,4554,Toaster,Kitchen,view,,0,2023-03-04,12.0
2684,U0011,2076,Pet Feeder,Pet,purchase,4.8,1,2023-10-05,
2685,U1456,2288,Built In Microwave,Kitchen,purchase,3.2,1,2023-11-19,
2686,U1958,3251,Sump Pump,Outdoor,view,,0,2023-07-23,346.0
2687,U1424,46,Bottle Sterilizer,Kitchen,wishlist,2.0,0,2023-01-20,
2688,U1505,3197,Electric Shaver,Personal Care,add_to_cart,,0,2023-10-29,
2689,U1737,1756,Speakers,Entertainment,purchase,4.1,1,2023-07-01,
2690,U0079,4711,Home Automation Controller,Networking,wishlist,4.7,0,2024-06-23,
2691,U1265,4805,Leaf Blower,Tools,purchase,5.0,1,2024-05-22,
2692,U0472,2260,Modem,Networking,view,,0,2024-08-29,167.0
2693,U1340,1198,Handheld Vacuum,Cleaning,view,,0,2024-01-14,19.0
2694,U0279,4468,Clothesline Dryer,Laundry,purchase,3.2,1,2023-06-30,
2695,U0477,761,Massager,Personal Care,view,,0,2023-05-02,112.0
2696,U1634,384,Yogurt Maker,Kitchen,view,,0,2024-05-25,12.0
2697,U0012,4285,Leaf Blower,Tools,view,,0,2023-07-07,194.0
2698,U1195,405,Food Dehydrator,Kitchen,view,,0,2024-07-23,246.0
2699,U0358,1010,Hot Dog Maker,Kitchen,add_to_cart,,0,2023-07-06,
2700,U1440,2179,Air Purifier,Climate,view,,0,2023-04-27,19.0
2701,U1984,4072,Toaster,Kitchen,view,,0,2024-01-31,144.0
2702,U1335,166,Landline Phone,Smart Home,wishlist,3.0,0,2024-02-17,
2703,U1113,411,Scanner,Tools,view,,0,2023-03-30,320.0
2704,U1386,1148,Heating Pad,Personal Care,purchase,5.0,1,2023-07-06,
2705,U0245,1688,Set Top Box,Entertainment,view,,0,2024-11-30,218.0
2706,U1054,2433,Clothes Dryer,Laundry,view,,0,2023-03-31,2.0
2707,U1362,2829,Printer,Tools,view,,0,2024-05-21,13.0
2708,U1431,3408,Fabric Shaver,Laundry,view,,0,2023-03-20,143.0
2709,U0454,2901,Voltage Stabilizer,Power,view,,0,2023-06-01,286.0
2710,U1707,4754,Juicer,Kitchen,wishlist,4.5,0,2024-04-22,
2711,U0032,839,Portable Dishwasher,Cleaning,purchase,4.9,1,2024-06-17,
2712,U0383,4384,Fan,Climate,view,,0,2023-09-27,238.0
2713,U0170,1277,Electric Skillet,Kitchen,add_to_cart,,0,2024-06-23,
2714,U1663,3673,Digital Safe,Security,view,,0,2023-10-17,47.0
2715,U0901,2812,Chapati Maker,Kitchen,view,,0,2024-12-24,12.0
2716,U0721,4606,Smart Vacuum,Cleaning,purchase,5.0,1,2024-06-14,
2717,U0077,4614,Milk Frother,Kitchen,purchase,4.8,1,2024-06-28,
2718,U0757,3273,Network Attached Storage,Networking,purchase,2.2,1,2024-08-22,
2719,U1609,1070,Blender,Kitchen,view,,0,2024-03-03,147.0
2720,U1242,3865,Massager,Personal Care,add_to_cart,,0,2024-03-21,
2721,U1440,3973,Electric Fireplace,Climate,add_to_cart,,0,2024-01-09,
2722,U0554,943,Refrigerator,Kitchen,purchase,3.4,1,2024-03-11,
2723,U1740,4023,Foot Massager,Personal Care,purchase,4.4,1,2023-07-24,
2724,U0901,26,Smart Curtain Motor,Smart Home,wishlist,4.1,0,2023-04-15,
2725,U1255,949,Smart Lock,Security,view,,0,2023-05-30,196.0
2726,U1381,2272,Range Hood,Kitchen,wishlist,5.0,0,2024-04-17,
2727,U0752,114,Sprinkler System,Tools,view,,0,2024-06-26,209.0
2728,U1456,777,Clock,Decor,view,,0,2024-08-04,97.0
2729,U0136,1269,Pet Feeder,Pet,view,,0,2023-04-26,233.0
2730,U0854,3850,Massage Chair,Personal Care,view,,0,2023-08-13,23.0
2731,U0737,3899,Automatic Pet Water Fountain,Pet,view,,0,2024-06-07,75.0
2732,U1603,1975,Label Maker,Tools,add_to_cart,,0,2024-09-10,
2733,U1730,176,Range Hood,Kitchen,view,,0,2023-08-28,9.0
2734,U0957,2299,Baby Food Maker,Kitchen,view,,0,2023-12-28,58.0
2735,U0694,4819,Hedge Trimmer,Tools,view,,0,2023-11-02,68.0
2736,U1354,2851,Inverter,Power,purchase,2.3,1,2024-04-30,
2737,U0484,4749,Smart Bulb,Smart Home,view,,0,2024-11-01,48.0
2738,U1210,1477,Smart Air Conditioner,Climate,add_to_cart,,0,2024-12-26,
2739,U0667,823,Blender,Kitchen,add_to_cart,,0,2023-06-25,
2740,U0799,1748,Smart Washer,Laundry,view,,0,2023-10-27,142.0
2741,U0043,3448,Video Doorbell,Security,view,,0,2023-08-27,85.0
2742,U0879,1771,Water Flosser,Personal Care,wishlist,3.8,0,2024-06-24,
2743,U1173,3961,Roti Maker,Kitchen,view,,0,2024-05-09,75.0
2744,U1972,3828,Infrared Sauna,Fitness,add_to_cart,,0,2024-04-23,
2745,U1010,1657,Solar Water Heater,Power,wishlist,3.6,0,2023-11-23,
2746,U0263,4722,Air Quality Monitor,Smart Home,view,,0,2023-02-06,47.0
2747,U0842,442,Steam Cleaner,Cleaning,wishlist,4.2,0,2023-10-02,
2748,U1261,4050,Home Automation Controller,Networking,purchase,4.1,1,2023-09-12,
2749,U1285,4921,Soundbar,Entertainment,view,,0,2023-04-26,47.0
2750,U1004,4710,Electric Tandoor,Kitchen,view,,0,2024-02-16,312.0
2751,U1053,3513,RO Purifier,Bathroom,add_to_cart,,0,2023-04-18,
2752,U0311,1261,Wall Clock,Decor,add_to_cart,,0,2024-10-04,
2753,U1943,3364,Pet Feeder,Pet,purchase,3.7,1,2024-11-19,
2754,U1902,1217,Smart TV,Entertainment,view,,0,2023-06-14,123.0
2755,U1185,2124,Air Quality Monitor,Smart Home,view,,0,2024-02-01,63.0
2756,U1467,3433,Rowing Machine,Fitness,add_to_cart,,0,2023-04-16,
2757,U0939,3438,Air Purifier,Climate,view,,0,2023-07-31,59.0
2758,U0156,3018,Blender,Kitchen,add_to_cart,,0,2024-04-15,
2759,U1951,2060,Alarm Clock,Decor,view,,0,2024-02-21,204.0
2760,U1738,785,Angle Grinder,Tools,view,,0,2024-12-05,105.0
2761,U1034,1732,Hair Curler,Personal Care,wishlist,4.1,0,2024-07-13,
2762,U1145,3674,Tankless Water Heater,Bathroom,view,,0,2023-09-22,267.0
2763,U0091,2106,Electric Fireplace,Climate,add_to_cart,,0,2024-10-11,
2764,U1202,2601,Aquarium Filter,Pet,add_to_cart,,0,2023-02-06,
2765,U1928,4692,Electric Oven,Kitchen,purchase,5.0,1,2024-07-27,
2766,U1090,4882,Vacuum Cleaner,Cleaning,view,,0,2023-08-01,149.0
2767,U1733,2210,Juicer,Kitchen,add_to_cart,,0,2024-04-27,
2768,U1392,1539,Chainsaw,Tools,view,,0,2023-04-05,125.0
2769,U1377,3300,Smart Vacuum,Cleaning,purchase,3.2,1,2023-05-25,
2770,U1817,3513,RO Purifier,Bathroom,purchase,5.0,1,2023-06-10,
2771,U0609,317,Vacuum Sealer,Kitchen,add_to_cart,,0,2023-04-30,
2772,U0501,2278,Bidet Seat,Bathroom,add_to_cart,,0,2024-06-18,
2773,U0888,740,Aquarium Filter,Pet,view,,0,2024-08-31,159.0
2774,U0669,4790,Electric Fireplace,Climate,view,,0,2023-08-05,28.0
2775,U1723,3299,Roti Maker,Kitchen,add_to_cart,,0,2023-05-12,
2776,U0540,4270,Aquarium Heater,Pet,add_to_cart,,0,2023-09-28,
2777,U0405,2010,Electric Knife,Kitchen,wishlist,3.0,0,2024-10-13,
2778,U0669,1827,Trimmer,Personal Care,add_to_cart,,0,2023-11-07,
2779,U0144,364,RO Purifier,Bathroom,purchase,4.6,1,2024-09-26,
2780,U0748,4171,Pressure Washer,Cleaning,purchase,5.0,1,2023-12-01,
2781,U0449,4669,Smart Bulb,Smart Home,view,,0,2023-02-23,1.0
2782,U1651,3126,Roti Maker,Kitchen,view,,0,2024-05-10,302.0
2783,U1145,4461,Range Hood,Kitchen,purchase,3.8,1,2024-07-25,
2784,U1915,2086,Tankless Water Heater,Bathroom,add_to_cart,,0,2023-10-01,
2785,U0950,3738,Wall Clock,Decor,view,,0,2023-12-02,7.0
2786,U1563,3787,Smoke Detector,Security,add_to_cart,,0,2024-04-10,
2787,U0448,404,Alarm Clock,Decor,wishlist,4.2,0,2023-06-08,
2788,U0062,1189,Smart Bulb,Smart Home,view,,0,2024-10-30,274.0
2789,U0686,897,Freezer,Kitchen,wishlist,5.0,0,2024-05-24,
2790,U0500,3031,Water Dispenser,Kitchen,wishlist,4.5,0,2024-10-30,
2791,U1808,2978,Water Flosser,Personal Care,purchase,2.7,1,2023-06-02,
2792,U1519,2545,Electric Blanket,Personal Care,view,,0,2024-08-08,128.0
2793,U1776,2836,Rowing Machine,Fitness,purchase,5.0,1,2023-07-03,
2794,U0063,2523,Infrared Sauna,Fitness,purchase,4.4,1,2023-10-04,
2795,U1911,4791,Alarm Clock,Decor,add_to_cart,,0,2024-08-03,
2796,U1979,3686,Electric Lunch Box,Kitchen,view,,0,2024-03-20,59.0
2797,U1196,246,Modem,Networking,purchase,5.0,1,2023-03-31,
2798,U1144,866,Fabric Shaver,Laundry,view,,0,2024-11-13,148.0
2799,U0264,874,Chapati Maker,Kitchen,view,,0,2024-05-14,49.0
2800,U1554,1205,Home Theater System,Entertainment,view,,0,2024-10-07,18.0
2801,U0131,625,Vacuum Cleaner,Cleaning,wishlist,4.8,0,2024-07-01,
2802,U1809,4752,Portable Dishwasher,Cleaning,add_to_cart,,0,2023-04-20,
2803,U1281,1119,CCTV System,Security,purchase,4.3,1,2024-11-28,
2804,U0750,1697,Steam Cleaner,Cleaning,purchase,3.9,1,2023-06-03,
2805,U1314,2103,Epilator,Personal Care,add_to_cart,,0,2023-08-31,
2806,U0387,1540,Leaf Blower,Tools,view,,0,2024-05-18,68.0
2807,U0808,2271,Smart Plug,Smart Home,view,,0,2023-10-29,39.0
2808,U0364,424,Countertop Dishwasher,Cleaning,view,,0,2024-06-20,74.0
2809,U0425,4332,Laminator,Tools,wishlist,3.0,0,2024-07-13,
2810,U1283,769,Digital Safe,Security,purchase,4.4,1,2023-10-28,
2811,U0344,1328,Electric Skillet,Kitchen,purchase,3.2,1,2024-07-19,
2812,U1805,1499,Projector,Entertainment,purchase,4.3,1,2023-09-05,
2813,U1123,2848,Ceiling Fan,Climate,purchase,4.6,1,2024-09-26,
2814,U0973,4215,Electric Blanket,Personal Care,purchase,3.5,1,2024-02-28,
2815,U1884,1472,Slow Cooker,Kitchen,purchase,4.1,1,2023-02-16,
2816,U0602,1142,Built In Oven,Kitchen,purchase,4.4,1,2024-05-20,
2817,U0473,2934,Washing Machine,Laundry,wishlist,4.1,0,2024-12-09,
2818,U0454,2964,Terrarium Heater,Pet,view,,0,2023-07-22,12.0
2819,U0426,4316,Smart Garage Door Opener,Security,add_to_cart,,0,2023-01-30,
2820,U1131,3388,Geyser,Bathroom,purchase,3.2,1,2024-07-28,
2821,U0009,3897,Hair Straightener,Personal Care,wishlist,4.3,0,2023-09-12,
2822,U0960,2840,UV Water Purifier,Bathroom,view,,0,2023-02-18,62.0
2823,U0158,3128,Emergency Light,Security,add_to_cart,,0,2023-01-09,
2824,U1480,303,Towel Warmer,Bathroom,purchase,4.6,1,2023-01-23,
2825,U0522,1591,Hedge Trimmer,Tools,purchase,3.6,1,2023-04-17,
2826,U1753,2610,Massager,Personal Care,view,,0,2024-04-08,223.0
2827,U0713,2182,Basement Dehumidifier,Outdoor,purchase,3.9,1,2023-07-26,
2828,U1663,2281,Induction Cooktop,Kitchen,wishlist,3.9,0,2024-02-26,
2829,U1572,4200,Window Cleaner Robot,Cleaning,purchase,4.5,1,2024-09-14,
2830,U1766,2109,Weather Station,Smart Home,purchase,3.6,1,2024-04-02,
2831,U0385,526,Tankless Water Heater,Bathroom,purchase,4.7,1,2024-10-29,
2832,U1648,18,Roti Maker,Kitchen,purchase,4.9,1,2023-03-11,
2833,U1318,1805,Bladeless Fan,Climate,add_to_cart,,0,2023-03-06,
2834,U1356,1809,Pet Feeder,Pet,view,,0,2023-03-31,111.0
2835,U1063,3155,Blender,Kitchen,purchase,4.1,1,2023-04-18,
2836,U1527,2027,Portable Air Conditioner,Climate,wishlist,3.6,0,2023-03-07,
2837,U1128,4908,Massage Chair,Personal Care,view,,0,2024-03-31,100.0
2838,U1292,2543,Smart Bulb,Smart Home,view,,0,2024-09-03,161.0
2839,U0299,4283,Floor Polisher,Cleaning,view,,0,2024-09-21,69.0
2840,U1873,2234,Smart Display,Entertainment,view,,0,2024-07-06,219.0
2841,U0866,1437,Aquarium Filter,Pet,view,,0,2023-10-15,8.0
2842,U1745,2395,Electric Drill,Tools,purchase,5.0,1,2023-10-07,
2843,U0644,4216,Bathroom Exhaust Fan,Bathroom,view,,0,2024-05-14,26.0
2844,U0041,923,Grill Microwave,Kitchen,add_to_cart,,0,2023-11-10,
2845,U0766,3939,Basement Dehumidifier,Outdoor,add_to_cart,,0,2023-12-08,
2846,U0620,3049,Steam Iron,Laundry,wishlist,4.1,0,2024-02-04,
2847,U0561,2777,Egg Cooker,Kitchen,purchase,5.0,1,2024-07-15,
2848,U1626,1526,Solar Water Heater,Power,add_to_cart,,0,2023-09-18,
2849,U1113,4568,Espresso Machine,Kitchen,view,,0,2024-11-21,208.0
2850,U0627,371,Alarm Clock,Decor,add_to_cart,,0,2024-09-19,
2851,U0225,4509,Infrared Sauna,Fitness,view,,0,2024-03-03,104.0
2852,U0679,3391,Milk Frother,Kitchen,wishlist,3.3,0,2024-03-29,
2853,U1704,109,Home Automation Controller,Networking,view,,0,2023-11-16,36.0
2854,U0412,2711,Vacuum Sealer,Kitchen,wishlist,4.1,0,2023-02-11,
2855,U0573,3622,Robot Vacuum,Cleaning,add_to_cart,,0,2023-03-04,
2856,U1790,4408,Laminator,Tools,purchase,3.4,1,2023-02-23,
2857,U0391,3559,Attic Fan,Climate,add_to_cart,,0,2024-07-28,
2858,U1195,4859,Bladeless Fan,Climate,view,,0,2023-10-19,177.0
2859,U1094,1697,Steam Cleaner,Cleaning,view,,0,2024-12-03,144.0
2860,U0305,3911,Baby Food Maker,Kitchen,view,,0,2024-02-21,155.0
2861,U0547,332,Built In Dishwasher,Kitchen,purchase,3.5,1,2024-08-09,
2862,U0507,4712,Carpet Cleaner,Cleaning,purchase,4.7,1,2023-04-02,
2863,U1929,3337,Freezer,Kitchen,purchase,5.0,1,2024-12-23,
2864,U1145,1537,Smart Lock,Security,purchase,5.0,1,2024-04-24,
2865,U0588,1001,Pet Feeder,Pet,view,,0,2024-10-02,16.0
2866,U1678,4612,Boot Warmer,Laundry,view,,0,2024-08-18,171.0
2867,U1447,4122,Water Flosser,Personal Care,wishlist,4.1,0,2024-07-11,
2868,U0365,1495,Emergency Light,Security,wishlist,3.0,0,2024-09-06,
2869,U1518,1331,Water Dispenser,Kitchen,add_to_cart,,0,2023-05-18,
2870,U1541,3796,Clothesline Dryer,Laundry,view,,0,2023-07-28,48.0
2871,U0047,4046,Electric Toothbrush,Personal Care,purchase,3.8,1,2024-12-31,
2872,U0523,4519,Automatic Pet Water Fountain,Pet,view,,0,2023-01-10,287.0
2873,U1981,3543,Smart Garage Door Opener,Security,view,,0,2024-07-10,132.0
2874,U0236,2006,Home Automation Controller,Networking,wishlist,2.5,0,2024-12-10,
2875,U1953,3341,Aquarium Filter,Pet,purchase,3.1,1,2024-09-21,
2876,U1241,1503,Can Opener,Kitchen,wishlist,4.0,0,2023-03-15,
2877,U0909,770,Clock,Decor,view,,0,2023-08-17,129.0
2878,U0164,1563,Wall Clock,Decor,purchase,4.4,1,2024-12-14,
2879,U1518,1507,Ceiling Fan,Climate,wishlist,4.0,0,2024-03-04,
2880,U1223,3433,Rowing Machine,Fitness,purchase,3.5,1,2024-06-28,
2881,U1811,1785,Mini Fridge,Kitchen,view,,0,2023-04-08,64.0
2882,U1248,3966,Electric Tandoor,Kitchen,wishlist,3.2,0,2024-07-31,
2883,U0114,4211,Sump Pump,Outdoor,view,,0,2024-08-09,0.0
2884,U1571,2294,Modem,Networking,purchase,4.3,1,2023-12-03,
2885,U1902,3772,Modem,Networking,view,,0,2024-01-02,16.0
2886,U0063,3788,Window Cleaner Robot,Cleaning,add_to_cart,,0,2023-12-21,
2887,U1002,2661,Wine Cooler,Kitchen,add_to_cart,,0,2024-05-02,
2888,U1078,4758,Baby Food Maker,Kitchen,view,,0,2023-04-30,168.0
2889,U1894,401,Video Doorbell,Security,view,,0,2024-11-05,220.0
2890,U1560,2250,Robot Vacuum,Cleaning,view,,0,2023-05-20,29.0
2891,U1479,2580,WiFi Extender,Networking,purchase,4.2,1,2023-01-11,
2892,U1643,1350,Router,Networking,purchase,4.6,1,2023-05-29,
2893,U1538,239,Rice Cooker,Kitchen,view,,0,2023-04-03,50.0
2894,U0031,4783,UPS,Power,add_to_cart,,0,2024-01-10,
2895,U0768,4672,Massager,Personal Care,purchase,3.5,1,2023-03-18,
2896,U1778,1740,Fabric Shaver,Laundry,purchase,4.7,1,2024-09-13,
2897,U0822,3005,Terrarium Heater,Pet,view,,0,2024-08-20,9.0
2898,U0617,2338,Gas Stove,Kitchen,view,,0,2024-01-22,48.0
2899,U0051,789,Induction Oven,Kitchen,purchase,4.5,1,2024-10-11,
2900,U0699,1670,Electric Tandoor,Kitchen,add_to_cart,,0,2024-01-19,
2901,U0693,1319,Electric Vehicle Charger,Power,purchase,3.2,1,2024-12-19,
2902,U0329,3321,Air Fryer,Kitchen,purchase,3.1,1,2024-12-24,
2903,U1691,718,Modem,Networking,purchase,4.5,1,2024-06-29,
2904,U0525,278,Hair Curler,Personal Care,view,,0,2023-10-21,63.0
2905,U1480,219,Home Brewing Kit,Hobby,view,,0,2024-01-02,536.0
2906,U1916,4643,Induction Cooktop,Kitchen,purchase,5.0,1,2024-06-25,
2907,U0544,4802,Robot Vacuum,Cleaning,wishlist,4.8,0,2024-11-13,
2908,U0637,171,Hair Dryer,Personal Care,purchase,3.5,1,2024-09-08,
2909,U1998,3706,Modem,Networking,purchase,5.0,1,2023-07-26,
2910,U0545,1028,Wall Clock,Decor,wishlist,3.3,0,2024-04-06,
2911,U0545,2109,Weather Station,Smart Home,wishlist,3.1,0,2024-11-14,
2912,U1322,2386,Aquarium Heater,Pet,view,,0,2023-02-12,154.0
2913,U1634,1610,Air Quality Monitor,Smart Home,view,,0,2024-02-13,90.0
2914,U1577,1953,RO Purifier,Bathroom,view,,0,2023-11-01,99.0
2915,U1338,2834,Range Hood,Kitchen,purchase,3.0,1,2023-07-10,
2916,U1506,1683,Toaster Oven,Kitchen,purchase,5.0,1,2023-03-15,
2917,U1916,4945,Network Attached Storage,Networking,view,,0,2024-12-05,23.0
2918,U0293,1525,WiFi Extender,Networking,add_to_cart,,0,2024-10-09,
2919,U0936,4274,Tower Fan,Climate,purchase,4.3,1,2023-05-25,
2920,U0630,1823,Water Dispenser,Kitchen,purchase,3.4,1,2024-12-03,
2921,U0461,1783,Epilator,Personal Care,add_to_cart,,0,2023-07-05,
2922,U0875,2789,Exhaust Fan,Climate,purchase,4.2,1,2023-01-21,
2923,U1323,1948,Floor Polisher,Cleaning,add_to_cart,,0,2024-02-25,
2924,U1014,3085,Smart Lock,Security,view,,0,2023-02-26,19.0
2925,U1854,4657,Air Quality Monitor,Smart Home,purchase,5.0,1,2024-10-05,
2926,U0620,264,Smart Plug,Smart Home,view,,0,2024-07-13,222.0
2927,U0718,531,Roti Maker,Kitchen,view,,0,2023-03-23,233.0
2928,U1571,1493,Coffee Grinder,Kitchen,add_to_cart,,0,2023-10-26,
2929,U1416,4348,Heater,Climate,wishlist,3.6,0,2024-02-12,
2930,U1393,952,Clock,Decor,purchase,2.7,1,2024-05-25,
2931,U0884,1504,Iron,Laundry,add_to_cart,,0,2024-12-19,
2932,U1686,201,Fermentation Crock,Hobby,view,,0,2023-04-16,1.0
2933,U0698,4195,Trimmer,Personal Care,add_to_cart,,0,2024-11-12,
2934,U1385,2911,Network Attached Storage,Networking,add_to_cart,,0,2023-08-27,
2935,U1920,1073,OTG Oven,Kitchen,add_to_cart,,0,2024-10-31,
2936,U0831,1809,Pet Feeder,Pet,add_to_cart,,0,2023-04-09,
2937,U0808,4980,Smart Curtain Motor,Smart Home,view,,0,2024-12-14,23.0
2938,U0360,2731,Ceiling Fan,Climate,wishlist,3.2,0,2023-03-12,
2939,U0113,792,Router,Networking,view,,0,2024-12-18,248.0
2940,U1501,286,Epilator,Personal Care,view,,0,2024-06-26,59.0
2941,U0913,125,Kombucha Maker,Hobby,purchase,3.7,1,2024-01-30,
2942,U1936,4794,Smart Garage Door Opener,Security,view,,0,2024-09-11,4.0
2943,U0675,2241,Wall Clock,Decor,wishlist,5.0,0,2024-01-03,
2944,U1496,2121,Home Sauna,Fitness,purchase,4.4,1,2023-07-12,
2945,U1102,3997,Home Automation Controller,Networking,purchase,5.0,1,2023-12-30,
2946,U0045,2867,Terrarium Heater,Pet,purchase,3.7,1,2023-07-24,
2947,U1127,4678,Smart Washer,Laundry,add_to_cart,,0,2023-05-01,
2948,U1543,513,Alarm System,Security,add_to_cart,,0,2024-06-07,
2949,U0694,2066,Pressure Washer,Cleaning,add_to_cart,,0,2023-12-27,
2950,U1127,4506,Mini Fridge,Kitchen,add_to_cart,,0,2024-11-22,
2951,U1957,4060,Speakers,Entertainment,view,,0,2024-01-07,0.0
2952,U0904,2699,Ceiling Fan,Climate,view,,0,2023-11-01,24.0
2953,U0228,777,Clock,Decor,wishlist,4.9,0,2024-12-29,
2954,U0608,89,Foot Massager,Personal Care,purchase,5.0,1,2023-06-27,
2955,U1053,2780,Towel Warmer,Bathroom,purchase,2.6,1,2024-03-16,
2956,U0027,3782,Wine Cooler,Kitchen,view,,0,2023-06-14,524.0
2957,U0214,915,Induction Oven,Kitchen,add_to_cart,,0,2024-07-31,
2958,U0359,4181,Water Heater,Bathroom,add_to_cart,,0,2024-09-30,
2959,U0730,1960,Chainsaw,Tools,view,,0,2023-05-21,32.0
2960,U1475,454,WiFi Extender,Networking,add_to_cart,,0,2024-12-31,
2961,U0787,2954,Home Sauna,Fitness,purchase,2.2,1,2024-03-21,
2962,U0203,3539,Water Pump,Outdoor,wishlist,3.1,0,2024-07-23,
2963,U0734,1759,Smart Plug,Smart Home,view,,0,2024-11-09,17.0
2964,U0948,1982,Power Strip,Power,add_to_cart,,0,2023-02-21,
2965,U0644,1115,Soundbar,Entertainment,view,,0,2024-12-31,4.0
2966,U0058,2579,Set Top Box,Entertainment,purchase,4.6,1,2024-10-21,
2967,U1947,2853,Floor Polisher,Cleaning,view,,0,2023-07-28,176.0
2968,U0435,1758,Modem,Networking,view,,0,2024-03-01,13.0
2969,U1562,2733,Carpet Cleaner,Cleaning,purchase,4.2,1,2023-04-10,
2970,U0239,4558,Citrus Juicer,Kitchen,purchase,4.3,1,2023-02-11,
2971,U0597,1276,Hair Straightener,Personal Care,view,,0,2023-12-07,204.0
2972,U0341,1868,Network Attached Storage,Networking,view,,0,2023-11-15,108.0
2973,U0105,4443,Hot Plate,Kitchen,add_to_cart,,0,2023-08-17,
2974,U1419,96,Electric Shaver,Personal Care,view,,0,2023-09-17,203.0
2975,U1880,606,Electric Blanket,Personal Care,add_to_cart,,0,2023-02-21,
2976,U0649,3303,Water Boiler,Kitchen,add_to_cart,,0,2023-08-13,
2977,U1021,3134,Carbon Monoxide Detector,Security,view,,0,2023-04-28,52.0
2978,U1478,518,Electric Grill,Kitchen,purchase,4.0,1,2024-10-30,
2979,U1072,4,Knitting Machine,Hobby,view,,0,2024-04-15,136.0
2980,U0959,2465,Lint Remover,Laundry,purchase,2.5,1,2023-10-08,
2981,U1863,1584,Electric Stove,Kitchen,view,,0,2023-04-05,13.0
2982,U0456,2593,Air Conditioner,Climate,view,,0,2024-03-22,88.0
2983,U0624,2610,Massager,Personal Care,view,,0,2023-06-25,23.0
2984,U0770,1660,Chapati Maker,Kitchen,purchase,3.0,1,2023-02-08,
2985,U1427,1612,Sandwich Maker,Kitchen,purchase,3.9,1,2023-04-08,
2986,U0669,111,Hair Straightener,Personal Care,purchase,4.3,1,2023-07-08,
2987,U0678,4699,Aquarium Filter,Pet,add_to_cart,,0,2024-08-02,
2988,U0334,3298,Ice Cream Maker,Kitchen,add_to_cart,,0,2024-08-15,
2989,U1114,4501,Can Opener,Kitchen,view,,0,2024-07-26,82.0
2990,U0732,2403,Smart Switch,Smart Home,wishlist,4.3,0,2023-01-18,
2991,U1803,3945,3D Printer,Hobby,add_to_cart,,0,2024-03-25,
2992,U0488,1768,Battery Charger,Power,wishlist,3.0,0,2023-01-06,
2993,U0716,3269,WiFi Extender,Networking,purchase,3.5,1,2023-03-15,
2994,U0877,1332,Aquarium Heater,Pet,view,,0,2023-03-08,123.0
2995,U1810,3949,Booster Pump,Outdoor,view,,0,2024-01-11,290.0
2996,U1625,2125,Carpet Cleaner,Cleaning,purchase,3.5,1,2024-08-10,
2997,U1158,919,Smart Door Lock,Security,view,,0,2023-01-12,144.0
2998,U1233,3337,Freezer,Kitchen,add_to_cart,,0,2024-02-15,
2999,U1616,1172,Voltage Stabilizer,Power,view,,0,2024-11-03,152.0
3000,U1960,581,Pet Feeder,Pet,add_to_cart,,0,2023-02-10,
3001,U1656,1974,Router,Networking,view,,0,2024-09-19,196.0
3002,U0948,2233,DVD Player,Entertainment,purchase,5.0,1,2024-12-02,
3003,U1823,1270,Home Theater System,Entertainment,view,,0,2024-02-17,146.0
3004,U0745,2185,Digital Safe,Security,add_to_cart,,0,2023-06-28,
3005,U0652,333,Home Server,Networking,view,,0,2023-09-25,53.0
3006,U1338,2895,Built In Microwave,Kitchen,view,,0,2023-08-25,109.0
3007,U1203,4824,Convection Microwave,Kitchen,purchase,5.0,1,2023-01-22,
3008,U1978,2843,Hair Dryer,Personal Care,add_to_cart,,0,2023-04-07,
3009,U1477,1444,RO Purifier,Bathroom,purchase,4.5,1,2023-01-08,
3010,U1642,4749,Smart Bulb,Smart Home,add_to_cart,,0,2024-01-09,
3011,U1005,3955,Popcorn Maker,Kitchen,add_to_cart,,0,2024-10-10,
3012,U0785,3114,Automatic Pet Water Fountain,Pet,view,,0,2024-10-15,8.0
3013,U0344,1010,Hot Dog Maker,Kitchen,wishlist,4.8,0,2024-09-17,
3014,U1708,4657,Air Quality Monitor,Smart Home,purchase,5.0,1,2023-05-19,
3015,U0881,1285,Smart Door Lock,Security,purchase,5.0,1,2023-03-11,
3016,U0782,1370,Roti Maker,Kitchen,purchase,4.5,1,2024-04-16,
3017,U0148,4196,Speakers,Entertainment,view,,0,2024-04-26,56.0
3018,U0691,4822,Automatic Pet Water Fountain,Pet,view,,0,2024-03-01,205.0
3019,U0303,3746,Cotton Candy Machine,Hobby,view,,0,2023-08-30,228.0
3020,U0899,1726,Router,Networking,purchase,4.7,1,2023-11-20,
3021,U0254,110,Electric Kettle,Kitchen,wishlist,2.9,0,2024-11-18,
3022,U1880,4063,Tower Fan,Climate,view,,0,2023-07-26,65.0
3023,U1557,1877,Portable Dishwasher,Cleaning,view,,0,2024-11-29,86.0
3024,U1008,4215,Electric Blanket,Personal Care,view,,0,2024-04-09,30.0
3025,U0181,3145,Smart TV,Entertainment,add_to_cart,,0,2023-07-02,
3026,U0968,3332,Ice Maker,Kitchen,add_to_cart,,0,2023-03-06,
3027,U0144,1332,Aquarium Heater,Pet,add_to_cart,,0,2024-05-01,
3028,U0282,1186,Steam Cleaner,Cleaning,wishlist,4.3,0,2024-12-14,
3029,U1886,3516,Countertop Dishwasher,Cleaning,view,,0,2024-11-12,150.0
3030,U1517,1693,Handheld Vacuum,Cleaning,view,,0,2024-12-03,137.0
3031,U1725,4093,Steam Iron,Laundry,view,,0,2023-02-27,40.0
3032,U0622,2443,Central Vacuum System,Cleaning,view,,0,2024-11-30,97.0
3033,U0603,3790,Epilator,Personal Care,view,,0,2023-02-11,461.0
3034,U1938,3099,Range Hood,Kitchen,view,,0,2023-11-01,3.0
3035,U0359,4455,Steam Cleaner,Cleaning,view,,0,2023-06-28,52.0
3036,U0199,2296,Deep Fryer,Kitchen,add_to_cart,,0,2024-09-27,
3037,U0640,979,Label Maker,Tools,add_to_cart,,0,2023-12-23,
3038,U0359,3776,Paper Shredder,Tools,wishlist,4.8,0,2024-08-07,
3039,U0589,460,Can Opener,Kitchen,wishlist,4.7,0,2023-08-15,
3040,U0799,796,RO Purifier,Bathroom,add_to_cart,,0,2023-03-11,
3041,U0593,2094,Electric Stove,Kitchen,view,,0,2023-09-23,129.0
3042,U1074,2970,Vacuum Cleaner,Cleaning,add_to_cart,,0,2024-06-21,
3043,U1323,3692,Pool Heater,Outdoor,view,,0,2024-02-09,24.0
3044,U1720,4370,Water Filter,Bathroom,add_to_cart,,0,2024-09-17,
3045,U0910,177,Smart Plug,Smart Home,view,,0,2023-06-30,66.0
3046,U0604,4672,Massager,Personal Care,view,,0,2024-10-12,32.0
3047,U1708,3359,Towel Warmer,Bathroom,view,,0,2024-01-07,296.0
3048,U0141,2259,Handheld Vacuum,Cleaning,purchase,3.5,1,2024-07-26,
3049,U1009,3999,Coffee Grinder,Kitchen,purchase,4.0,1,2023-08-06,
3050,U0608,2378,Lint Remover,Laundry,view,,0,2023-10-26,99.0
3051,U0339,4534,Alarm Clock,Decor,wishlist,4.1,0,2023-05-06,
3052,U1543,1243,Massager,Personal Care,add_to_cart,,0,2024-11-02,
3053,U1168,29,Water Flosser,Personal Care,purchase,4.1,1,2023-02-20,
3054,U0954,3019,Hair Curler,Personal Care,view,,0,2023-08-30,61.0
3055,U0786,3565,Set Top Box,Entertainment,add_to_cart,,0,2024-04-19,
3056,U0677,957,Exhaust Fan,Climate,view,,0,2024-12-11,309.0
3057,U1569,3430,Smart Dryer,Laundry,view,,0,2024-07-26,26.0
3058,U0118,4109,Smart Garage Door Opener,Security,add_to_cart,,0,2024-11-19,
3059,U1210,1323,Air Purifier,Climate,view,,0,2024-03-26,502.0
3060,U1827,3425,Electric Pressure Cooker,Kitchen,add_to_cart,,0,2024-11-07,
3061,U1005,1956,Tea Maker,Kitchen,view,,0,2023-01-08,241.0
3062,U0062,2207,Clock,Decor,add_to_cart,,0,2023-01-26,
3063,U1884,731,Smart Oven,Kitchen,view,,0,2023-03-18,342.0
3064,U1898,1439,Sprinkler System,Tools,view,,0,2024-09-10,234.0
3065,U1688,1723,Window Cleaner Robot,Cleaning,purchase,5.0,1,2023-06-13,
3066,U1324,608,Rice Cooker,Kitchen,purchase,4.5,1,2023-10-08,
3067,U0043,1990,Carpet Cleaner,Cleaning,add_to_cart,,0,2024-11-11,
3068,U0140,1691,Garage Door Motor,Outdoor,purchase,4.6,1,2024-04-07,
3069,U1638,4126,Smoke Detector,Security,purchase,4.3,1,2024-08-13,
3070,U0264,4946,Home Brewing Kit,Hobby,wishlist,3.4,0,2023-03-08,
3071,U1314,630,Food Dehydrator,Kitchen,wishlist,4.8,0,2023-10-19,
3072,U0268,3333,Handheld Vacuum,Cleaning,purchase,4.4,1,2024-10-01,
3073,U1302,74,Iron,Laundry,view,,0,2023-10-15,101.0
3074,U0724,1172,Voltage Stabilizer,Power,view,,0,2023-05-28,145.0
3075,U1600,2244,Geyser,Bathroom,view,,0,2023-01-21,116.0
3076,U1824,4088,Video Doorbell,Security,wishlist,4.5,0,2023-06-29,
3077,U0418,3933,Lint Remover,Laundry,purchase,3.0,1,2024-10-12,
3078,U1560,3936,Massager,Personal Care,view,,0,2024-06-19,192.0
3079,U1180,2733,Carpet Cleaner,Cleaning,view,,0,2024-08-28,297.0
3080,U0746,3869,Massager,Personal Care,wishlist,3.3,0,2024-03-29,
3081,U0770,3259,Electric Lunch Box,Kitchen,purchase,3.0,1,2024-08-16,
3082,U0037,3533,Home Automation Controller,Networking,wishlist,3.6,0,2023-06-02,
3083,U1393,3850,Massage Chair,Personal Care,purchase,4.6,1,2024-04-08,
3084,U1514,3932,Smart Washer,Laundry,add_to_cart,,0,2023-07-25,
3085,U1333,4288,Trimmer,Personal Care,view,,0,2024-03-27,15.0
3086,U1366,4393,Induction Cooktop,Kitchen,add_to_cart,,0,2023-08-30,
3087,U0360,27,Pet Feeder,Pet,add_to_cart,,0,2023-11-06,
3088,U0477,3252,Hair Curler,Personal Care,add_to_cart,,0,2023-02-13,
3089,U1778,1557,Sump Pump,Outdoor,purchase,4.0,1,2024-08-20,
3090,U1670,2368,Blender,Kitchen,purchase,3.3,1,2023-09-28,
3091,U1621,2554,Bottle Sterilizer,Kitchen,add_to_cart,,0,2023-07-06,
3092,U0843,355,Hot Dog Maker,Kitchen,view,,0,2024-11-06,76.0
3093,U0244,2320,Smart Curtain Motor,Smart Home,view,,0,2023-02-22,22.0
3094,U1969,4230,Television,Entertainment,view,,0,2023-09-28,316.0
3095,U0665,2464,Heater,Climate,view,,0,2024-11-04,253.0
3096,U1570,199,Attic Fan,Climate,add_to_cart,,0,2024-11-25,
3097,U0261,272,Built In Microwave,Kitchen,purchase,4.9,1,2024-03-03,
3098,U0994,704,Central Vacuum System,Cleaning,view,,0,2024-05-31,572.0
3099,U1838,4834,Deep Fryer,Kitchen,view,,0,2023-11-30,5.0
3100,U0845,597,Home Server,Networking,view,,0,2024-12-05,87.0
3101,U0568,270,Kitchen Chimney,Kitchen,purchase,5.0,1,2023-06-13,
3102,U1900,2803,Router,Networking,view,,0,2024-01-27,98.0
3103,U1988,2955,Chainsaw,Tools,purchase,4.0,1,2023-03-12,
3104,U1500,3805,Air Quality Monitor,Smart Home,view,,0,2024-04-07,117.0
3105,U0756,4945,Network Attached Storage,Networking,view,,0,2023-05-16,34.0
3106,U0250,916,Ice Cream Maker,Kitchen,add_to_cart,,0,2024-05-12,
3107,U0086,4697,Landline Phone,Smart Home,wishlist,4.2,0,2024-08-09,
3108,U0650,4140,Electric Mop,Cleaning,purchase,4.4,1,2023-07-12,
3109,U0336,3977,Central Vacuum System,Cleaning,purchase,5.0,1,2023-03-28,
3110,U0804,2778,Trash Compactor,Kitchen,view,,0,2023-12-02,163.0
3111,U1353,3169,Rice Cooker,Kitchen,view,,0,2024-03-27,213.0
3112,U0290,3810,Paper Shredder,Tools,view,,0,2024-02-04,161.0
3113,U1796,1846,Toaster Oven,Kitchen,view,,0,2024-04-30,288.0
3114,U0583,2024,Chainsaw,Tools,wishlist,4.3,0,2023-08-08,
3115,U1306,2642,Blu Ray Player,Entertainment,wishlist,5.0,0,2023-02-13,
3116,U0448,1005,Water Pump,Outdoor,purchase,4.9,1,2024-11-06,
3117,U0727,2787,Hair Dryer,Personal Care,view,,0,2024-04-22,158.0
3118,U0501,111,Hair Straightener,Personal Care,purchase,4.4,1,2023-05-12,
3119,U1746,4725,Foot Massager,Personal Care,view,,0,2023-08-19,22.0
3120,U1985,2548,Air Quality Monitor,Smart Home,add_to_cart,,0,2023-09-06,
3121,U1709,4123,Electric Fireplace,Climate,view,,0,2024-10-09,273.0
3122,U1089,4265,Built In Microwave,Kitchen,view,,0,2024-01-09,11.0
3123,U1388,3332,Ice Maker,Kitchen,purchase,4.0,1,2024-07-03,
3124,U1039,2867,Terrarium Heater,Pet,wishlist,2.1,0,2024-08-28,
3125,U1969,4019,Shoe Dryer,Laundry,add_to_cart,,0,2023-07-02,
3126,U1597,2182,Basement Dehumidifier,Outdoor,add_to_cart,,0,2023-09-12,
3127,U0723,616,Sandwich Maker,Kitchen,add_to_cart,,0,2024-03-23,
3128,U0276,2547,Wall Clock,Decor,purchase,4.4,1,2024-04-28,
3129,U0043,3293,Aquarium Heater,Pet,add_to_cart,,0,2024-07-05,
3130,U1880,1911,Weather Station,Smart Home,add_to_cart,,0,2023-07-19,
3131,U1756,4341,Air Fryer,Kitchen,wishlist,4.8,0,2023-01-01,
3132,U1414,341,Smart Hub,Networking,purchase,2.5,1,2023-02-28,
3133,U1702,298,Electric Grill,Kitchen,purchase,4.0,1,2024-09-20,
3134,U1272,4790,Electric Fireplace,Climate,view,,0,2023-07-17,17.0
3135,U1208,4372,UPS,Power,add_to_cart,,0,2023-10-02,
3136,U0531,3135,Roti Maker,Kitchen,purchase,3.5,1,2024-07-14,
3137,U1831,2272,Range Hood,Kitchen,purchase,3.1,1,2023-04-27,
3138,U0998,1786,Steam Cleaner,Cleaning,view,,0,2024-10-12,326.0
3139,U1483,1779,Misting Fan,Climate,view,,0,2023-03-06,365.0
3140,U1098,3822,Steam Cleaner,Cleaning,purchase,5.0,1,2023-06-25,
3141,U0546,2935,Trimmer,Personal Care,add_to_cart,,0,2024-10-15,
3142,U1811,1565,Booster Pump,Outdoor,add_to_cart,,0,2024-01-24,
3143,U1753,4644,Handheld Vacuum,Cleaning,wishlist,4.4,0,2024-05-31,
3144,U0400,2924,Pressure Cooker,Kitchen,view,,0,2024-02-27,3.0
3145,U1316,4544,Electric Vehicle Charger,Power,add_to_cart,,0,2023-01-15,
3146,U0466,3837,Gaming Console,Entertainment,add_to_cart,,0,2024-12-11,
3147,U1119,1698,Terrarium Heater,Pet,view,,0,2024-07-03,217.0
3148,U0913,775,Central Vacuum System,Cleaning,view,,0,2023-04-21,22.0
3149,U1346,4619,Jacuzzi Pump,Bathroom,view,,0,2024-06-02,459.0
3150,U1226,641,Massage Chair,Personal Care,view,,0,2023-12-08,15.0
3151,U1080,1353,Steam Cleaner,Cleaning,purchase,4.0,1,2023-04-13,
3152,U0080,2610,Massager,Personal Care,add_to_cart,,0,2024-06-27,
3153,U1204,1336,Portable Dishwasher,Cleaning,wishlist,5.0,0,2023-03-27,
3154,U1762,4896,Kombucha Maker,Hobby,wishlist,3.4,0,2024-06-11,
3155,U0691,309,Electric Mop,Cleaning,wishlist,3.4,0,2023-11-02,
3156,U1063,2375,Pressure Washer,Cleaning,view,,0,2024-03-03,300.0
3157,U1441,1966,Steam Cleaner,Cleaning,add_to_cart,,0,2023-04-05,
3158,U0166,4123,Electric Fireplace,Climate,view,,0,2024-08-29,28.0
3159,U0743,1160,Exhaust Fan,Climate,view,,0,2024-11-20,19.0
3160,U0909,3940,Air Quality Monitor,Smart Home,purchase,4.4,1,2023-11-18,
3161,U0594,3388,Geyser,Bathroom,view,,0,2024-05-29,38.0
3162,U1135,2599,Exhaust Fan,Climate,purchase,2.7,1,2024-11-27,
3163,U0735,4276,Heating Pad,Personal Care,purchase,3.9,1,2023-01-24,
3164,U1501,4911,Electric Shaver,Personal Care,purchase,4.7,1,2023-12-20,
3165,U1304,3612,Security Camera,Security,view,,0,2024-10-10,95.0
3166,U0429,1258,Electric Kettle,Kitchen,wishlist,5.0,0,2024-06-15,
3167,U1497,4981,Inverter,Power,add_to_cart,,0,2024-10-21,
3168,U0709,263,Cooktop,Kitchen,view,,0,2024-04-03,86.0
3169,U0503,3666,Robot Vacuum,Cleaning,purchase,2.4,1,2023-11-19,
3170,U1939,2370,Handheld Vacuum,Cleaning,add_to_cart,,0,2023-10-29,
3171,U0906,3218,Electric Oven,Kitchen,add_to_cart,,0,2023-10-18,
3172,U1292,3446,Gas Stove,Kitchen,add_to_cart,,0,2023-03-10,
3173,U1077,1680,Tankless Water Heater,Bathroom,view,,0,2024-02-15,43.0
3174,U0246,3115,Meat Grinder,Kitchen,view,,0,2023-01-20,75.0
3175,U0421,1176,Juicer,Kitchen,purchase,3.7,1,2024-12-04,
3176,U1199,4286,Label Maker,Tools,add_to_cart,,0,2024-06-23,
3177,U0508,4498,Landline Phone,Smart Home,wishlist,4.8,0,2023-08-11,
3178,U0289,4531,Digital Safe,Security,add_to_cart,,0,2023-05-10,
3179,U0095,149,Landline Phone,Smart Home,wishlist,5.0,0,2024-09-21,
3180,U0536,1198,Handheld Vacuum,Cleaning,view,,0,2024-08-06,43.0
3181,U1445,1621,Basement Dehumidifier,Outdoor,wishlist,4.9,0,2024-01-18,
3182,U1932,2932,Hot Plate,Kitchen,purchase,4.1,1,2023-03-07,
3183,U1194,4827,Mixer Grinder,Kitchen,add_to_cart,,0,2023-02-12,
3184,U0996,2600,Geyser,Bathroom,purchase,4.7,1,2023-02-01,
3185,U0390,278,Hair Curler,Personal Care,add_to_cart,,0,2024-07-07,
3186,U0708,3551,Inverter,Power,view,,0,2024-01-31,252.0
3187,U0174,299,Door Intercom,Security,view,,0,2023-01-08,138.0
3188,U0709,1607,Countertop Dishwasher,Cleaning,add_to_cart,,0,2023-03-05,
3189,U1745,2820,Hot Plate,Kitchen,add_to_cart,,0,2024-07-11,
3190,U0801,4697,Landline Phone,Smart Home,view,,0,2024-09-14,118.0
3191,U1469,4568,Espresso Machine,Kitchen,view,,0,2024-03-22,26.0
3192,U0846,4103,Electric Mop,Cleaning,view,,0,2023-06-13,96.0
3193,U0983,1915,Angle Grinder,Tools,purchase,3.7,1,2023-01-10,
3194,U1265,3687,Smart Refrigerator,Kitchen,view,,0,2024-10-24,71.0
3195,U1782,85,DVD Player,Entertainment,purchase,4.8,1,2024-01-16,
3196,U1740,1747,Soundbar,Entertainment,purchase,4.5,1,2023-11-16,
3197,U0835,937,DVD Player,Entertainment,purchase,5.0,1,2024-10-29,
3198,U0343,2150,Terrarium Heater,Pet,add_to_cart,,0,2024-05-23,
3199,U1342,4926,Tea Maker,Kitchen,wishlist,5.0,0,2024-03-05,
3200,U0165,2688,Attic Fan,Climate,purchase,4.5,1,2023-01-13,
3201,U1812,3513,RO Purifier,Bathroom,purchase,4.6,1,2023-01-19,
3202,U1771,2801,Milk Frother,Kitchen,view,,0,2024-02-19,24.0
3203,U1355,3148,Smart Plug,Smart Home,view,,0,2023-11-15,13.0
3204,U1271,1527,Weather Station,Smart Home,view,,0,2023-08-09,32.0
3205,U0860,3974,Baby Food Maker,Kitchen,view,,0,2023-08-31,36.0
3206,U1218,566,Hedge Trimmer,Tools,wishlist,3.3,0,2023-03-23,
3207,U0276,3170,Towel Warmer,Bathroom,view,,0,2023-11-28,183.0
3208,U1952,1809,Pet Feeder,Pet,view,,0,2023-11-26,84.0
3209,U1244,193,Water Heater,Bathroom,purchase,5.0,1,2023-06-05,
3210,U0376,4921,Soundbar,Entertainment,view,,0,2023-05-02,80.0
3211,U1442,2593,Air Conditioner,Climate,view,,0,2023-01-21,172.0
3212,U0447,2569,Panini Press,Kitchen,view,,0,2024-05-27,33.0
3213,U0577,454,WiFi Extender,Networking,wishlist,5.0,0,2024-10-24,
3214,U0141,4568,Espresso Machine,Kitchen,purchase,3.6,1,2024-12-13,
3215,U1756,2642,Blu Ray Player,Entertainment,purchase,4.1,1,2024-07-11,
3216,U1685,2124,Air Quality Monitor,Smart Home,add_to_cart,,0,2023-09-30,
3217,U1526,441,Water Filter,Bathroom,add_to_cart,,0,2023-07-26,
3218,U1667,384,Yogurt Maker,Kitchen,purchase,5.0,1,2023-07-13,
3219,U0088,1189,Smart Bulb,Smart Home,purchase,4.4,1,2023-09-28,
3220,U1387,411,Scanner,Tools,purchase,4.7,1,2024-07-20,
3221,U0157,2484,Built In Refrigerator,Kitchen,wishlist,5.0,0,2024-03-11,
3222,U0164,4248,Air Purifier,Climate,purchase,2.5,1,2023-06-24,
3223,U1714,4793,Space Heater,Climate,view,,0,2024-05-03,103.0
3224,U0694,4300,Trimmer,Personal Care,add_to_cart,,0,2024-06-15,
3225,U0828,4456,Cotton Candy Machine,Hobby,view,,0,2023-07-05,206.0
3226,U1666,1391,Kitchen Chimney,Kitchen,wishlist,3.2,0,2023-07-27,
3227,U0336,1245,Misting Fan,Climate,purchase,3.3,1,2024-12-01,
3228,U0173,1901,Toaster,Kitchen,view,,0,2024-08-11,32.0
3229,U0068,145,Chainsaw,Tools,purchase,5.0,1,2024-06-06,
3230,U0310,4648,Hair Straightener,Personal Care,purchase,3.0,1,2024-09-21,
3231,U0841,3040,Hot Plate,Kitchen,wishlist,3.5,0,2023-11-23,
3232,U0260,4933,Pressure Cooker,Kitchen,purchase,4.3,1,2024-07-31,
3233,U1243,3627,Paper Shredder,Tools,view,,0,2024-09-13,30.0
3234,U0396,708,Smart Plug,Smart Home,view,,0,2024-03-26,9.0
3235,U0129,2967,Slow Cooker,Kitchen,purchase,4.0,1,2024-05-05,
3236,U0408,3593,Paper Shredder,Tools,view,,0,2023-12-03,314.0
3237,U0496,3081,Smart Washer,Laundry,add_to_cart,,0,2024-06-23,
3238,U1606,459,Alarm System,Security,view,,0,2023-01-04,35.0
3239,U1038,44,Vacuum Cleaner,Cleaning,view,,0,2024-05-05,54.0
3240,U0687,3695,Hand Mixer,Kitchen,purchase,4.2,1,2023-07-22,
3241,U1958,4645,Smart Plug,Smart Home,view,,0,2024-04-13,48.0
3242,U0635,4865,Extension Cord,Power,view,,0,2024-02-11,88.0
3243,U1914,980,Smart Display,Entertainment,add_to_cart,,0,2023-04-25,
3244,U1923,4901,Iron,Laundry,add_to_cart,,0,2023-02-15,
3245,U1101,3899,Automatic Pet Water Fountain,Pet,view,,0,2024-12-09,48.0
3246,U1075,2773,Water Boiler,Kitchen,wishlist,4.0,0,2024-06-30,
3247,U0973,2786,Pet Feeder,Pet,view,,0,2023-03-03,234.0
3248,U1154,4761,Angle Grinder,Tools,add_to_cart,,0,2023-02-14,
3249,U0879,4370,Water Filter,Bathroom,wishlist,4.6,0,2024-12-31,
3250,U1331,1910,Heater,Climate,purchase,3.7,1,2024-05-21,
3251,U1349,903,Aquarium Filter,Pet,add_to_cart,,0,2024-12-26,
3252,U1940,1222,Printer,Tools,view,,0,2023-08-28,73.0
3253,U0926,3107,Water Softener,Bathroom,add_to_cart,,0,2024-12-03,
3254,U1473,177,Smart Plug,Smart Home,view,,0,2024-02-17,95.0
3255,U1737,4507,Gaming Console,Entertainment,view,,0,2023-11-04,23.0
3256,U1286,4924,Panini Press,Kitchen,view,,0,2023-02-12,1.0
3257,U0575,166,Landline Phone,Smart Home,wishlist,3.6,0,2024-06-13,
3258,U0923,2758,Space Heater,Climate,add_to_cart,,0,2024-08-11,
3259,U1668,2573,Dough Maker,Kitchen,purchase,5.0,1,2023-05-06,
3260,U1884,3732,Crepe Maker,Kitchen,view,,0,2023-09-17,32.0
3261,U0019,573,3D Printer,Hobby,purchase,3.6,1,2023-08-22,
3262,U0444,3202,Slow Cooker,Kitchen,wishlist,3.8,0,2023-06-12,
3263,U0626,3348,Built In Oven,Kitchen,purchase,3.5,1,2023-06-11,
3264,U0945,2413,Can Opener,Kitchen,add_to_cart,,0,2023-12-27,
3265,U1153,1211,Electric Stove,Kitchen,add_to_cart,,0,2023-08-10,
3266,U0036,14,Heating Pad,Personal Care,purchase,4.3,1,2023-12-14,
3267,U0645,4623,Pet Feeder,Pet,add_to_cart,,0,2024-01-31,
3268,U1624,4510,Sprinkler System,Tools,view,,0,2024-01-22,598.0
3269,U1049,1323,Air Purifier,Climate,wishlist,4.6,0,2024-06-30,
3270,U1462,1109,Home Automation Controller,Networking,view,,0,2023-10-28,107.0
3271,U1961,4006,Electric Blanket,Personal Care,view,,0,2024-10-08,366.0
3272,U0998,4276,Heating Pad,Personal Care,purchase,4.2,1,2023-11-13,
3273,U0114,3099,Range Hood,Kitchen,add_to_cart,,0,2024-01-06,
3274,U0945,3018,Blender,Kitchen,purchase,4.5,1,2023-09-11,
3275,U0470,1743,Automatic Pet Water Fountain,Pet,view,,0,2024-05-07,46.0
3276,U1660,669,Mini Fridge,Kitchen,view,,0,2024-06-19,241.0
3277,U1720,750,Sandwich Maker,Kitchen,view,,0,2023-11-21,293.0
3278,U1514,3177,Massage Chair,Personal Care,add_to_cart,,0,2023-10-18,
3279,U1470,4589,Blu Ray Player,Entertainment,wishlist,4.9,0,2023-01-22,
3280,U0626,2316,Electric Blanket,Personal Care,purchase,4.6,1,2024-04-01,
3281,U1027,3046,Inverter,Power,view,,0,2024-05-23,69.0
3282,U0647,994,Blender,Kitchen,view,,0,2024-02-13,23.0
3283,U1145,3885,Electric Blanket,Personal Care,add_to_cart,,0,2024-01-21,
3284,U1013,2496,Built In Microwave,Kitchen,view,,0,2024-12-11,216.0
3285,U0920,973,Citrus Juicer,Kitchen,view,,0,2023-12-08,43.0
3286,U1089,4757,Smart TV,Entertainment,add_to_cart,,0,2024-10-26,
3287,U1575,3719,Clock,Decor,view,,0,2023-06-25,158.0
3288,U0560,1307,Massage Chair,Personal Care,add_to_cart,,0,2023-03-09,
3289,U1501,4257,Electric Shaver,Personal Care,purchase,3.0,1,2024-01-30,
3290,U0643,3261,Automatic Pet Water Fountain,Pet,view,,0,2023-10-13,27.0
3291,U1422,3884,Electric Blanket,Personal Care,add_to_cart,,0,2024-08-26,
3292,U1998,2564,Alarm System,Security,purchase,4.9,1,2023-12-26,
3293,U1892,4481,Window Air Conditioner,Climate,view,,0,2023-02-13,163.0
3294,U1757,4010,Emergency Light,Security,wishlist,3.0,0,2024-02-02,
3295,U0243,2086,Tankless Water Heater,Bathroom,purchase,3.5,1,2024-09-02,
3296,U1009,3508,Water Flosser,Personal Care,add_to_cart,,0,2024-02-27,
3297,U1112,3928,Smart TV,Entertainment,add_to_cart,,0,2023-11-21,
3298,U0162,948,Pressure Cooker,Kitchen,view,,0,2023-11-23,12.0
3299,U0163,2135,Ice Maker,Kitchen,purchase,4.6,1,2024-03-18,
3300,U0986,3943,Smart Thermostat,Climate,add_to_cart,,0,2023-10-26,
3301,U0169,4977,Router,Networking,purchase,3.2,1,2023-11-07,
3302,U0711,3102,Home Automation Controller,Networking,view,,0,2024-08-19,220.0
3303,U1798,3745,Label Maker,Tools,wishlist,4.4,0,2024-04-08,
3304,U1951,2244,Geyser,Bathroom,add_to_cart,,0,2023-10-08,
3305,U0623,754,Handheld Vacuum,Cleaning,view,,0,2023-08-24,3.0
3306,U0854,2596,Power Strip,Power,purchase,3.5,1,2024-11-07,
3307,U0870,2150,Terrarium Heater,Pet,view,,0,2024-01-13,100.0
3308,U1614,1673,Angle Grinder,Tools,purchase,2.6,1,2023-05-05,
3309,U1228,3480,Slush Machine,Hobby,view,,0,2023-01-20,46.0
3310,U1799,2932,Hot Plate,Kitchen,view,,0,2023-05-01,173.0
3311,U1294,4960,Aquarium Filter,Pet,wishlist,2.5,0,2023-09-12,
3312,U0988,3372,Egg Cooker,Kitchen,purchase,5.0,1,2023-08-16,
3313,U0454,458,Water Flosser,Personal Care,add_to_cart,,0,2023-03-01,
3314,U0213,1675,Tankless Water Heater,Bathroom,purchase,5.0,1,2024-08-23,
3315,U1066,4849,Lint Remover,Laundry,view,,0,2024-02-12,8.0
3316,U1015,4960,Aquarium Filter,Pet,view,,0,2024-02-23,53.0
3317,U1645,1675,Tankless Water Heater,Bathroom,wishlist,4.8,0,2024-05-14,
3318,U1057,1743,Automatic Pet Water Fountain,Pet,wishlist,4.9,0,2024-03-19,
3319,U1866,1089,Hand Mixer,Kitchen,add_to_cart,,0,2024-01-21,
3320,U1090,2571,Wall Clock,Decor,view,,0,2024-04-16,315.0
3321,U1735,2183,Foot Massager,Personal Care,view,,0,2023-10-13,108.0
3322,U0498,53,Smart Door Lock,Security,purchase,2.7,1,2024-01-18,
3323,U0684,1835,Space Heater,Climate,wishlist,4.6,0,2023-05-10,
3324,U0834,4277,Tower Fan,Climate,purchase,4.4,1,2024-06-01,
3325,U0858,1982,Power Strip,Power,view,,0,2024-05-16,103.0
3326,U0691,4255,Handheld Vacuum,Cleaning,view,,0,2024-05-04,55.0
3327,U0719,2984,Handheld Vacuum,Cleaning,purchase,4.2,1,2023-08-30,
3328,U0647,4582,Exhaust Fan,Climate,view,,0,2023-06-08,91.0
3329,U1045,40,Blender,Kitchen,add_to_cart,,0,2024-12-21,
3330,U1005,720,Home Sauna,Fitness,view,,0,2023-01-01,25.0
3331,U1268,1163,Home Sauna,Fitness,view,,0,2024-09-20,19.0
3332,U0396,4347,Air Quality Monitor,Smart Home,add_to_cart,,0,2024-02-22,
3333,U0590,1467,Carpet Cleaner,Cleaning,view,,0,2023-05-10,207.0
3334,U0823,4874,Hand Mixer,Kitchen,purchase,4.5,1,2023-07-02,
3335,U0787,3268,Food Dehydrator,Kitchen,add_to_cart,,0,2024-09-07,
3336,U1087,4103,Electric Mop,Cleaning,view,,0,2024-06-04,81.0
3337,U0891,3326,Water Boiler,Kitchen,add_to_cart,,0,2023-04-25,
3338,U0132,138,Built In Microwave,Kitchen,view,,0,2024-09-14,267.0
3339,U1018,2722,Home Server,Networking,purchase,5.0,1,2023-07-26,
3340,U0432,3866,Smart Hub,Networking,view,,0,2024-10-21,27.0
3341,U1876,4111,Pressure Washer,Cleaning,add_to_cart,,0,2024-07-04,
3342,U1599,1811,Smart Door Lock,Security,add_to_cart,,0,2024-06-29,
3343,U0225,470,Vacuum Cleaner,Cleaning,wishlist,4.5,0,2024-08-08,
3344,U0639,751,Television,Entertainment,purchase,3.5,1,2023-11-04,
3345,U0291,4002,Blu Ray Player,Entertainment,wishlist,3.2,0,2024-11-11,
3346,U1923,2591,Scanner,Tools,view,,0,2023-11-12,57.0
3347,U1218,4766,Towel Warmer,Bathroom,add_to_cart,,0,2024-03-09,
3348,U0973,3723,Window Cleaner Robot,Cleaning,add_to_cart,,0,2024-08-12,
3349,U1489,380,CCTV System,Security,add_to_cart,,0,2023-02-23,
3350,U0531,4771,Sandwich Maker,Kitchen,view,,0,2023-01-13,35.0
3351,U0851,2726,Air Quality Monitor,Smart Home,add_to_cart,,0,2023-01-07,
3352,U0919,1809,Pet Feeder,Pet,view,,0,2024-11-16,54.0
3353,U0295,2062,Pressure Washer,Cleaning,add_to_cart,,0,2023-11-24,
3354,U1593,2224,Inverter,Power,wishlist,3.2,0,2024-08-04,
3355,U1545,1937,Chainsaw,Tools,purchase,4.8,1,2024-09-05,
3356,U1831,968,Smart TV,Entertainment,wishlist,4.6,0,2023-07-27,
3357,U0510,162,Foot Massager,Personal Care,add_to_cart,,0,2024-12-10,
3358,U1487,3288,Kegerator,Hobby,wishlist,5.0,0,2024-12-12,
3359,U1183,1852,Automatic Pet Water Fountain,Pet,add_to_cart,,0,2024-03-24,
3360,U0859,2858,Milk Frother,Kitchen,purchase,5.0,1,2024-03-08,
3361,U0272,4050,Home Automation Controller,Networking,purchase,4.4,1,2023-07-29,
3362,U0635,1172,Voltage Stabilizer,Power,view,,0,2024-09-06,48.0
3363,U0644,1530,Lint Remover,Laundry,add_to_cart,,0,2023-09-04,
3364,U0703,2636,Smart Bulb,Smart Home,view,,0,2023-12-06,350.0
3365,U1049,4907,Air Cooler,Climate,wishlist,3.3,0,2024-03-10,
3366,U1257,1612,Sandwich Maker,Kitchen,add_to_cart,,0,2023-12-18,
3367,U0114,1157,Electric Blanket,Personal Care,wishlist,3.2,0,2023-04-04,
3368,U0998,2035,Bottle Sterilizer,Kitchen,purchase,4.3,1,2024-06-26,
3369,U1947,4510,Sprinkler System,Tools,view,,0,2023-03-17,173.0
3370,U0129,192,WiFi Extender,Networking,purchase,3.9,1,2024-11-30,
3371,U0319,3595,Home Server,Networking,view,,0,2023-04-23,120.0
3372,U0662,2316,Electric Blanket,Personal Care,view,,0,2024-10-06,56.0
3373,U1551,973,Citrus Juicer,Kitchen,view,,0,2024-03-14,9.0
3374,U0919,1091,Smart Bulb,Smart Home,add_to_cart,,0,2023-06-09,
3375,U0780,1298,Clothes Dryer,Laundry,purchase,4.1,1,2024-09-05,
3376,U1372,1065,Hot Plate,Kitchen,purchase,4.9,1,2024-01-22,
3377,U1114,1190,Infrared Sauna,Fitness,view,,0,2023-10-05,163.0
3378,U1246,1879,Air Cooler,Climate,purchase,3.3,1,2023-10-03,
3379,U1559,4428,Pet Feeder,Pet,view,,0,2023-04-21,141.0
3380,U0760,2174,Water Pump,Outdoor,purchase,3.8,1,2023-04-15,
3381,U0751,1246,Rowing Machine,Fitness,add_to_cart,,0,2023-12-14,
3382,U0250,4405,Weather Station,Smart Home,add_to_cart,,0,2024-07-13,
3383,U0186,2652,Massager,Personal Care,add_to_cart,,0,2023-04-01,
3384,U0734,1344,Aquarium Heater,Pet,view,,0,2023-07-11,426.0
3385,U0322,3205,UPS,Power,purchase,4.8,1,2024-12-11,
3386,U1889,1064,Deep Fryer,Kitchen,purchase,3.3,1,2023-10-15,
3387,U0631,1893,Electric Oven,Kitchen,view,,0,2023-06-15,170.0
3388,U1307,3760,Heater,Climate,wishlist,2.5,0,2024-02-23,
3389,U1989,3183,Pet Feeder,Pet,add_to_cart,,0,2024-12-06,
3390,U0326,3622,Robot Vacuum,Cleaning,purchase,4.5,1,2024-02-15,
3391,U1128,4960,Aquarium Filter,Pet,view,,0,2024-09-24,11.0
3392,U1339,3404,Foot Massager,Personal Care,add_to_cart,,0,2024-05-23,
3393,U0020,2638,Tankless Water Heater,Bathroom,view,,0,2024-08-01,261.0
3394,U1407,3627,Paper Shredder,Tools,view,,0,2023-06-07,60.0
3395,U0591,3615,Air Purifier,Climate,view,,0,2024-07-14,582.0
3396,U1317,4323,Massage Chair,Personal Care,view,,0,2024-02-23,341.0
3397,U1887,4392,Smart Lock,Security,purchase,4.4,1,2024-09-18,
3398,U1217,1412,Bidet Seat,Bathroom,add_to_cart,,0,2023-04-30,
3399,U1186,2633,Booster Pump,Outdoor,purchase,4.1,1,2023-07-23,
3400,U1413,137,Knitting Machine,Hobby,add_to_cart,,0,2024-06-12,
3401,U0326,842,Humidifier,Climate,add_to_cart,,0,2024-06-14,
3402,U0755,1341,Aquarium Filter,Pet,view,,0,2024-09-04,11.0
3403,U1575,4934,Hair Curler,Personal Care,view,,0,2024-09-11,30.0
3404,U1686,2934,Washing Machine,Laundry,add_to_cart,,0,2024-06-16,
3405,U0253,3789,Smart Switch,Smart Home,view,,0,2024-05-21,132.0
3406,U1128,2547,Wall Clock,Decor,view,,0,2023-08-31,567.0
3407,U1000,3755,Printer,Tools,purchase,4.0,1,2023-10-24,
3408,U1347,2960,Smart Plug,Smart Home,view,,0,2024-08-16,221.0
3409,U1811,772,Chapati Maker,Kitchen,purchase,4.2,1,2024-11-14,
3410,U0346,4484,Washer Dryer Combo,Laundry,view,,0,2023-01-20,251.0
3411,U0927,3443,Carbon Monoxide Detector,Security,add_to_cart,,0,2024-04-17,
3412,U0832,4460,Electric Vehicle Charger,Power,add_to_cart,,0,2024-04-24,
3413,U0547,638,Smart Garage Door Opener,Security,add_to_cart,,0,2024-03-26,
3414,U0357,3789,Smart Switch,Smart Home,purchase,3.7,1,2023-02-22,
3415,U1991,4997,Kombucha Maker,Hobby,add_to_cart,,0,2023-08-02,
3416,U1836,3662,Heating Pad,Personal Care,wishlist,4.8,0,2024-01-11,
3417,U0239,3368,Electric Drill,Tools,view,,0,2023-02-16,7.0
3418,U0574,3984,Bathroom Exhaust Fan,Bathroom,wishlist,4.6,0,2024-01-27,
3419,U1319,1313,Pool Pump,Outdoor,view,,0,2024-07-27,293.0
3420,U1673,2109,Weather Station,Smart Home,purchase,4.3,1,2023-06-28,
3421,U0458,16,Smart Switch,Smart Home,purchase,4.2,1,2024-03-29,
3422,U0523,2316,Electric Blanket,Personal Care,view,,0,2024-08-20,39.0
3423,U0555,1456,Window Cleaner Robot,Cleaning,purchase,2.8,1,2024-10-06,
3424,U1291,2930,Jacuzzi Pump,Bathroom,view,,0,2023-09-03,47.0
3425,U1944,1816,Modem,Networking,purchase,4.6,1,2024-07-20,
3426,U1587,365,Milk Frother,Kitchen,add_to_cart,,0,2023-12-07,
3427,U1905,2920,Cooktop,Kitchen,purchase,5.0,1,2024-11-15,
3428,U0817,386,Trimmer,Personal Care,add_to_cart,,0,2024-05-22,
3429,U1258,2643,Electric Mop,Cleaning,purchase,4.6,1,2024-12-09,
3430,U1639,227,RO Purifier,Bathroom,purchase,3.1,1,2024-09-24,
3431,U0008,261,Clock,Decor,wishlist,4.6,0,2024-06-06,
3432,U1539,1028,Wall Clock,Decor,view,,0,2023-10-24,81.0
3433,U0676,2974,Misting Fan,Climate,view,,0,2023-07-29,199.0
3434,U0468,1299,Electric Knife,Kitchen,view,,0,2023-06-26,266.0
3435,U1724,2679,Smart Refrigerator,Kitchen,purchase,5.0,1,2023-05-03,
3436,U1586,4064,Smart Dryer,Laundry,add_to_cart,,0,2023-06-10,
3437,U1824,1753,Smart Speaker,Entertainment,view,,0,2023-04-18,214.0
3438,U1542,3392,Aquarium Filter,Pet,wishlist,2.9,0,2023-04-21,
3439,U0224,1718,Hand Mixer,Kitchen,view,,0,2023-08-29,141.0
3440,U0666,3614,Sewing Machine,Hobby,wishlist,4.5,0,2023-01-03,
3441,U0453,4203,Countertop Dishwasher,Cleaning,add_to_cart,,0,2023-12-17,
3442,U1276,756,Smart TV,Entertainment,view,,0,2024-09-10,61.0
3443,U0448,3658,Vacuum Cleaner,Cleaning,purchase,4.7,1,2024-02-06,
3444,U1710,633,Countertop Dishwasher,Cleaning,wishlist,4.9,0,2024-08-13,
3445,U1112,882,Cotton Candy Machine,Hobby,wishlist,4.7,0,2023-06-04,
3446,U1059,2652,Massager,Personal Care,purchase,5.0,1,2023-11-18,
3447,U1292,4734,Smart Garage Door Opener,Security,view,,0,2023-05-05,360.0
3448,U0563,3046,Inverter,Power,view,,0,2023-03-15,90.0
3449,U1187,4768,Air Conditioner,Climate,view,,0,2024-09-21,76.0
3450,U1033,3722,Air Quality Monitor,Smart Home,add_to_cart,,0,2024-06-08,
3451,U0396,3994,Knitting Machine,Hobby,add_to_cart,,0,2023-05-17,
3452,U0797,2860,Smart Plug,Smart Home,wishlist,4.8,0,2024-07-06,
3453,U0416,4456,Cotton Candy Machine,Hobby,purchase,4.1,1,2023-10-29,
3454,U1200,2297,Trimmer,Personal Care,add_to_cart,,0,2023-12-08,
3455,U1656,2732,Solar Panel Inverter,Power,view,,0,2024-10-12,23.0
3456,U1355,1750,Smoke Detector,Security,purchase,4.3,1,2023-05-29,
3457,U0184,1778,Toaster Oven,Kitchen,add_to_cart,,0,2023-05-20,
3458,U1973,874,Chapati Maker,Kitchen,add_to_cart,,0,2024-06-16,
3459,U0303,1169,Espresso Machine,Kitchen,wishlist,4.1,0,2023-10-21,
3460,U0560,2069,Aquarium Heater,Pet,view,,0,2024-11-21,181.0
3461,U0348,916,Ice Cream Maker,Kitchen,add_to_cart,,0,2024-08-14,
3462,U0165,854,Home Automation Controller,Networking,wishlist,4.8,0,2023-10-07,
3463,U1967,1545,Solo Microwave,Kitchen,add_to_cart,,0,2024-05-16,
3464,U1826,1974,Router,Networking,add_to_cart,,0,2023-04-07,
3465,U0192,4168,Digital Photo Frame,Entertainment,purchase,5.0,1,2024-01-28,
3466,U0094,3999,Coffee Grinder,Kitchen,add_to_cart,,0,2024-10-22,
3467,U0838,1897,UV Water Purifier,Bathroom,view,,0,2023-09-17,280.0
3468,U0050,2690,Popcorn Maker,Kitchen,wishlist,4.5,0,2023-01-10,
3469,U1826,26,Smart Curtain Motor,Smart Home,view,,0,2024-06-05,196.0
3470,U1838,3582,Wall Clock,Decor,view,,0,2024-11-18,124.0
3471,U0659,3618,Home Automation Controller,Networking,purchase,4.2,1,2023-06-10,
3472,U1215,73,Infrared Sauna,Fitness,add_to_cart,,0,2024-04-03,
3473,U0188,2803,Router,Networking,add_to_cart,,0,2024-12-17,
3474,U0392,3607,Scanner,Tools,view,,0,2023-11-04,119.0
3475,U0938,3797,Printer,Tools,wishlist,4.6,0,2023-01-20,
3476,U0551,2185,Digital Safe,Security,add_to_cart,,0,2023-10-18,
3477,U1100,4255,Handheld Vacuum,Cleaning,wishlist,3.2,0,2023-01-09,
3478,U0481,3940,Air Quality Monitor,Smart Home,purchase,4.5,1,2024-06-06,
3479,U1112,1541,Toaster Oven,Kitchen,view,,0,2024-04-23,14.0
3480,U0738,327,Smart Curtain Motor,Smart Home,view,,0,2023-04-20,209.0
3481,U1920,2595,Pool Pump,Outdoor,view,,0,2023-10-15,28.0
3482,U1509,2030,Aquarium Heater,Pet,purchase,4.3,1,2023-10-31,
3483,U0193,2527,WiFi Extender,Networking,purchase,4.4,1,2023-05-30,
3484,U1330,1046,Air Fryer,Kitchen,view,,0,2024-03-31,31.0
3485,U1433,139,Bladeless Fan,Climate,wishlist,5.0,0,2023-12-17,
3486,U1117,168,Electric Mop,Cleaning,wishlist,3.2,0,2023-01-22,
3487,U0245,657,Clock,Decor,view,,0,2024-06-30,171.0
3488,U0269,472,Pool Heater,Outdoor,purchase,4.2,1,2023-01-18,
3489,U0494,1500,Automatic Pet Water Fountain,Pet,view,,0,2024-01-29,68.0
3490,U1930,1497,Smart Hub,Networking,view,,0,2023-06-24,118.0
3491,U0539,3930,Clothesline Dryer,Laundry,purchase,4.3,1,2023-02-08,
3492,U0715,2442,Toaster Oven,Kitchen,add_to_cart,,0,2024-12-09,
3493,U1543,4361,Landline Phone,Smart Home,add_to_cart,,0,2024-11-06,
3494,U1946,3940,Air Quality Monitor,Smart Home,wishlist,4.6,0,2024-08-04,
3495,U0646,2683,Table Fan,Climate,view,,0,2023-02-04,102.0
3496,U0006,466,Weather Station,Smart Home,view,,0,2023-07-22,55.0
3497,U1969,2672,Bread Maker,Kitchen,add_to_cart,,0,2023-10-25,
3498,U1674,422,Toaster,Kitchen,view,,0,2023-12-05,185.0
3499,U1870,2857,Air Cooler,Climate,view,,0,2023-07-13,221.0
3500,U1598,4212,Pool Pump,Outdoor,view,,0,2023-03-29,64.0
3501,U1319,3203,Pressure Washer,Cleaning,view,,0,2023-11-10,24.0
3502,U1348,4853,Digital Safe,Security,view,,0,2023-11-23,175.0
3503,U0560,2351,Clothesline Dryer,Laundry,purchase,4.7,1,2023-05-08,
3504,U1305,796,RO Purifier,Bathroom,add_to_cart,,0,2023-10-08,
3505,U0538,1935,Attic Fan,Climate,add_to_cart,,0,2023-05-16,
3506,U1554,2993,Smart Bulb,Smart Home,purchase,5.0,1,2023-03-17,
3507,U1891,2698,Mini Fridge,Kitchen,wishlist,5.0,0,2024-09-29,
3508,U0074,3816,Smart Curtain Motor,Smart Home,view,,0,2024-10-18,40.0
3509,U0642,1401,Portable Air Conditioner,Climate,add_to_cart,,0,2024-06-02,
3510,U0242,3920,Trimmer,Personal Care,wishlist,3.2,0,2024-05-29,
3511,U0390,4108,Hair Dryer,Personal Care,view,,0,2023-12-17,41.0
3512,U1577,4847,Knitting Machine,Hobby,purchase,3.2,1,2023-06-26,
3513,U1978,3054,Subwoofer,Entertainment,add_to_cart,,0,2023-06-22,
3514,U0605,3315,Sump Pump,Outdoor,add_to_cart,,0,2024-12-05,
3515,U0974,1656,Range Hood,Kitchen,purchase,4.7,1,2024-09-06,
3516,U1991,1293,Electric Tandoor,Kitchen,view,,0,2024-08-26,53.0
3517,U1661,1406,Cooktop,Kitchen,wishlist,3.6,0,2024-05-09,
3518,U0353,2082,Food Processor,Kitchen,view,,0,2024-03-11,83.0
3519,U1989,4924,Panini Press,Kitchen,purchase,3.4,1,2023-09-24,
3520,U1892,1763,Tower Fan,Climate,view,,0,2023-04-19,48.0
3521,U0049,438,Smart Hub,Networking,view,,0,2024-07-29,49.0
3522,U1958,1095,Electric Oven,Kitchen,wishlist,4.0,0,2024-06-21,
3523,U1566,4861,Elliptical Trainer,Fitness,view,,0,2023-08-03,151.0
3524,U1070,3140,Weather Station,Smart Home,wishlist,3.5,0,2024-08-31,
3525,U0528,3336,Dishwasher,Cleaning,view,,0,2023-12-29,186.0
3526,U1537,4689,Streaming Device,Entertainment,add_to_cart,,0,2024-08-24,
3527,U1721,2693,Emergency Light,Security,purchase,4.7,1,2023-06-24,
3528,U0319,2101,Home Server,Networking,view,,0,2024-08-17,393.0
3529,U1259,1135,Smart Air Conditioner,Climate,purchase,3.1,1,2024-01-21,
3530,U0074,2303,WiFi Extender,Networking,view,,0,2024-01-29,17.0
3531,U0998,3188,Extension Cord,Power,view,,0,2024-08-05,48.0
3532,U0482,314,Pressure Washer,Cleaning,purchase,3.0,1,2023-10-25,
3533,U1785,2126,Ice Cream Maker,Kitchen,purchase,3.5,1,2023-12-06,
3534,U1096,376,Trash Compactor,Kitchen,wishlist,4.5,0,2024-02-05,
3535,U1784,3476,Smart Refrigerator,Kitchen,purchase,3.7,1,2024-07-13,
3536,U0707,967,Electric Lunch Box,Kitchen,view,,0,2024-10-25,303.0
3537,U1615,2458,Robot Vacuum,Cleaning,view,,0,2023-08-11,3.0
3538,U1348,3466,Garment Steamer,Laundry,view,,0,2024-11-24,30.0
3539,U1019,4642,Smart Oven,Kitchen,wishlist,4.1,0,2023-03-06,
3540,U0544,4032,Slow Cooker,Kitchen,purchase,4.9,1,2024-10-20,
3541,U0762,3084,Inverter,Power,view,,0,2024-08-14,139.0
3542,U1618,4351,Heater,Climate,add_to_cart,,0,2024-01-11,
3543,U1205,2363,Foot Massager,Personal Care,wishlist,4.3,0,2023-12-29,
3544,U1985,4220,Water Flosser,Personal Care,view,,0,2024-08-26,62.0
3545,U0903,662,Smoke Detector,Security,purchase,4.2,1,2023-03-31,
3546,U1993,3279,Tea Maker,Kitchen,view,,0,2023-02-16,131.0
3547,U1271,2254,Sprinkler System,Tools,purchase,5.0,1,2023-03-01,
3548,U1899,4461,Range Hood,Kitchen,view,,0,2024-03-04,84.0
3549,U1775,4648,Hair Straightener,Personal Care,view,,0,2024-06-08,92.0
3550,U0736,569,Countertop Dishwasher,Cleaning,view,,0,2023-06-10,137.0
3551,U0281,1484,Air Purifier,Climate,add_to_cart,,0,2024-08-25,
3552,U1578,2820,Hot Plate,Kitchen,wishlist,4.0,0,2023-02-13,
3553,U0057,4459,Electric Mop,Cleaning,purchase,4.4,1,2023-11-18,
3554,U1796,2829,Printer,Tools,purchase,3.8,1,2023-06-26,
3555,U1212,3895,Alarm Clock,Decor,view,,0,2023-02-01,216.0
3556,U1233,4099,Electric Grill,Kitchen,purchase,4.5,1,2023-10-08,
3557,U0219,3916,Air Conditioner,Climate,view,,0,2023-02-02,223.0
3558,U0461,2942,Kombucha Maker,Hobby,wishlist,4.5,0,2024-12-14,
3559,U1666,3192,Panini Press,Kitchen,wishlist,4.3,0,2024-02-25,
3560,U0079,2719,Vacuum Cleaner,Cleaning,view,,0,2024-06-14,157.0
3561,U1078,263,Cooktop,Kitchen,view,,0,2024-03-24,233.0
3562,U1613,4447,Egg Cooker,Kitchen,add_to_cart,,0,2023-01-12,
3563,U1948,2742,Water Softener,Bathroom,view,,0,2023-12-31,59.0
3564,U0699,1230,Hair Curler,Personal Care,view,,0,2024-06-06,415.0
3565,U0451,2722,Home Server,Networking,purchase,5.0,1,2023-12-07,
3566,U0626,3662,Heating Pad,Personal Care,add_to_cart,,0,2024-02-27,
3567,U1258,1759,Smart Plug,Smart Home,wishlist,4.1,0,2024-11-13,
3568,U0714,424,Countertop Dishwasher,Cleaning,view,,0,2024-10-12,474.0
3569,U0467,1541,Toaster Oven,Kitchen,wishlist,3.4,0,2024-03-25,
3570,U0538,400,Panini Press,Kitchen,wishlist,4.9,0,2024-06-23,
3571,U0017,3701,Countertop Dishwasher,Cleaning,purchase,3.8,1,2024-01-12,
3572,U1370,3858,Handheld Vacuum,Cleaning,add_to_cart,,0,2023-11-19,
3573,U1468,1677,Smart Door Lock,Security,add_to_cart,,0,2024-03-02,
3574,U1819,160,Booster Pump,Outdoor,add_to_cart,,0,2023-06-05,
3575,U0425,4752,Portable Dishwasher,Cleaning,wishlist,4.0,0,2024-10-24,
3576,U1552,703,Garage Door Motor,Outdoor,wishlist,3.1,0,2024-03-31,
3577,U0852,4353,Cold Press Juicer,Kitchen,add_to_cart,,0,2023-04-26,
3578,U0948,2537,Heater,Climate,purchase,5.0,1,2023-04-06,
3579,U0075,3231,Dough Maker,Kitchen,purchase,4.9,1,2024-09-11,
3580,U1991,601,Carbon Monoxide Detector,Security,view,,0,2023-02-22,111.0
3581,U1641,2515,Bidet Seat,Bathroom,view,,0,2023-02-04,61.0
3582,U0127,1843,Central Air Conditioner,Climate,view,,0,2024-03-25,37.0
3583,U1360,678,Smart Garage Door Opener,Security,view,,0,2024-04-06,178.0
3584,U1244,546,Electric Mop,Cleaning,view,,0,2023-05-26,14.0
3585,U0101,3651,Network Attached Storage,Networking,view,,0,2023-11-09,84.0
3586,U1410,2187,Electric Scooter Charger,Power,wishlist,3.5,0,2024-12-28,
3587,U1153,4171,Pressure Washer,Cleaning,wishlist,5.0,0,2024-12-24,
3588,U1975,2803,Router,Networking,view,,0,2024-08-05,305.0
3589,U1120,133,Inverter,Power,add_to_cart,,0,2024-01-17,
3590,U0566,2876,Smart Switch,Smart Home,view,,0,2024-12-04,142.0
3591,U0618,2419,Automatic Pet Water Fountain,Pet,purchase,5.0,1,2023-02-19,
3592,U1567,3530,Booster Pump,Outdoor,view,,0,2023-03-14,30.0
3593,U0651,2746,Weather Station,Smart Home,add_to_cart,,0,2023-08-23,
3594,U0742,785,Angle Grinder,Tools,view,,0,2024-12-22,322.0
3595,U0479,1450,Exhaust Fan,Climate,view,,0,2023-09-06,3.0
3596,U0640,2867,Terrarium Heater,Pet,view,,0,2023-08-20,63.0
3597,U1890,2721,DVD Player,Entertainment,add_to_cart,,0,2023-02-02,
3598,U1140,479,Cold Press Juicer,Kitchen,purchase,4.6,1,2024-08-06,
3599,U1398,671,Foot Massager,Personal Care,purchase,4.0,1,2024-05-28,
3600,U1683,3521,Mixer Grinder,Kitchen,add_to_cart,,0,2024-01-09,
3601,U1061,25,Foot Massager,Personal Care,view,,0,2024-03-26,91.0
3602,U0608,1901,Toaster,Kitchen,view,,0,2024-01-04,114.0
3603,U0555,1456,Window Cleaner Robot,Cleaning,view,,0,2024-03-28,236.0
3604,U1645,4063,Tower Fan,Climate,view,,0,2023-08-08,63.0
3605,U1856,3719,Clock,Decor,add_to_cart,,0,2023-11-15,
3606,U0466,2485,Toaster Oven,Kitchen,view,,0,2024-08-11,99.0
3607,U0107,321,Epilator,Personal Care,wishlist,3.0,0,2024-02-25,
3608,U0513,3170,Towel Warmer,Bathroom,view,,0,2023-09-25,42.0
3609,U1212,1234,Security Camera,Security,view,,0,2023-12-20,188.0
3610,U1198,3073,Electric Skillet,Kitchen,view,,0,2024-04-26,49.0
3611,U1531,3385,CCTV System,Security,add_to_cart,,0,2023-08-13,
3612,U1054,2288,Built In Microwave,Kitchen,view,,0,2024-06-28,369.0
3613,U1611,325,Vacuum Cleaner,Cleaning,view,,0,2024-10-05,410.0
3614,U0060,1384,Robot Vacuum,Cleaning,add_to_cart,,0,2024-02-18,
3615,U0063,151,Rowing Machine,Fitness,purchase,4.9,1,2023-08-21,
3616,U0126,151,Rowing Machine,Fitness,add_to_cart,,0,2024-06-19,
3617,U0989,1745,Pool Pump,Outdoor,view,,0,2024-05-22,172.0
3618,U1010,1916,Electric Grill,Kitchen,view,,0,2023-04-09,442.0
3619,U1796,3886,Basement Dehumidifier,Outdoor,add_to_cart,,0,2023-06-14,
3620,U1810,427,Fan,Climate,purchase,3.3,1,2024-11-03,
3621,U1784,3231,Dough Maker,Kitchen,purchase,4.3,1,2024-04-23,
3622,U0970,538,Iron,Laundry,purchase,3.7,1,2024-03-18,
3623,U0655,2118,Electric Pressure Cooker,Kitchen,purchase,4.3,1,2023-12-23,
3624,U0246,4713,Knitting Machine,Hobby,add_to_cart,,0,2023-02-24,
3625,U1515,3338,Water Softener,Bathroom,view,,0,2023-09-24,165.0
3626,U1402,2211,Trash Compactor,Kitchen,purchase,3.4,1,2023-08-02,
3627,U0736,546,Electric Mop,Cleaning,purchase,4.2,1,2024-11-01,
3628,U1789,1690,Clothesline Dryer,Laundry,view,,0,2023-11-01,208.0
3629,U0568,1456,Window Cleaner Robot,Cleaning,add_to_cart,,0,2024-05-06,
3630,U0169,1433,Television,Entertainment,view,,0,2023-08-25,151.0
3631,U0426,1929,Weather Station,Smart Home,view,,0,2024-12-22,13.0
3632,U0309,790,Treadmill,Fitness,purchase,4.2,1,2024-07-01,
3633,U0645,2022,Hot Dog Maker,Kitchen,purchase,5.0,1,2024-02-24,
3634,U0649,1785,Mini Fridge,Kitchen,add_to_cart,,0,2023-01-31,
3635,U1412,364,RO Purifier,Bathroom,purchase,3.8,1,2023-08-12,
3636,U0676,177,Smart Plug,Smart Home,wishlist,3.1,0,2024-02-25,
3637,U1613,1898,Laminator,Tools,add_to_cart,,0,2023-02-06,
3638,U0336,557,Vacuum Cleaner,Cleaning,view,,0,2023-02-08,42.0
3639,U1373,3571,Digital Photo Frame,Entertainment,add_to_cart,,0,2023-05-05,
3640,U1569,4123,Electric Fireplace,Climate,view,,0,2023-07-25,114.0
3641,U0294,3273,Network Attached Storage,Networking,add_to_cart,,0,2024-10-13,
3642,U0272,323,Landline Phone,Smart Home,purchase,5.0,1,2023-08-20,
3643,U0727,143,Foot Massager,Personal Care,view,,0,2024-03-19,82.0
3644,U1386,868,Waffle Maker,Kitchen,view,,0,2024-01-26,29.0
3645,U0524,444,Smart Garage Door Opener,Security,add_to_cart,,0,2024-06-14,
3646,U0346,4025,Fabric Shaver,Laundry,wishlist,4.7,0,2024-12-17,
3647,U0460,3919,Bidet Seat,Bathroom,view,,0,2024-03-16,84.0
3648,U1681,791,DVD Player,Entertainment,purchase,4.7,1,2024-04-11,
3649,U0532,1778,Toaster Oven,Kitchen,view,,0,2023-12-12,36.0
3650,U0662,16,Smart Switch,Smart Home,purchase,3.1,1,2023-09-21,
3651,U1350,3127,Ice Cream Maker,Kitchen,purchase,3.5,1,2024-05-14,
3652,U0871,4126,Smoke Detector,Security,wishlist,5.0,0,2023-01-22,
3653,U0109,2821,Label Maker,Tools,view,,0,2024-02-10,37.0
3654,U0383,3059,Landline Phone,Smart Home,purchase,5.0,1,2023-02-19,
3655,U1452,3609,Robot Vacuum,Cleaning,view,,0,2024-04-02,12.0
3656,U0316,2981,Steam Cleaner,Cleaning,view,,0,2024-05-12,10.0
3657,U1719,4251,Mini Fridge,Kitchen,view,,0,2023-01-31,141.0
3658,U0214,1472,Slow Cooker,Kitchen,purchase,4.9,1,2024-12-06,
3659,U0930,581,Pet Feeder,Pet,add_to_cart,,0,2023-05-19,
3660,U1919,4718,Electric Blanket,Personal Care,purchase,3.2,1,2024-06-22,
3661,U1766,399,Sandwich Maker,Kitchen,view,,0,2023-12-05,222.0
3662,U0098,3367,Bladeless Fan,Climate,view,,0,2024-08-07,132.0
3663,U0604,1837,Portable Dishwasher,Cleaning,view,,0,2023-02-21,121.0
3664,U1960,1338,Freezer,Kitchen,wishlist,5.0,0,2023-12-02,
3665,U1797,4230,Television,Entertainment,wishlist,2.4,0,2024-08-05,
3666,U0815,4068,Massage Chair,Personal Care,view,,0,2023-09-10,28.0
3667,U0182,4291,Built In Oven,Kitchen,view,,0,2023-02-26,139.0
3668,U1383,3993,Modem,Networking,add_to_cart,,0,2023-08-09,
3669,U1872,4498,Landline Phone,Smart Home,add_to_cart,,0,2024-02-01,
3670,U1574,4034,Wall Clock,Decor,view,,0,2024-02-09,53.0
3671,U0138,3695,Hand Mixer,Kitchen,wishlist,4.9,0,2023-08-08,
3672,U1801,2535,Home Sauna,Fitness,view,,0,2023-08-08,124.0
3673,U1461,2535,Home Sauna,Fitness,purchase,4.3,1,2024-08-05,
3674,U1355,1302,Landline Phone,Smart Home,view,,0,2023-09-22,137.0
3675,U0570,2629,Air Purifier,Climate,view,,0,2023-06-01,275.0
3676,U1477,1389,Network Attached Storage,Networking,view,,0,2023-03-02,298.0
3677,U0824,496,Floor Polisher,Cleaning,wishlist,3.4,0,2023-11-02,
3678,U1045,3428,Modem,Networking,view,,0,2023-09-08,295.0
3679,U0601,1238,Freezer,Kitchen,view,,0,2023-04-15,36.0
3680,U0906,1314,Ice Crusher,Kitchen,view,,0,2023-04-29,118.0
3681,U1714,865,Ice Maker,Kitchen,purchase,2.4,1,2023-05-20,
3682,U0388,452,Electric Vehicle Charger,Power,wishlist,3.5,0,2024-04-10,
3683,U1598,139,Bladeless Fan,Climate,purchase,4.7,1,2024-01-12,
3684,U1967,2187,Electric Scooter Charger,Power,add_to_cart,,0,2023-09-18,
3685,U0847,1398,Yogurt Maker,Kitchen,purchase,3.9,1,2024-08-29,
3686,U1699,2735,Foot Massager,Personal Care,view,,0,2024-05-28,128.0
3687,U1699,4586,Smart Door Lock,Security,purchase,4.3,1,2023-05-06,
3688,U0346,2786,Pet Feeder,Pet,view,,0,2023-10-02,27.0
3689,U1579,2726,Air Quality Monitor,Smart Home,view,,0,2024-10-28,68.0
3690,U0134,2769,Smoke Detector,Security,purchase,4.2,1,2023-03-29,
3691,U1710,1926,Video Doorbell,Security,add_to_cart,,0,2024-03-08,
3692,U1314,4799,Trimmer,Personal Care,view,,0,2024-11-18,237.0
3693,U1591,1209,Sous Vide Cooker,Kitchen,purchase,4.7,1,2024-06-07,
3694,U1731,3428,Modem,Networking,add_to_cart,,0,2024-10-03,
3695,U1207,3510,Window Air Conditioner,Climate,purchase,4.5,1,2023-05-02,
3696,U0294,578,Kombucha Maker,Hobby,view,,0,2023-04-29,91.0
3697,U1801,1161,Home Sauna,Fitness,purchase,5.0,1,2023-03-07,
3698,U0699,4108,Hair Dryer,Personal Care,purchase,3.2,1,2023-09-10,
3699,U0915,1072,Automatic Pet Water Fountain,Pet,purchase,4.6,1,2023-01-19,
3700,U1782,274,Slow Cooker,Kitchen,purchase,3.3,1,2024-11-17,
3701,U1055,1769,Towel Warmer,Bathroom,add_to_cart,,0,2024-12-14,
3702,U1757,3218,Electric Oven,Kitchen,add_to_cart,,0,2023-11-16,
3703,U0067,1597,Handheld Vacuum,Cleaning,purchase,5.0,1,2024-02-06,
3704,U0518,4045,Trash Compactor,Kitchen,purchase,3.1,1,2024-06-04,
3705,U1550,2010,Electric Knife,Kitchen,view,,0,2023-07-22,92.0
3706,U1520,3866,Smart Hub,Networking,add_to_cart,,0,2023-09-02,
3707,U0394,4842,Basement Dehumidifier,Outdoor,purchase,4.4,1,2023-05-08,
3708,U1902,3772,Modem,Networking,wishlist,3.7,0,2023-11-11,
3709,U1340,4992,Espresso Machine,Kitchen,view,,0,2023-03-18,69.0
3710,U0915,3893,Home Automation Controller,Networking,wishlist,3.0,0,2024-05-02,
3711,U0847,3653,Network Attached Storage,Networking,purchase,4.3,1,2024-06-17,
3712,U1166,388,Electric Skillet,Kitchen,view,,0,2024-04-11,56.0
3713,U0904,1145,Air Cooler,Climate,wishlist,4.8,0,2024-10-17,
3714,U1332,444,Smart Garage Door Opener,Security,view,,0,2023-03-21,138.0
3715,U0842,3534,Handheld Vacuum,Cleaning,view,,0,2023-04-21,3.0
3716,U1853,592,Foot Massager,Personal Care,view,,0,2024-08-07,92.0
3717,U0049,3508,Water Flosser,Personal Care,add_to_cart,,0,2023-03-01,
3718,U0579,3511,Paper Shredder,Tools,purchase,2.2,1,2023-10-09,
3719,U1421,3588,Ice Crusher,Kitchen,view,,0,2023-08-08,36.0
3720,U1460,2637,Water Boiler,Kitchen,add_to_cart,,0,2023-09-25,
3721,U1444,4658,Electric Drill,Tools,wishlist,4.9,0,2023-12-08,
3722,U0811,3319,Wall Clock,Decor,purchase,4.6,1,2024-08-24,
3723,U0393,4296,Elliptical Trainer,Fitness,view,,0,2023-03-23,21.0
3724,U0327,1168,Electric Skillet,Kitchen,purchase,4.3,1,2024-06-24,
3725,U1751,4046,Electric Toothbrush,Personal Care,purchase,4.5,1,2024-10-21,
3726,U1822,3007,RO Purifier,Bathroom,purchase,3.8,1,2024-08-15,
3727,U0143,3726,Knitting Machine,Hobby,add_to_cart,,0,2024-07-29,
3728,U1736,3603,Can Opener,Kitchen,view,,0,2024-09-05,458.0
3729,U0261,1196,3D Printer,Hobby,view,,0,2023-01-09,51.0
3730,U0347,2346,Modem,Networking,wishlist,4.8,0,2023-12-02,
3731,U0370,3685,Air Purifier,Climate,add_to_cart,,0,2023-11-27,
3732,U0153,377,Air Quality Monitor,Smart Home,view,,0,2024-02-24,0.0
3733,U1100,2812,Chapati Maker,Kitchen,purchase,4.2,1,2023-02-20,
3734,U1307,3489,Clock,Decor,add_to_cart,,0,2024-01-07,
3735,U1599,636,Home Automation Controller,Networking,add_to_cart,,0,2023-02-10,
3736,U1710,3187,Deep Fryer,Kitchen,purchase,4.1,1,2024-05-01,
3737,U1252,2288,Built In Microwave,Kitchen,purchase,3.3,1,2024-04-26,
3738,U1451,2621,Electric Fireplace,Climate,view,,0,2024-10-13,27.0
3739,U1613,2175,Espresso Machine,Kitchen,add_to_cart,,0,2024-02-20,
3740,U0884,542,Solo Microwave,Kitchen,view,,0,2023-12-21,415.0
3741,U0084,164,Landline Phone,Smart Home,view,,0,2023-10-22,152.0
3742,U0523,708,Smart Plug,Smart Home,purchase,4.6,1,2024-08-30,
3743,U1755,2103,Epilator,Personal Care,add_to_cart,,0,2023-09-24,
3744,U1537,1131,Gaming Console,Entertainment,view,,0,2023-04-25,177.0
3745,U0124,3471,Smart Vacuum,Cleaning,view,,0,2023-06-08,31.0
3746,U1951,4428,Pet Feeder,Pet,add_to_cart,,0,2024-10-01,
3747,U0662,1382,Smart Lock,Security,add_to_cart,,0,2024-11-06,
3748,U0572,4183,Water Flosser,Personal Care,add_to_cart,,0,2024-08-05,
3749,U0791,2755,Heating Pad,Personal Care,view,,0,2023-10-06,76.0
3750,U0492,1221,Smart Plug,Smart Home,purchase,3.0,1,2024-06-29,
3751,U1678,4240,Smart Door Lock,Security,add_to_cart,,0,2024-02-18,
3752,U0405,926,Set Top Box,Entertainment,add_to_cart,,0,2023-10-15,
3753,U1797,2159,Table Fan,Climate,view,,0,2023-12-25,45.0
3754,U1317,1307,Massage Chair,Personal Care,add_to_cart,,0,2024-05-26,
3755,U0446,4249,Water Filter,Bathroom,add_to_cart,,0,2023-03-06,
3756,U0422,4401,Lint Remover,Laundry,purchase,5.0,1,2023-04-19,
3757,U0149,1202,Waffle Maker,Kitchen,wishlist,5.0,0,2024-03-31,
3758,U0240,897,Freezer,Kitchen,add_to_cart,,0,2024-09-14,
3759,U0564,1822,Heater,Climate,view,,0,2023-07-06,169.0
3760,U0783,4065,Digital Photo Frame,Entertainment,purchase,4.7,1,2024-12-20,
3761,U1468,3002,Terrarium Heater,Pet,view,,0,2023-06-12,170.0
3762,U0166,444,Smart Garage Door Opener,Security,add_to_cart,,0,2024-04-04,
3763,U0660,3941,Water Boiler,Kitchen,add_to_cart,,0,2024-11-12,
3764,U0850,1895,Portable Dishwasher,Cleaning,purchase,3.5,1,2023-06-20,
3765,U0899,253,Smart Lock,Security,view,,0,2024-12-01,275.0
3766,U1014,4925,Smart Door Lock,Security,purchase,4.3,1,2024-07-12,
3767,U0234,1446,Towel Warmer,Bathroom,purchase,4.0,1,2024-01-06,
3768,U1597,3376,Microwave Oven,Kitchen,view,,0,2024-07-28,201.0
3769,U0521,844,Automatic Pet Water Fountain,Pet,purchase,2.6,1,2023-05-08,
3770,U1018,2156,Bathroom Exhaust Fan,Bathroom,view,,0,2023-06-02,213.0
3771,U1610,417,Water Pump,Outdoor,add_to_cart,,0,2024-06-09,
3772,U0046,365,Milk Frother,Kitchen,view,,0,2023-09-04,166.0
3773,U0574,4186,Epilator,Personal Care,view,,0,2024-11-17,82.0
3774,U0325,2803,Router,Networking,view,,0,2023-04-19,35.0
3775,U0108,2191,Weather Station,Smart Home,purchase,4.6,1,2023-09-28,
3776,U1890,4480,Meat Grinder,Kitchen,wishlist,4.7,0,2024-03-18,
3777,U1486,2030,Aquarium Heater,Pet,view,,0,2024-12-30,97.0
3778,U1944,1883,Citrus Juicer,Kitchen,purchase,4.5,1,2024-03-02,
3779,U0228,3877,Slush Machine,Hobby,add_to_cart,,0,2024-11-01,
3780,U1751,1114,Electric Scooter Charger,Power,view,,0,2024-08-13,59.0
3781,U1152,2330,Built In Dishwasher,Kitchen,purchase,4.0,1,2024-11-18,
3782,U1024,1850,Vacuum Sealer,Kitchen,purchase,4.0,1,2024-05-10,
3783,U0463,1948,Floor Polisher,Cleaning,add_to_cart,,0,2024-01-15,
3784,U0231,1396,Water Filter,Bathroom,add_to_cart,,0,2024-09-28,
3785,U1162,4034,Wall Clock,Decor,wishlist,3.4,0,2023-03-05,
3786,U1160,2537,Heater,Climate,add_to_cart,,0,2024-06-10,
3787,U0233,1732,Hair Curler,Personal Care,add_to_cart,,0,2024-12-27,
3788,U1393,2552,Citrus Juicer,Kitchen,purchase,5.0,1,2024-05-17,
3789,U0648,4945,Network Attached Storage,Networking,purchase,4.0,1,2023-06-25,
3790,U1540,2801,Milk Frother,Kitchen,view,,0,2024-02-27,212.0
3791,U0645,3636,Router,Networking,view,,0,2023-07-11,54.0
3792,U1539,849,Hair Dryer,Personal Care,wishlist,2.2,0,2024-05-19,
3793,U0039,2740,Kitchen Chimney,Kitchen,purchase,3.0,1,2023-07-25,
3794,U1069,4275,Electric Mop,Cleaning,view,,0,2024-09-14,82.0
3795,U1453,942,Power Strip,Power,view,,0,2023-05-24,35.0
3796,U1870,1698,Terrarium Heater,Pet,purchase,3.0,1,2023-05-29,
3797,U0637,397,Ice Cream Maker,Kitchen,add_to_cart,,0,2024-05-20,
3798,U1622,242,Smart Refrigerator,Kitchen,add_to_cart,,0,2023-02-26,
3799,U1512,4513,Massage Chair,Personal Care,purchase,2.9,1,2024-09-02,
3800,U0464,4056,Smart Speaker,Entertainment,add_to_cart,,0,2023-09-26,
3801,U1191,2820,Hot Plate,Kitchen,view,,0,2023-07-13,19.0
3802,U0378,3512,WiFi Extender,Networking,add_to_cart,,0,2024-05-24,
3803,U1796,4030,Projector,Entertainment,view,,0,2023-10-03,50.0
3804,U1637,4186,Epilator,Personal Care,purchase,4.0,1,2024-11-15,
3805,U0012,1636,Smart Oven,Kitchen,purchase,4.3,1,2024-06-16,
3806,U0922,1721,Jacuzzi Pump,Bathroom,add_to_cart,,0,2023-03-18,
3807,U1548,4882,Vacuum Cleaner,Cleaning,wishlist,3.4,0,2023-08-09,
3808,U1573,139,Bladeless Fan,Climate,view,,0,2024-02-12,281.0
3809,U1992,4787,Tea Maker,Kitchen,view,,0,2024-10-10,43.0
3810,U1816,2359,Infrared Sauna,Fitness,view,,0,2024-12-07,31.0
3811,U0952,2020,Ice Cream Maker,Kitchen,add_to_cart,,0,2024-09-22,
3812,U1195,619,Steam Cleaner,Cleaning,add_to_cart,,0,2024-07-29,
3813,U0091,3449,Water Filter,Bathroom,view,,0,2023-04-28,73.0
3814,U1863,573,3D Printer,Hobby,add_to_cart,,0,2024-08-18,
3815,U1471,4958,Electric Toothbrush,Personal Care,add_to_cart,,0,2024-07-28,
3816,U0068,4059,Home Server,Networking,view,,0,2023-08-28,6.0
3817,U0529,2847,Gas Stove,Kitchen,add_to_cart,,0,2023-12-19,
3818,U0163,883,Electric Grill,Kitchen,view,,0,2024-02-13,60.0
3819,U1972,2508,Electric Knife,Kitchen,purchase,4.5,1,2023-05-31,
3820,U1904,1456,Window Cleaner Robot,Cleaning,purchase,2.7,1,2023-08-22,
3821,U0145,1413,Window Cleaner Robot,Cleaning,view,,0,2023-06-21,151.0
3822,U1565,4295,Massage Chair,Personal Care,view,,0,2023-02-27,247.0
3823,U1108,2440,Roti Maker,Kitchen,add_to_cart,,0,2024-01-08,
3824,U0030,1941,Home Automation Controller,Networking,wishlist,4.2,0,2023-05-20,
3825,U1300,4857,Slush Machine,Hobby,add_to_cart,,0,2023-11-17,
3826,U0608,4279,Iron,Laundry,add_to_cart,,0,2023-10-05,
3827,U1735,3185,Yogurt Maker,Kitchen,wishlist,2.7,0,2023-10-19,
3828,U0255,278,Hair Curler,Personal Care,add_to_cart,,0,2023-06-30,
3829,U0854,2774,Aquarium Filter,Pet,wishlist,3.0,0,2024-09-24,
3830,U0112,869,Label Maker,Tools,add_to_cart,,0,2024-04-12,
3831,U0079,625,Vacuum Cleaner,Cleaning,purchase,5.0,1,2024-06-16,
3832,U1633,1717,Drip Coffee Maker,Kitchen,add_to_cart,,0,2023-10-07,
3833,U0620,2323,Milk Frother,Kitchen,purchase,4.1,1,2024-01-23,
3834,U1242,3383,Massage Chair,Personal Care,view,,0,2023-12-04,56.0
3835,U1762,437,Yogurt Maker,Kitchen,purchase,4.0,1,2024-09-02,
3836,U1438,164,Landline Phone,Smart Home,view,,0,2023-08-06,26.0
3837,U0267,3809,Hair Dryer,Personal Care,wishlist,4.4,0,2024-02-13,
3838,U0847,445,Fabric Shaver,Laundry,purchase,5.0,1,2024-03-24,
3839,U0072,4673,Boot Warmer,Laundry,purchase,5.0,1,2023-09-29,
3840,U0376,4298,Aquarium Filter,Pet,view,,0,2023-04-06,330.0
3841,U0814,93,Electric Fireplace,Climate,purchase,4.2,1,2024-09-05,
3842,U0933,4956,Electric Grill,Kitchen,view,,0,2023-01-30,106.0
3843,U1732,257,Alarm Clock,Decor,purchase,5.0,1,2023-07-12,
3844,U1928,925,Jacuzzi Pump,Bathroom,view,,0,2023-04-03,23.0
3845,U0515,2055,Tankless Water Heater,Bathroom,purchase,4.6,1,2024-02-01,
3846,U1687,1640,DVD Player,Entertainment,view,,0,2023-02-24,94.0
3847,U1423,4073,Mixer Grinder,Kitchen,view,,0,2023-11-21,170.0
3848,U1226,3578,Water Flosser,Personal Care,wishlist,4.0,0,2024-07-14,
3849,U0507,2060,Alarm Clock,Decor,wishlist,4.9,0,2023-11-30,
3850,U0684,2024,Chainsaw,Tools,view,,0,2024-06-14,36.0
3851,U0849,2795,Garment Steamer,Laundry,view,,0,2024-01-18,100.0
3852,U0280,4813,Pool Pump,Outdoor,wishlist,4.0,0,2023-11-13,
3853,U1343,589,Electric Shaver,Personal Care,view,,0,2023-09-17,10.0
3854,U0205,2303,WiFi Extender,Networking,view,,0,2024-04-01,23.0
3855,U0667,4268,Smart TV,Entertainment,wishlist,3.0,0,2023-04-19,
3856,U1691,2363,Foot Massager,Personal Care,view,,0,2023-12-26,8.0
3857,U0661,2232,Smart Curtain Motor,Smart Home,purchase,4.6,1,2023-04-16,
3858,U0467,2825,Induction Oven,Kitchen,view,,0,2023-08-09,26.0
3859,U1084,2615,Router,Networking,add_to_cart,,0,2023-04-09,
3860,U1697,399,Sandwich Maker,Kitchen,view,,0,2023-06-26,91.0
3861,U0087,3692,Pool Heater,Outdoor,view,,0,2023-09-20,20.0
3862,U0679,3512,WiFi Extender,Networking,view,,0,2023-09-28,129.0
3863,U1731,654,Central Air Conditioner,Climate,purchase,3.8,1,2024-09-27,
3864,U0431,4408,Laminator,Tools,wishlist,4.9,0,2024-08-15,
3865,U1201,76,Floor Polisher,Cleaning,view,,0,2024-01-13,48.0
3866,U0088,4319,Smart Switch,Smart Home,purchase,3.2,1,2024-08-02,
3867,U1634,284,Lint Remover,Laundry,wishlist,4.5,0,2024-04-27,
3868,U0709,3641,Electric Drill,Tools,view,,0,2023-08-25,10.0
3869,U1936,2507,Wall Clock,Decor,view,,0,2023-09-21,227.0
3870,U1127,325,Vacuum Cleaner,Cleaning,view,,0,2023-11-14,205.0
3871,U0827,2860,Smart Plug,Smart Home,view,,0,2024-06-15,49.0
3872,U0906,2676,WiFi Extender,Networking,add_to_cart,,0,2024-12-22,
3873,U0757,2143,Water Flosser,Personal Care,add_to_cart,,0,2023-11-20,
3874,U1654,3235,Portable Air Conditioner,Climate,wishlist,4.3,0,2023-12-19,
3875,U1740,1362,Projector,Entertainment,view,,0,2024-08-18,271.0
3876,U1090,1867,Electric Toothbrush,Personal Care,view,,0,2024-01-14,322.0
3877,U1705,3956,Built In Microwave,Kitchen,wishlist,4.7,0,2024-05-14,
3878,U0591,2933,Misting Fan,Climate,add_to_cart,,0,2023-08-17,
3879,U1428,1564,Window Air Conditioner,Climate,wishlist,3.9,0,2024-10-02,
3880,U0843,3115,Meat Grinder,Kitchen,view,,0,2023-11-17,78.0
3881,U0691,4608,Robot Vacuum,Cleaning,add_to_cart,,0,2024-08-21,
3882,U0614,2254,Sprinkler System,Tools,purchase,5.0,1,2024-03-09,
3883,U1562,1396,Water Filter,Bathroom,view,,0,2023-10-17,32.0
3884,U0744,1314,Ice Crusher,Kitchen,wishlist,3.5,0,2024-11-02,
3885,U0288,3978,Sewing Machine,Hobby,add_to_cart,,0,2023-10-25,
3886,U0061,4056,Smart Speaker,Entertainment,wishlist,4.4,0,2023-09-29,
3887,U0826,2512,Video Doorbell,Security,view,,0,2023-03-26,68.0
3888,U1272,3036,Boot Warmer,Laundry,purchase,4.8,1,2023-09-23,
3889,U0694,1990,Carpet Cleaner,Cleaning,purchase,4.0,1,2024-04-21,
3890,U0461,3267,Air Quality Monitor,Smart Home,view,,0,2023-08-15,74.0
3891,U0654,4982,Can Opener,Kitchen,purchase,3.7,1,2024-03-14,
3892,U0356,139,Bladeless Fan,Climate,add_to_cart,,0,2023-02-05,
3893,U1295,2447,Hair Dryer,Personal Care,view,,0,2024-05-01,160.0
3894,U0860,3038,Foot Massager,Personal Care,view,,0,2023-12-31,78.0
3895,U0800,3811,Television,Entertainment,purchase,3.2,1,2024-07-30,
3896,U1854,2582,Meat Grinder,Kitchen,view,,0,2024-03-29,264.0
3897,U0758,149,Landline Phone,Smart Home,wishlist,4.3,0,2023-08-12,
3898,U1924,2014,3D Printer,Hobby,purchase,4.6,1,2024-03-10,
3899,U1419,978,Smart Curtain Motor,Smart Home,add_to_cart,,0,2023-09-14,
3900,U0014,4451,Toaster Oven,Kitchen,view,,0,2023-11-02,113.0
3901,U0201,2081,Smart Washer,Laundry,purchase,3.5,1,2023-07-04,
3902,U0486,844,Automatic Pet Water Fountain,Pet,wishlist,1.8,0,2024-05-07,
3903,U1401,2103,Epilator,Personal Care,view,,0,2023-02-05,91.0
3904,U1655,1646,Wall Clock,Decor,wishlist,4.5,0,2024-08-15,
3905,U0588,3654,Aquarium Filter,Pet,wishlist,4.6,0,2023-07-20,
3906,U1346,4775,3D Printer,Hobby,purchase,5.0,1,2023-07-17,
3907,U1438,2780,Towel Warmer,Bathroom,view,,0,2024-04-25,167.0
3908,U1300,376,Trash Compactor,Kitchen,add_to_cart,,0,2023-01-10,
3909,U1041,4894,Pressure Washer,Cleaning,wishlist,3.1,0,2024-06-10,
3910,U1057,4619,Jacuzzi Pump,Bathroom,add_to_cart,,0,2024-03-17,
3911,U0834,2231,Misting Fan,Climate,view,,0,2023-12-19,81.0
3912,U1107,3530,Booster Pump,Outdoor,purchase,4.3,1,2023-02-22,
3913,U0527,4113,Mixer Grinder,Kitchen,view,,0,2024-06-18,269.0
3914,U1909,3131,Electric Vehicle Charger,Power,view,,0,2024-02-01,36.0
3915,U1992,2207,Clock,Decor,view,,0,2024-09-24,13.0
3916,U0983,2629,Air Purifier,Climate,add_to_cart,,0,2023-05-22,
3917,U1795,4845,Boot Warmer,Laundry,wishlist,5.0,0,2024-01-13,
3918,U1096,729,3D Printer,Hobby,add_to_cart,,0,2023-03-12,
3919,U1771,2383,Bathroom Exhaust Fan,Bathroom,view,,0,2023-09-26,106.0
3920,U1569,595,Electric Drill,Tools,view,,0,2024-01-28,306.0
3921,U0215,1572,Lint Remover,Laundry,view,,0,2023-05-26,109.0
3922,U0091,4220,Water Flosser,Personal Care,view,,0,2023-05-20,169.0
3923,U1977,2081,Smart Washer,Laundry,purchase,4.7,1,2024-11-27,
3924,U1111,3096,Steam Cleaner,Cleaning,wishlist,4.0,0,2024-05-04,
3925,U1137,2296,Deep Fryer,Kitchen,purchase,5.0,1,2023-06-21,
3926,U1101,3685,Air Purifier,Climate,view,,0,2023-01-21,47.0
3927,U1761,1607,Countertop Dishwasher,Cleaning,purchase,4.0,1,2024-06-20,
3928,U0392,2023,Wall Clock,Decor,view,,0,2023-01-11,84.0
3929,U1059,4074,Sprinkler System,Tools,add_to_cart,,0,2024-05-06,
3930,U1117,4470,Attic Fan,Climate,purchase,4.0,1,2024-12-04,
3931,U0743,2764,Hot Dog Maker,Kitchen,view,,0,2023-04-27,4.0
3932,U0983,955,Aquarium Heater,Pet,add_to_cart,,0,2023-04-25,
3933,U0619,3850,Massage Chair,Personal Care,wishlist,4.7,0,2023-02-12,
3934,U0995,1519,UV Water Purifier,Bathroom,add_to_cart,,0,2023-12-24,
3935,U0991,2885,Paper Shredder,Tools,wishlist,1.0,0,2024-04-06,
3936,U0101,852,Electric Knife,Kitchen,add_to_cart,,0,2024-06-17,
3937,U0875,597,Home Server,Networking,view,,0,2024-11-25,26.0
3938,U1971,738,Electric Oven,Kitchen,add_to_cart,,0,2024-06-12,
3939,U0493,3602,Smart TV,Entertainment,view,,0,2024-04-02,68.0
3940,U0916,4072,Toaster,Kitchen,view,,0,2024-02-24,18.0
3941,U1967,2612,Coffee Grinder,Kitchen,add_to_cart,,0,2023-10-17,
3942,U0073,4935,Grill Microwave,Kitchen,add_to_cart,,0,2024-03-25,
3943,U1601,2082,Food Processor,Kitchen,add_to_cart,,0,2023-08-09,
3944,U0373,3433,Rowing Machine,Fitness,wishlist,5.0,0,2024-10-10,
3945,U0836,4046,Electric Toothbrush,Personal Care,view,,0,2024-03-28,57.0
3946,U1134,978,Smart Curtain Motor,Smart Home,add_to_cart,,0,2024-09-16,
3947,U0017,2081,Smart Washer,Laundry,view,,0,2024-04-11,13.0
3948,U0018,4239,Air Quality Monitor,Smart Home,purchase,4.3,1,2023-05-01,
3949,U0439,2565,Automatic Pet Water Fountain,Pet,view,,0,2024-03-06,196.0
3950,U1830,3407,Electric Shaver,Personal Care,purchase,3.6,1,2024-12-18,
3951,U0164,1348,Pet Feeder,Pet,add_to_cart,,0,2023-01-14,
3952,U0405,2787,Hair Dryer,Personal Care,purchase,3.6,1,2024-12-06,
3953,U0367,2940,Knitting Machine,Hobby,add_to_cart,,0,2023-04-26,
3954,U1172,4332,Laminator,Tools,view,,0,2024-01-31,125.0
3955,U1757,2929,3D Printer,Hobby,view,,0,2024-11-03,55.0
3956,U1095,1272,Smart Lock,Security,view,,0,2023-09-25,126.0
3957,U1768,4192,Fabric Shaver,Laundry,view,,0,2024-06-26,12.0
3958,U1053,2244,Geyser,Bathroom,purchase,4.5,1,2024-08-27,
3959,U0111,3770,Smart Switch,Smart Home,view,,0,2024-03-26,52.0
3960,U0240,2007,Tea Maker,Kitchen,purchase,4.0,1,2024-09-25,
3961,U0949,973,Citrus Juicer,Kitchen,purchase,3.7,1,2024-02-19,
3962,U1329,4750,Leaf Blower,Tools,wishlist,5.0,0,2023-07-11,
3963,U0193,3001,Pressure Washer,Cleaning,purchase,3.5,1,2024-04-13,
3964,U1937,4215,Electric Blanket,Personal Care,view,,0,2023-01-15,294.0
3965,U0868,4882,Vacuum Cleaner,Cleaning,view,,0,2024-01-24,260.0
3966,U1499,1181,Smart Oven,Kitchen,add_to_cart,,0,2023-09-26,
3967,U1205,4449,Space Heater,Climate,view,,0,2023-01-29,80.0
3968,U1887,1339,Router,Networking,add_to_cart,,0,2023-08-06,
3969,U0074,1449,Leaf Blower,Tools,purchase,3.2,1,2023-01-07,
3970,U0224,2790,Lawn Mower,Tools,view,,0,2023-09-17,104.0
3971,U0166,3242,OTG Oven,Kitchen,purchase,4.3,1,2024-01-09,
3972,U1731,4405,Weather Station,Smart Home,add_to_cart,,0,2023-08-27,
3973,U0505,2586,Electric Drill,Tools,view,,0,2023-07-01,58.0
3974,U0236,871,Electric Shaver,Personal Care,view,,0,2024-03-12,7.0
3975,U1943,4623,Pet Feeder,Pet,view,,0,2023-08-22,248.0
3976,U0579,2269,Cold Press Juicer,Kitchen,purchase,3.8,1,2024-07-13,
3977,U1232,3467,Ceiling Fan,Climate,wishlist,3.4,0,2024-07-30,
3978,U0168,1561,Waffle Maker,Kitchen,view,,0,2024-09-03,99.0
3979,U0366,2241,Wall Clock,Decor,add_to_cart,,0,2023-01-04,
3980,U1760,738,Electric Oven,Kitchen,add_to_cart,,0,2024-05-05,
3981,U1476,4713,Knitting Machine,Hobby,wishlist,5.0,0,2023-11-05,
3982,U1318,3214,Countertop Dishwasher,Cleaning,view,,0,2024-10-23,13.0
3983,U0785,3179,Electric Drill,Tools,wishlist,4.3,0,2023-05-03,
3984,U0341,4357,Trimmer,Personal Care,purchase,3.6,1,2024-06-24,
3985,U0834,2116,Air Cooler,Climate,add_to_cart,,0,2023-07-20,
3986,U0805,2184,Automatic Pet Water Fountain,Pet,view,,0,2023-08-13,116.0
3987,U1748,2056,Bidet Seat,Bathroom,purchase,3.6,1,2024-06-01,
3988,U0334,820,Smart Lock,Security,add_to_cart,,0,2024-10-17,
3989,U1263,623,Bathroom Exhaust Fan,Bathroom,add_to_cart,,0,2024-12-31,
3990,U1894,557,Vacuum Cleaner,Cleaning,purchase,4.8,1,2023-10-27,
3991,U1028,3618,Home Automation Controller,Networking,wishlist,4.6,0,2024-11-06,
3992,U1314,4582,Exhaust Fan,Climate,view,,0,2023-09-24,107.0
3993,U0437,1321,Inverter,Power,view,,0,2023-06-23,170.0
3994,U0047,3471,Smart Vacuum,Cleaning,purchase,3.1,1,2023-10-13,
3995,U0456,2464,Heater,Climate,purchase,5.0,1,2023-07-02,
3996,U1397,3347,Foot Massager,Personal Care,view,,0,2023-12-18,88.0
3997,U1309,4991,Mini Washing Machine,Laundry,wishlist,3.5,0,2023-06-03,
3998,U1001,3777,Table Fan,Climate,add_to_cart,,0,2024-11-15,
3999,U0403,4907,Air Cooler,Climate,view,,0,2024-11-06,432.0
4000,U1154,371,Alarm Clock,Decor,add_to_cart,,0,2023-01-15,
4001,U1377,3744,Electric Toothbrush,Personal Care,wishlist,3.9,0,2023-06-25,
4002,U0321,3545,Smoke Detector,Security,add_to_cart,,0,2024-09-14,
4003,U0660,4642,Smart Oven,Kitchen,purchase,3.4,1,2024-06-12,
4004,U1044,1752,Carpet Cleaner,Cleaning,add_to_cart,,0,2024-07-12,
4005,U0349,2990,Emergency Light,Security,purchase,5.0,1,2023-12-06,
4006,U1555,3150,Smart Garage Door Opener,Security,add_to_cart,,0,2024-03-05,
4007,U0946,4969,Mixer Grinder,Kitchen,view,,0,2024-12-18,91.0
4008,U0777,1420,Geyser,Bathroom,add_to_cart,,0,2023-11-07,
4009,U0233,966,Washing Machine,Laundry,add_to_cart,,0,2023-10-01,
4010,U1187,2774,Aquarium Filter,Pet,add_to_cart,,0,2023-02-22,
4011,U0519,3110,Window Cleaner Robot,Cleaning,view,,0,2024-06-16,137.0
4012,U1666,2015,Security Camera,Security,purchase,3.0,1,2023-03-19,
4013,U1745,612,Slow Cooker,Kitchen,view,,0,2024-08-22,247.0
4014,U0584,1962,Fan,Climate,purchase,3.5,1,2023-06-09,
4015,U0951,2552,Citrus Juicer,Kitchen,view,,0,2024-02-05,70.0
4016,U1842,2553,Pool Heater,Outdoor,view,,0,2024-02-02,187.0
4017,U0772,4570,Blender,Kitchen,add_to_cart,,0,2024-06-26,
4018,U1045,1389,Network Attached Storage,Networking,purchase,3.4,1,2023-04-03,
4019,U0290,4493,Sprinkler System,Tools,add_to_cart,,0,2023-02-15,
4020,U0920,3220,Smart Vacuum,Cleaning,view,,0,2023-08-02,3.0
4021,U1665,2135,Ice Maker,Kitchen,add_to_cart,,0,2024-11-07,
4022,U1777,1055,Carpet Cleaner,Cleaning,view,,0,2024-09-21,18.0
4023,U0028,2263,Smart Oven,Kitchen,add_to_cart,,0,2024-09-12,
4024,U0990,2733,Carpet Cleaner,Cleaning,view,,0,2023-08-18,371.0
4025,U1807,1077,Smart Switch,Smart Home,purchase,4.2,1,2024-07-03,
4026,U0167,1220,Home Sauna,Fitness,add_to_cart,,0,2024-11-11,
4027,U0160,2279,Extension Cord,Power,add_to_cart,,0,2024-11-15,
4028,U0971,4734,Smart Garage Door Opener,Security,add_to_cart,,0,2023-05-25,
4029,U0668,3471,Smart Vacuum,Cleaning,view,,0,2023-08-18,272.0
4030,U1424,4546,Sous Vide Cooker,Kitchen,purchase,3.4,1,2024-05-08,
4031,U1710,4120,Washing Machine,Laundry,view,,0,2023-10-09,117.0
4032,U1138,1865,Leaf Blower,Tools,view,,0,2023-01-02,119.0
4033,U0925,1445,Built In Oven,Kitchen,view,,0,2024-06-10,41.0
4034,U0931,1341,Aquarium Filter,Pet,add_to_cart,,0,2024-01-04,
4035,U1064,4860,Wall Clock,Decor,purchase,4.7,1,2024-01-09,
4036,U1558,842,Humidifier,Climate,purchase,4.7,1,2023-11-24,
4037,U1688,3653,Network Attached Storage,Networking,view,,0,2023-09-18,49.0
4038,U0854,518,Electric Grill,Kitchen,add_to_cart,,0,2023-06-24,
4039,U0427,617,Printer,Tools,purchase,3.6,1,2024-03-06,
4040,U0912,3175,Air Quality Monitor,Smart Home,view,,0,2024-12-25,202.0
4041,U1172,515,Portable Dishwasher,Cleaning,purchase,4.8,1,2024-01-25,
4042,U1672,4428,Pet Feeder,Pet,purchase,3.5,1,2023-08-23,
4043,U1319,3329,Meat Grinder,Kitchen,purchase,4.7,1,2023-11-24,
4044,U0282,1252,WiFi Extender,Networking,view,,0,2023-09-07,9.0
4045,U1570,2799,Exhaust Fan,Climate,view,,0,2023-08-01,60.0
4046,U0733,3096,Steam Cleaner,Cleaning,wishlist,4.6,0,2023-03-03,
4047,U1555,3217,Robot Vacuum,Cleaning,wishlist,4.0,0,2024-11-14,
4048,U1203,2832,Bread Maker,Kitchen,purchase,3.6,1,2023-10-16,
4049,U1124,914,Sprinkler System,Tools,view,,0,2023-12-05,10.0
4050,U1579,2186,Pool Pump,Outdoor,view,,0,2023-03-03,137.0
4051,U1252,2227,Network Attached Storage,Networking,view,,0,2024-05-29,9.0
4052,U0619,624,Projector,Entertainment,view,,0,2023-12-07,2.0
4053,U1225,1215,Milk Frother,Kitchen,wishlist,4.4,0,2024-06-03,
4054,U0985,32,Hand Mixer,Kitchen,add_to_cart,,0,2024-12-14,
4055,U1508,2965,Terrarium Heater,Pet,view,,0,2023-09-08,97.0
4056,U1690,4805,Leaf Blower,Tools,view,,0,2024-05-14,53.0
4057,U1532,1495,Emergency Light,Security,view,,0,2024-04-22,237.0
4058,U0298,3863,Trimmer,Personal Care,view,,0,2024-01-07,91.0
4059,U0948,3574,Kegerator,Hobby,view,,0,2023-11-16,21.0
4060,U0965,2439,Carpet Cleaner,Cleaning,add_to_cart,,0,2023-10-19,
4061,U1140,4734,Smart Garage Door Opener,Security,view,,0,2023-08-15,138.0
4062,U0458,4338,Lawn Mower,Tools,view,,0,2024-09-01,16.0
4063,U0160,2740,Kitchen Chimney,Kitchen,view,,0,2024-01-16,7.0
4064,U0997,1611,Exercise Bike,Fitness,view,,0,2023-04-14,3.0
4065,U0846,961,Electric Blanket,Personal Care,view,,0,2024-10-14,43.0
4066,U1877,322,Garment Steamer,Laundry,purchase,4.3,1,2024-08-04,
4067,U1949,2496,Built In Microwave,Kitchen,view,,0,2023-06-17,2.0
4068,U0867,1649,Smart Switch,Smart Home,view,,0,2024-04-18,20.0
4069,U1943,2821,Label Maker,Tools,purchase,3.8,1,2024-04-08,
4070,U0598,225,Robot Vacuum,Cleaning,view,,0,2024-05-22,84.0
4071,U1310,2062,Pressure Washer,Cleaning,purchase,3.8,1,2024-05-07,
4072,U0644,1352,Label Maker,Tools,view,,0,2023-06-03,217.0
4073,U1019,957,Exhaust Fan,Climate,purchase,3.0,1,2024-11-22,
4074,U0010,4703,Pool Pump,Outdoor,view,,0,2024-04-01,395.0
4075,U1209,2647,Smart TV,Entertainment,wishlist,1.9,0,2024-11-08,
4076,U0204,229,Water Softener,Bathroom,view,,0,2024-06-30,35.0
4077,U0729,4013,Network Attached Storage,Networking,add_to_cart,,0,2023-05-31,
4078,U0177,1590,Heater,Climate,view,,0,2024-07-15,25.0
4079,U0297,4995,Toaster,Kitchen,view,,0,2023-11-30,46.0
4080,U0570,30,Fermentation Crock,Hobby,view,,0,2024-12-19,43.0
4081,U0003,4990,Garment Steamer,Laundry,view,,0,2024-03-04,82.0
4082,U1979,1610,Air Quality Monitor,Smart Home,view,,0,2023-06-19,229.0
4083,U1067,1875,Smart Lock,Security,view,,0,2023-03-02,9.0
4084,U0893,3561,Yogurt Maker,Kitchen,add_to_cart,,0,2024-08-28,
4085,U1040,679,Exercise Bike,Fitness,wishlist,4.0,0,2023-01-24,
4086,U1122,441,Water Filter,Bathroom,view,,0,2023-08-14,159.0
4087,U0629,2571,Wall Clock,Decor,view,,0,2024-08-23,5.0
4088,U0490,3479,Steam Iron,Laundry,view,,0,2024-09-30,57.0
4089,U0187,807,Washing Machine,Laundry,purchase,3.2,1,2024-06-28,
4090,U0503,76,Floor Polisher,Cleaning,purchase,3.7,1,2024-01-25,
4091,U0457,2101,Home Server,Networking,view,,0,2023-09-29,173.0
4092,U0137,633,Countertop Dishwasher,Cleaning,wishlist,5.0,0,2023-10-20,
4093,U1889,2109,Weather Station,Smart Home,view,,0,2023-07-09,35.0
4094,U1208,2314,Smart Thermostat,Climate,view,,0,2024-09-07,371.0
4095,U0535,4695,Network Attached Storage,Networking,purchase,4.4,1,2023-03-11,
4096,U0586,1332,Aquarium Heater,Pet,view,,0,2024-04-21,0.0
4097,U1181,3488,Sewing Machine,Hobby,add_to_cart,,0,2024-08-15,
4098,U1918,4263,Smart Dryer,Laundry,wishlist,3.8,0,2024-05-10,
4099,U0281,4015,Smoke Detector,Security,add_to_cart,,0,2024-09-17,
4100,U0825,1085,Bottle Sterilizer,Kitchen,view,,0,2024-04-03,109.0
4101,U0141,3384,Clothes Dryer,Laundry,view,,0,2024-11-12,23.0
4102,U1259,2376,Ceiling Fan,Climate,wishlist,5.0,0,2024-10-22,
4103,U1887,2774,Aquarium Filter,Pet,view,,0,2023-06-27,203.0
4104,U1254,82,Home Server,Networking,view,,0,2023-12-25,207.0
4105,U0646,387,Electric Lunch Box,Kitchen,add_to_cart,,0,2023-01-21,
4106,U1350,1143,Convection Microwave,Kitchen,wishlist,4.0,0,2023-06-05,
4107,U0272,3058,Wall Clock,Decor,add_to_cart,,0,2024-07-03,
4108,U0716,2346,Modem,Networking,purchase,4.4,1,2024-02-16,
4109,U0241,798,Ceiling Fan,Climate,wishlist,4.7,0,2024-05-10,
4110,U1196,1481,Heater,Climate,view,,0,2023-06-07,13.0
4111,U0966,80,Electric Knife,Kitchen,add_to_cart,,0,2023-05-22,
4112,U0913,233,Shoe Dryer,Laundry,view,,0,2024-11-04,68.0
4113,U0252,3175,Air Quality Monitor,Smart Home,wishlist,4.4,0,2024-12-06,
4114,U1794,1154,OTG Oven,Kitchen,view,,0,2024-08-18,150.0
4115,U1827,2717,Exhaust Fan,Climate,view,,0,2023-06-25,110.0
4116,U0973,51,Carpet Cleaner,Cleaning,view,,0,2023-12-07,7.0
4117,U0503,4433,Espresso Machine,Kitchen,purchase,5.0,1,2023-10-09,
4118,U1119,515,Portable Dishwasher,Cleaning,add_to_cart,,0,2023-09-26,
4119,U0990,557,Vacuum Cleaner,Cleaning,add_to_cart,,0,2024-11-23,
4120,U0481,1252,WiFi Extender,Networking,purchase,2.6,1,2023-08-14,
4121,U0720,4745,Pet Feeder,Pet,view,,0,2023-01-12,5.0
4122,U1828,808,Electric Toothbrush,Personal Care,purchase,3.8,1,2024-09-18,
4123,U0129,4167,Gaming Console,Entertainment,wishlist,5.0,0,2023-06-03,
4124,U0974,3627,Paper Shredder,Tools,add_to_cart,,0,2024-10-04,
4125,U0876,2208,Lawn Mower,Tools,view,,0,2024-06-12,79.0
4126,U1684,3514,Roti Maker,Kitchen,add_to_cart,,0,2024-05-12,
4127,U1305,4907,Air Cooler,Climate,purchase,5.0,1,2023-09-20,
4128,U1353,125,Kombucha Maker,Hobby,purchase,4.3,1,2024-07-27,
4129,U0723,1140,UV Water Purifier,Bathroom,purchase,4.2,1,2023-12-24,
4130,U0178,3533,Home Automation Controller,Networking,wishlist,5.0,0,2024-12-25,
4131,U0627,1411,Aquarium Heater,Pet,view,,0,2023-11-11,206.0
4132,U1731,1506,Thermostat,Climate,view,,0,2024-06-16,12.0
4133,U1097,1577,Hair Straightener,Personal Care,view,,0,2023-05-11,56.0
4134,U1945,2984,Handheld Vacuum,Cleaning,purchase,4.1,1,2024-07-21,
4135,U0704,850,Garage Door Motor,Outdoor,view,,0,2024-12-18,397.0
4136,U0628,2594,Carbon Monoxide Detector,Security,view,,0,2024-01-24,28.0
4137,U1511,2241,Wall Clock,Decor,purchase,4.3,1,2023-01-14,
4138,U1835,3200,Emergency Light,Security,wishlist,3.6,0,2023-01-27,
4139,U0866,3529,Door Intercom,Security,purchase,4.8,1,2023-04-08,
4140,U0938,2823,Electric Pressure Cooker,Kitchen,view,,0,2024-11-16,301.0
4141,U0510,4578,Hair Dryer,Personal Care,purchase,3.6,1,2024-02-26,
4142,U1839,2821,Label Maker,Tools,view,,0,2024-12-26,68.0
4143,U0460,1643,Foot Massager,Personal Care,view,,0,2023-11-26,72.0
4144,U1449,3645,UV Water Purifier,Bathroom,purchase,4.1,1,2023-01-27,
4145,U0407,34,Hot Dog Maker,Kitchen,wishlist,2.7,0,2023-11-24,
4146,U0221,2391,Ice Crusher,Kitchen,purchase,3.9,1,2024-10-02,
4147,U0464,4518,Fermentation Crock,Hobby,view,,0,2023-08-13,103.0
4148,U1324,3899,Automatic Pet Water Fountain,Pet,view,,0,2023-11-04,146.0
4149,U1744,3974,Baby Food Maker,Kitchen,purchase,5.0,1,2023-06-26,
4150,U1381,4585,Smart Hub,Networking,view,,0,2023-07-25,419.0
4151,U0905,372,Food Dehydrator,Kitchen,view,,0,2024-10-19,55.0
4152,U0437,2798,Central Air Conditioner,Climate,view,,0,2024-08-30,12.0
4153,U0183,4019,Shoe Dryer,Laundry,wishlist,4.5,0,2024-12-15,
4154,U0154,3537,Aquarium Filter,Pet,view,,0,2024-09-03,17.0
4155,U0648,3131,Electric Vehicle Charger,Power,view,,0,2024-04-29,240.0
4156,U1600,1951,Electric Mop,Cleaning,view,,0,2023-06-23,10.0
4157,U0956,1341,Aquarium Filter,Pet,view,,0,2024-05-17,22.0
4158,U0398,16,Smart Switch,Smart Home,add_to_cart,,0,2023-04-16,
4159,U0886,1037,Fabric Shaver,Laundry,add_to_cart,,0,2023-10-21,
4160,U1805,188,Smart Curtain Motor,Smart Home,wishlist,4.8,0,2024-02-21,
4161,U1999,4834,Deep Fryer,Kitchen,add_to_cart,,0,2023-09-20,
4162,U0890,2433,Clothes Dryer,Laundry,purchase,3.5,1,2024-01-01,
4163,U0721,2383,Bathroom Exhaust Fan,Bathroom,add_to_cart,,0,2024-02-05,
4164,U1229,741,Hair Dryer,Personal Care,purchase,2.9,1,2024-05-25,
4165,U1500,278,Hair Curler,Personal Care,view,,0,2023-03-25,97.0
4166,U0764,3508,Water Flosser,Personal Care,view,,0,2023-07-16,151.0
4167,U1578,2884,Smart Door Lock,Security,purchase,3.8,1,2023-03-16,
4168,U0308,3066,Induction Cooktop,Kitchen,purchase,4.5,1,2024-01-03,
4169,U0884,702,Water Heater,Bathroom,add_to_cart,,0,2024-04-04,
4170,U1295,3133,Booster Pump,Outdoor,view,,0,2024-07-11,138.0
4171,U0397,3870,Inverter,Power,view,,0,2023-01-07,96.0
4172,U0531,989,Induction Oven,Kitchen,purchase,4.7,1,2023-01-15,
4173,U1099,2821,Label Maker,Tools,purchase,4.1,1,2024-09-17,
4174,U1571,3973,Electric Fireplace,Climate,view,,0,2023-04-16,136.0
4175,U0152,2699,Ceiling Fan,Climate,view,,0,2023-11-03,327.0
4176,U0937,3346,Paper Shredder,Tools,purchase,2.7,1,2024-02-19,
4177,U0249,1846,Toaster Oven,Kitchen,view,,0,2023-02-27,6.0
4178,U1129,459,Alarm System,Security,purchase,4.0,1,2023-09-07,
4179,U0521,3455,Wall Clock,Decor,view,,0,2023-08-16,285.0
4180,U1426,4706,Slush Machine,Hobby,view,,0,2023-07-13,110.0
4181,U0963,4023,Foot Massager,Personal Care,purchase,4.5,1,2023-02-24,
4182,U0680,3028,Angle Grinder,Tools,add_to_cart,,0,2023-03-24,
4183,U0494,3792,Air Quality Monitor,Smart Home,view,,0,2024-04-30,40.0
4184,U0979,1718,Hand Mixer,Kitchen,view,,0,2023-05-04,30.0
4185,U1245,4247,Massage Chair,Personal Care,purchase,2.4,1,2023-04-11,
4186,U1965,3921,DVD Player,Entertainment,view,,0,2023-03-20,149.0
4187,U0047,41,Router,Networking,add_to_cart,,0,2023-03-02,
4188,U1288,1123,Clock,Decor,view,,0,2024-05-31,28.0
4189,U1913,2421,Water Heater,Bathroom,add_to_cart,,0,2023-03-17,
4190,U0260,941,Electric Tandoor,Kitchen,view,,0,2023-07-19,36.0
4191,U0943,1173,Central Vacuum System,Cleaning,add_to_cart,,0,2024-03-07,
4192,U1938,2278,Bidet Seat,Bathroom,purchase,4.6,1,2024-01-08,
4193,U0284,1174,Aquarium Filter,Pet,add_to_cart,,0,2024-11-16,
4194,U0921,4045,Trash Compactor,Kitchen,add_to_cart,,0,2024-12-06,
4195,U1287,1839,Slush Machine,Hobby,view,,0,2023-12-26,28.0
4196,U1069,3515,Electric Tandoor,Kitchen,purchase,5.0,1,2023-03-13,
4197,U1382,257,Alarm Clock,Decor,purchase,4.9,1,2024-01-06,
4198,U0402,3007,RO Purifier,Bathroom,view,,0,2023-08-04,10.0
4199,U0429,4445,Roti Maker,Kitchen,view,,0,2023-10-29,397.0
4200,U1674,1643,Foot Massager,Personal Care,purchase,2.7,1,2023-11-16,
4201,U1733,3331,Electric Kettle,Kitchen,view,,0,2024-07-19,63.0
4202,U0596,2123,Portable Air Conditioner,Climate,purchase,4.7,1,2024-08-05,
4203,U1113,630,Food Dehydrator,Kitchen,view,,0,2023-09-08,4.0
4204,U1836,2843,Hair Dryer,Personal Care,wishlist,2.9,0,2023-12-17,
4205,U1401,2698,Mini Fridge,Kitchen,add_to_cart,,0,2024-02-17,
4206,U0354,2849,Projector,Entertainment,view,,0,2024-04-30,31.0
4207,U0617,1846,Toaster Oven,Kitchen,add_to_cart,,0,2023-02-08,
4208,U0255,561,UV Water Purifier,Bathroom,add_to_cart,,0,2023-01-13,
4209,U1547,2946,Electric Mop,Cleaning,add_to_cart,,0,2024-12-31,
4210,U1501,286,Epilator,Personal Care,purchase,5.0,1,2023-07-26,
4211,U1871,2384,Clock,Decor,add_to_cart,,0,2024-10-09,
4212,U1923,4842,Basement Dehumidifier,Outdoor,purchase,4.1,1,2023-07-11,
4213,U1345,2548,Air Quality Monitor,Smart Home,add_to_cart,,0,2023-05-10,
4214,U1460,3166,Label Maker,Tools,view,,0,2023-03-24,51.0
4215,U0158,2830,Smart Garage Door Opener,Security,purchase,5.0,1,2024-01-10,
4216,U0555,4183,Water Flosser,Personal Care,purchase,5.0,1,2024-08-16,
4217,U0955,1411,Aquarium Heater,Pet,view,,0,2024-01-18,358.0
4218,U0979,946,Emergency Light,Security,wishlist,2.1,0,2024-06-22,
4219,U0330,2351,Clothesline Dryer,Laundry,purchase,4.4,1,2024-07-10,
4220,U0096,1359,Iron,Laundry,wishlist,2.2,0,2024-02-15,
4221,U1004,1995,Espresso Machine,Kitchen,add_to_cart,,0,2024-07-07,
4222,U0869,2304,Digital Safe,Security,add_to_cart,,0,2023-08-19,
4223,U0639,1814,Ice Crusher,Kitchen,add_to_cart,,0,2024-12-15,
4224,U1546,3442,Massager,Personal Care,view,,0,2024-04-28,69.0
4225,U1831,452,Electric Vehicle Charger,Power,view,,0,2023-10-14,95.0
4226,U0876,3079,Cold Press Juicer,Kitchen,view,,0,2023-07-17,36.0
4227,U1484,1316,Refrigerator,Kitchen,purchase,4.4,1,2024-04-25,
4228,U0089,1096,Wall Clock,Decor,view,,0,2023-02-15,240.0
4229,U0040,14,Heating Pad,Personal Care,view,,0,2024-02-08,95.0
4230,U1607,4712,Carpet Cleaner,Cleaning,purchase,3.9,1,2024-11-25,
4231,U0464,3990,Treadmill,Fitness,purchase,4.7,1,2023-11-08,
4232,U1807,4740,Landline Phone,Smart Home,wishlist,3.4,0,2023-06-04,
4233,U1278,4655,Exhaust Fan,Climate,purchase,4.3,1,2023-02-11,
4234,U1787,1483,Window Cleaner Robot,Cleaning,wishlist,3.7,0,2023-09-28,
4235,U1186,804,Sump Pump,Outdoor,view,,0,2024-04-27,192.0
4236,U1777,3533,Home Automation Controller,Networking,wishlist,3.8,0,2024-12-21,
4237,U1759,1685,Aquarium Filter,Pet,wishlist,3.6,0,2024-10-22,
4238,U0987,1584,Electric Stove,Kitchen,wishlist,3.3,0,2023-03-03,
4239,U1290,4647,Printer,Tools,add_to_cart,,0,2024-10-08,
4240,U1989,1662,Leaf Blower,Tools,add_to_cart,,0,2024-03-30,
4241,U1804,3179,Electric Drill,Tools,add_to_cart,,0,2023-07-10,
4242,U1263,832,Washing Machine,Laundry,wishlist,4.5,0,2023-11-13,
4243,U1188,4696,Refrigerator,Kitchen,wishlist,4.7,0,2023-09-20,
4244,U1943,2384,Clock,Decor,view,,0,2024-02-16,22.0
4245,U1661,2130,Knitting Machine,Hobby,view,,0,2024-11-01,42.0
4246,U0811,2191,Weather Station,Smart Home,view,,0,2024-08-08,339.0
4247,U0016,2308,Popcorn Maker,Kitchen,view,,0,2023-04-19,174.0
4248,U0592,240,Wine Cooler,Kitchen,view,,0,2024-07-06,271.0
4249,U0183,1504,Iron,Laundry,add_to_cart,,0,2023-01-09,
4250,U0859,2991,Geyser,Bathroom,view,,0,2024-06-29,56.0
4251,U0981,676,Wine Cooler,Kitchen,wishlist,3.7,0,2024-08-24,
4252,U0751,1665,Crepe Maker,Kitchen,view,,0,2023-09-18,125.0
4253,U1478,608,Rice Cooker,Kitchen,view,,0,2024-01-10,120.0
4254,U1262,2535,Home Sauna,Fitness,wishlist,3.1,0,2024-05-15,
4255,U0811,4723,Streaming Device,Entertainment,add_to_cart,,0,2023-01-20,
4256,U0730,4129,Washing Machine,Laundry,purchase,4.4,1,2023-03-14,
4257,U1350,165,Wall Clock,Decor,add_to_cart,,0,2023-03-24,
4258,U1160,1935,Attic Fan,Climate,purchase,5.0,1,2024-08-27,
4259,U0793,2843,Hair Dryer,Personal Care,add_to_cart,,0,2024-12-15,
4260,U1710,2250,Robot Vacuum,Cleaning,add_to_cart,,0,2024-05-25,
4261,U1547,2540,Lawn Mower,Tools,purchase,3.2,1,2024-11-05,
4262,U0538,2929,3D Printer,Hobby,add_to_cart,,0,2024-04-22,
4263,U0955,2230,Label Maker,Tools,add_to_cart,,0,2023-11-15,
4264,U0857,4105,UPS,Power,purchase,3.3,1,2024-05-04,
4265,U0209,301,Window Cleaner Robot,Cleaning,purchase,3.2,1,2023-08-06,
4266,U1884,4577,Smart Refrigerator,Kitchen,add_to_cart,,0,2024-02-06,
4267,U1154,3739,Built In Oven,Kitchen,add_to_cart,,0,2024-10-27,
4268,U1778,3234,Smart Garage Door Opener,Security,wishlist,3.5,0,2023-03-26,
4269,U0674,1293,Electric Tandoor,Kitchen,view,,0,2023-06-17,17.0
4270,U1938,4295,Massage Chair,Personal Care,wishlist,3.4,0,2024-04-05,
4271,U0163,604,Water Boiler,Kitchen,wishlist,3.3,0,2024-12-07,
4272,U0598,4268,Smart TV,Entertainment,wishlist,3.3,0,2023-05-14,
4273,U0754,2382,Milk Frother,Kitchen,purchase,5.0,1,2024-11-18,
4274,U0543,2290,Smart Lock,Security,purchase,3.3,1,2024-09-20,
4275,U1364,2090,Ice Cream Maker,Kitchen,purchase,3.7,1,2023-11-04,
4276,U1973,3067,Projector,Entertainment,view,,0,2024-12-16,39.0
4277,U0898,2457,Misting Fan,Climate,purchase,5.0,1,2023-05-06,
4278,U0164,3108,Water Flosser,Personal Care,purchase,4.0,1,2023-02-28,
4279,U0897,3457,Aquarium Filter,Pet,view,,0,2024-10-10,79.0
4280,U1059,2907,Meat Grinder,Kitchen,purchase,3.0,1,2024-08-15,
4281,U1154,4530,Ice Maker,Kitchen,wishlist,4.3,0,2023-05-21,
4282,U1662,1771,Water Flosser,Personal Care,add_to_cart,,0,2023-09-10,
4283,U0975,2119,Air Fryer,Kitchen,view,,0,2024-11-16,24.0
4284,U1542,4803,Floor Polisher,Cleaning,wishlist,3.2,0,2024-02-05,
4285,U1559,600,Electric Toothbrush,Personal Care,purchase,3.5,1,2024-06-28,
4286,U1739,3549,UPS,Power,view,,0,2024-03-26,44.0
4287,U0424,3276,Weather Station,Smart Home,purchase,5.0,1,2023-09-04,
4288,U0693,3389,Toaster Oven,Kitchen,add_to_cart,,0,2023-03-11,
4289,U0233,3356,Printer,Tools,wishlist,4.4,0,2023-01-08,
4290,U1505,4234,Exhaust Fan,Climate,wishlist,3.6,0,2024-01-06,
4291,U0296,4141,Floor Polisher,Cleaning,view,,0,2023-09-28,74.0
4292,U0930,4143,Terrarium Heater,Pet,view,,0,2024-10-26,161.0
4293,U0467,4993,Solar Panel Inverter,Power,view,,0,2023-01-23,347.0
4294,U1020,3231,Dough Maker,Kitchen,purchase,4.5,1,2023-05-03,
4295,U0233,2326,Electric Shaver,Personal Care,view,,0,2023-08-30,142.0
4296,U1007,2341,Rowing Machine,Fitness,wishlist,3.6,0,2023-05-27,
4297,U0235,4476,Smart Air Conditioner,Climate,view,,0,2023-10-25,50.0
4298,U1555,490,Smart Plug,Smart Home,purchase,4.6,1,2024-01-29,
4299,U0247,186,Wall Clock,Decor,add_to_cart,,0,2023-12-13,
4300,U0413,2669,Door Intercom,Security,view,,0,2024-01-12,275.0
4301,U1326,1650,Misting Fan,Climate,view,,0,2024-08-16,56.0
4302,U0512,2614,Paper Shredder,Tools,purchase,3.6,1,2023-10-22,
4303,U1921,149,Landline Phone,Smart Home,purchase,5.0,1,2024-04-15,
4304,U1181,4015,Smoke Detector,Security,add_to_cart,,0,2023-06-10,
4305,U1902,4723,Streaming Device,Entertainment,purchase,2.9,1,2024-07-01,
4306,U1174,2275,Lint Remover,Laundry,add_to_cart,,0,2024-05-24,
4307,U1499,1143,Convection Microwave,Kitchen,purchase,3.7,1,2023-04-13,
4308,U0977,3526,Dishwasher,Cleaning,add_to_cart,,0,2024-02-10,
4309,U0639,797,Misting Fan,Climate,view,,0,2023-10-05,17.0
4310,U0557,3921,DVD Player,Entertainment,add_to_cart,,0,2023-07-02,
4311,U1347,2265,Air Quality Monitor,Smart Home,add_to_cart,,0,2023-06-08,
4312,U0917,4506,Mini Fridge,Kitchen,purchase,4.3,1,2024-08-05,
4313,U0756,685,Electric Shaver,Personal Care,view,,0,2023-01-19,5.0
4314,U0885,1471,Towel Warmer,Bathroom,view,,0,2024-03-17,184.0
4315,U0208,41,Router,Networking,purchase,4.4,1,2023-11-29,
4316,U1355,2316,Electric Blanket,Personal Care,add_to_cart,,0,2023-01-22,
4317,U0570,1337,Wine Cooler,Kitchen,add_to_cart,,0,2024-02-05,
4318,U1120,3341,Aquarium Filter,Pet,view,,0,2024-07-19,46.0
4319,U0294,3854,Heating Pad,Personal Care,view,,0,2024-01-14,271.0
4320,U0438,2288,Built In Microwave,Kitchen,add_to_cart,,0,2023-09-06,
4321,U0977,2267,Carpet Cleaner,Cleaning,view,,0,2024-02-09,398.0
4322,U1828,2354,Hair Curler,Personal Care,wishlist,5.0,0,2023-08-16,
4323,U1886,4177,Home Automation Controller,Networking,view,,0,2023-10-10,54.0
4324,U0205,960,Epilator,Personal Care,wishlist,4.5,0,2024-03-24,
4325,U0627,2442,Toaster Oven,Kitchen,add_to_cart,,0,2023-05-19,
4326,U1922,206,Handheld Vacuum,Cleaning,wishlist,4.2,0,2023-07-06,
4327,U1229,1919,Convection Microwave,Kitchen,purchase,4.0,1,2023-01-16,
4328,U0192,1120,Central Air Conditioner,Climate,wishlist,4.3,0,2023-02-27,
4329,U1736,3661,Espresso Machine,Kitchen,add_to_cart,,0,2023-05-10,
4330,U0305,935,Pressure Washer,Cleaning,purchase,4.5,1,2023-06-02,
4331,U0029,1525,WiFi Extender,Networking,view,,0,2024-04-12,157.0
4332,U1772,4405,Weather Station,Smart Home,purchase,3.6,1,2024-09-04,
4333,U0614,4327,Air Quality Monitor,Smart Home,add_to_cart,,0,2023-08-19,
4334,U0775,1867,Electric Toothbrush,Personal Care,purchase,3.6,1,2024-01-22,
4335,U1080,1787,Hedge Trimmer,Tools,view,,0,2023-03-27,162.0
4336,U0768,473,Steam Cleaner,Cleaning,view,,0,2023-06-19,381.0
4337,U1728,1217,Smart TV,Entertainment,purchase,2.1,1,2023-08-07,
4338,U0575,1941,Home Automation Controller,Networking,view,,0,2023-01-09,38.0
4339,U0802,4449,Space Heater,Climate,purchase,3.8,1,2023-06-15,
4340,U1289,4551,Air Conditioner,Climate,purchase,2.8,1,2023-05-24,
4341,U1069,3654,Aquarium Filter,Pet,purchase,4.9,1,2024-11-28,
4342,U1647,2265,Air Quality Monitor,Smart Home,add_to_cart,,0,2023-12-27,
4343,U1880,856,Smart Refrigerator,Kitchen,purchase,4.3,1,2023-06-03,
4344,U1393,165,Wall Clock,Decor,view,,0,2023-07-30,206.0
4345,U1230,1061,Chainsaw,Tools,purchase,5.0,1,2024-05-29,
4346,U0822,1123,Clock,Decor,purchase,3.3,1,2024-10-13,
4347,U0160,4416,Attic Fan,Climate,wishlist,3.9,0,2024-04-22,
4348,U0894,3487,Built In Microwave,Kitchen,purchase,4.3,1,2023-05-22,
4349,U0889,3370,Blender,Kitchen,view,,0,2023-12-30,47.0
4350,U0517,3627,Paper Shredder,Tools,view,,0,2024-06-26,120.0
4351,U0357,3407,Electric Shaver,Personal Care,purchase,4.8,1,2024-12-09,
4352,U0898,285,WiFi Extender,Networking,add_to_cart,,0,2023-08-31,
4353,U1244,2426,Smart Washer,Laundry,view,,0,2024-12-19,61.0
4354,U1444,4131,Baby Food Maker,Kitchen,view,,0,2024-04-06,67.0
4355,U0783,1830,Electric Lunch Box,Kitchen,purchase,5.0,1,2023-04-15,
4356,U1618,3683,Aquarium Heater,Pet,purchase,5.0,1,2024-08-28,
4357,U1472,3682,Boot Warmer,Laundry,view,,0,2024-05-28,69.0
4358,U1503,2538,Solar Panel Inverter,Power,add_to_cart,,0,2024-06-16,
4359,U1979,808,Electric Toothbrush,Personal Care,add_to_cart,,0,2023-10-25,
4360,U0327,4394,Geyser,Bathroom,view,,0,2024-11-06,7.0
4361,U1926,3119,Paper Shredder,Tools,add_to_cart,,0,2024-01-05,
4362,U1153,4541,Iron,Laundry,add_to_cart,,0,2024-07-12,
4363,U0206,376,Trash Compactor,Kitchen,add_to_cart,,0,2023-08-12,
4364,U1379,445,Fabric Shaver,Laundry,purchase,4.6,1,2023-09-02,
4365,U1355,4345,Convection Microwave,Kitchen,add_to_cart,,0,2023-10-18,
4366,U0861,4594,Air Fryer,Kitchen,add_to_cart,,0,2023-12-21,
4367,U1664,3074,Smart Switch,Smart Home,view,,0,2023-06-30,91.0
4368,U0521,1439,Sprinkler System,Tools,purchase,4.5,1,2024-11-16,
4369,U0642,3240,Pressure Washer,Cleaning,view,,0,2023-03-16,114.0
4370,U0212,4585,Smart Hub,Networking,view,,0,2023-09-12,191.0
4371,U0293,2150,Terrarium Heater,Pet,view,,0,2024-07-18,30.0
4372,U0748,2540,Lawn Mower,Tools,view,,0,2024-11-11,43.0
4373,U0771,197,Alarm System,Security,purchase,4.2,1,2023-11-01,
4374,U1850,4344,Vacuum Sealer,Kitchen,purchase,4.0,1,2023-09-14,
4375,U1476,4073,Mixer Grinder,Kitchen,purchase,4.7,1,2024-11-07,
4376,U0923,1629,Smart Plug,Smart Home,wishlist,5.0,0,2023-11-02,
4377,U1857,4608,Robot Vacuum,Cleaning,view,,0,2024-02-04,141.0
4378,U1593,2949,Dishwasher,Cleaning,view,,0,2024-05-24,62.0
4379,U0012,336,Water Filter,Bathroom,add_to_cart,,0,2023-06-13,
4380,U0008,3307,Automatic Pet Water Fountain,Pet,purchase,2.9,1,2024-02-07,
4381,U1283,1266,Built In Oven,Kitchen,add_to_cart,,0,2023-12-09,
4382,U0769,2437,Hair Dryer,Personal Care,view,,0,2024-12-04,73.0
4383,U0162,3411,Solar Panel Inverter,Power,purchase,3.0,1,2024-02-16,
4384,U1551,2054,Grill Microwave,Kitchen,view,,0,2024-10-20,67.0
4385,U1485,2801,Milk Frother,Kitchen,view,,0,2024-04-24,460.0
4386,U1023,154,Treadmill,Fitness,view,,0,2023-07-07,26.0
4387,U1031,3921,DVD Player,Entertainment,add_to_cart,,0,2024-09-25,
4388,U1592,1778,Toaster Oven,Kitchen,view,,0,2024-05-02,134.0
4389,U0601,177,Smart Plug,Smart Home,purchase,3.2,1,2024-12-29,
4390,U1606,2282,Roti Maker,Kitchen,view,,0,2024-11-27,9.0
4391,U0206,2342,Cold Press Juicer,Kitchen,purchase,3.7,1,2023-08-25,
4392,U0407,3546,Network Attached Storage,Networking,view,,0,2024-12-17,243.0
4393,U1823,3395,Refrigerator,Kitchen,wishlist,4.0,0,2023-02-02,
4394,U0784,592,Foot Massager,Personal Care,view,,0,2024-03-15,22.0
4395,U0243,3918,Cooktop,Kitchen,wishlist,4.6,0,2023-05-24,
4396,U0022,2759,Sandwich Maker,Kitchen,purchase,4.3,1,2023-07-28,
4397,U0420,126,Lint Remover,Laundry,purchase,4.5,1,2023-10-14,
4398,U1455,2842,Home Automation Controller,Networking,purchase,3.1,1,2023-06-13,
4399,U0334,3870,Inverter,Power,view,,0,2024-03-02,187.0
4400,U0596,3878,Garment Steamer,Laundry,add_to_cart,,0,2023-02-12,
4401,U0174,2494,Attic Fan,Climate,purchase,5.0,1,2024-10-28,
4402,U1761,2465,Lint Remover,Laundry,purchase,2.5,1,2023-08-20,
4403,U1285,4983,Induction Oven,Kitchen,view,,0,2023-04-23,346.0
4404,U1653,344,Sandwich Maker,Kitchen,add_to_cart,,0,2023-10-11,
4405,U0190,111,Hair Straightener,Personal Care,purchase,4.8,1,2023-10-20,
4406,U0942,2106,Electric Fireplace,Climate,view,,0,2023-04-28,229.0
4407,U1996,3725,Booster Pump,Outdoor,view,,0,2024-05-18,105.0
4408,U1180,1981,Security Camera,Security,purchase,4.2,1,2024-09-23,
4409,U0714,4730,Crepe Maker,Kitchen,purchase,4.4,1,2024-10-04,
4410,U0239,520,Hedge Trimmer,Tools,view,,0,2024-10-20,143.0
4411,U1663,4322,Garage Door Motor,Outdoor,purchase,2.4,1,2024-09-19,
4412,U1154,3838,Sprinkler System,Tools,purchase,3.4,1,2023-05-10,
4413,U0176,4028,Hot Plate,Kitchen,purchase,3.2,1,2024-05-09,
4414,U1393,3578,Water Flosser,Personal Care,view,,0,2024-10-29,27.0
4415,U0413,636,Home Automation Controller,Networking,view,,0,2024-05-03,128.0
4416,U1073,101,Label Maker,Tools,add_to_cart,,0,2024-03-28,
4417,U0532,4539,Electric Knife,Kitchen,add_to_cart,,0,2023-05-25,
4418,U0762,3550,3D Printer,Hobby,add_to_cart,,0,2023-04-23,
4419,U0289,4959,Security Camera,Security,purchase,4.7,1,2024-06-08,
4420,U0799,4775,3D Printer,Hobby,view,,0,2023-08-07,3.0
4421,U1332,3000,Waffle Maker,Kitchen,view,,0,2023-10-30,153.0
4422,U1646,1512,Food Dehydrator,Kitchen,add_to_cart,,0,2023-07-06,
4423,U1424,2999,Clothesline Dryer,Laundry,purchase,4.9,1,2024-05-30,
4424,U1740,1077,Smart Switch,Smart Home,view,,0,2024-03-21,0.0
4425,U1735,592,Foot Massager,Personal Care,purchase,3.3,1,2023-08-18,
4426,U0424,4585,Smart Hub,Networking,purchase,3.1,1,2024-09-14,
4427,U1039,4359,Trimmer,Personal Care,purchase,4.1,1,2024-05-06,
4428,U0604,441,Water Filter,Bathroom,view,,0,2024-07-22,56.0
4429,U0978,2268,Rowing Machine,Fitness,view,,0,2024-10-15,397.0
4430,U0212,2485,Toaster Oven,Kitchen,purchase,5.0,1,2024-05-22,
4431,U1543,1274,Sewing Machine,Hobby,wishlist,1.7,0,2024-06-29,
4432,U1124,2659,Electric Kettle,Kitchen,purchase,3.0,1,2024-10-30,
4433,U0834,4585,Smart Hub,Networking,wishlist,3.1,0,2023-09-18,
4434,U0586,1712,Home Brewing Kit,Hobby,view,,0,2024-10-06,44.0
4435,U1758,4805,Leaf Blower,Tools,purchase,4.6,1,2024-01-06,
4436,U1723,1760,DVD Player,Entertainment,view,,0,2023-11-30,13.0
4437,U1479,2798,Central Air Conditioner,Climate,view,,0,2023-09-15,354.0
4438,U1173,3716,Mini Fridge,Kitchen,purchase,2.6,1,2024-02-27,
4439,U1306,3426,Trash Compactor,Kitchen,purchase,4.0,1,2024-09-09,
4440,U1583,1274,Sewing Machine,Hobby,add_to_cart,,0,2023-05-20,
4441,U1799,1714,Speakers,Entertainment,purchase,3.2,1,2023-09-19,
4442,U1882,428,Rowing Machine,Fitness,wishlist,1.9,0,2024-06-18,
4443,U1600,384,Yogurt Maker,Kitchen,wishlist,5.0,0,2024-02-25,
4444,U0444,3829,Baby Food Maker,Kitchen,purchase,3.5,1,2023-06-30,
4445,U1139,2751,Citrus Juicer,Kitchen,view,,0,2023-11-02,21.0
4446,U0840,770,Clock,Decor,view,,0,2023-12-19,165.0
4447,U0757,1725,Electric Pressure Cooker,Kitchen,view,,0,2023-05-07,131.0
4448,U1419,3886,Basement Dehumidifier,Outdoor,view,,0,2023-04-01,31.0
4449,U0568,4734,Smart Garage Door Opener,Security,purchase,4.1,1,2023-10-27,
4450,U1360,1334,Jacuzzi Pump,Bathroom,wishlist,3.9,0,2024-03-01,
4451,U0714,4039,Window Cleaner Robot,Cleaning,view,,0,2024-04-11,199.0
4452,U1285,1760,DVD Player,Entertainment,add_to_cart,,0,2024-04-22,
4453,U0861,2172,CCTV System,Security,view,,0,2023-02-13,254.0
4454,U1452,4597,Mixer Grinder,Kitchen,view,,0,2024-02-24,18.0
4455,U1845,4295,Massage Chair,Personal Care,wishlist,3.3,0,2023-08-02,
4456,U0813,323,Landline Phone,Smart Home,view,,0,2023-02-02,246.0
4457,U1425,4252,Clock,Decor,add_to_cart,,0,2023-07-10,
4458,U1668,4143,Terrarium Heater,Pet,view,,0,2024-11-22,57.0
4459,U0826,2743,Hair Dryer,Personal Care,wishlist,3.9,0,2023-07-21,
4460,U0611,2241,Wall Clock,Decor,add_to_cart,,0,2023-01-10,
4461,U0039,2231,Misting Fan,Climate,view,,0,2024-05-06,23.0
4462,U1332,1009,Rice Cooker,Kitchen,view,,0,2024-09-10,141.0
4463,U1207,4923,Table Fan,Climate,purchase,3.0,1,2024-01-05,
4464,U0789,1183,Electric Stove,Kitchen,view,,0,2024-03-06,29.0
4465,U1470,3249,Set Top Box,Entertainment,purchase,2.6,1,2023-06-10,
4466,U1743,2452,Smart Switch,Smart Home,wishlist,2.8,0,2023-07-25,
4467,U1557,727,Grill Microwave,Kitchen,add_to_cart,,0,2023-09-06,
4468,U1643,4004,Cotton Candy Machine,Hobby,wishlist,3.8,0,2023-03-01,
4469,U1014,4454,Smart Garage Door Opener,Security,view,,0,2024-11-24,60.0
4470,U1725,3548,Garment Steamer,Laundry,add_to_cart,,0,2023-12-30,
4471,U1088,2754,Set Top Box,Entertainment,view,,0,2023-01-22,16.0
4472,U1415,2123,Portable Air Conditioner,Climate,wishlist,4.2,0,2023-08-08,
4473,U0834,4734,Smart Garage Door Opener,Security,purchase,3.0,1,2024-05-05,
4474,U1533,3933,Lint Remover,Laundry,view,,0,2023-11-24,28.0
4475,U0853,4199,Sewing Machine,Hobby,wishlist,3.1,0,2023-03-11,
4476,U1611,4894,Pressure Washer,Cleaning,add_to_cart,,0,2023-12-24,
4477,U0370,3446,Gas Stove,Kitchen,wishlist,3.5,0,2023-02-19,
4478,U1479,2290,Smart Lock,Security,purchase,3.7,1,2024-10-09,
4479,U0744,983,UV Water Purifier,Bathroom,view,,0,2023-06-27,47.0
4480,U1042,162,Foot Massager,Personal Care,view,,0,2023-11-06,123.0
4481,U1361,4917,Rice Cooker,Kitchen,view,,0,2023-11-23,257.0
4482,U0007,4289,Pressure Washer,Cleaning,view,,0,2023-12-12,7.0
4483,U1459,2765,Induction Cooktop,Kitchen,purchase,4.5,1,2024-03-28,
4484,U0965,1357,Label Maker,Tools,view,,0,2024-01-12,73.0
4485,U1279,1836,Smart Thermostat,Climate,add_to_cart,,0,2024-07-19,
4486,U1284,2922,Scanner,Tools,view,,0,2023-11-03,84.0
4487,U1108,4337,Smart Air Conditioner,Climate,purchase,3.8,1,2023-03-19,
4488,U0084,3968,Scanner,Tools,purchase,4.8,1,2024-03-08,
4489,U1898,2481,Lawn Mower,Tools,view,,0,2023-04-09,77.0
4490,U0321,1199,Television,Entertainment,view,,0,2024-11-10,141.0
4491,U0128,1976,Sous Vide Cooker,Kitchen,wishlist,3.8,0,2024-06-16,
4492,U0032,941,Electric Tandoor,Kitchen,purchase,2.5,1,2024-11-03,
4493,U0884,1202,Waffle Maker,Kitchen,wishlist,4.4,0,2023-11-28,
4494,U0476,3837,Gaming Console,Entertainment,wishlist,5.0,0,2024-12-08,
4495,U1803,175,Solo Microwave,Kitchen,view,,0,2024-08-27,50.0
4496,U0173,1157,Electric Blanket,Personal Care,add_to_cart,,0,2023-12-01,
4497,U0189,1051,Central Vacuum System,Cleaning,view,,0,2024-01-21,87.0
4498,U1036,753,Jacuzzi Pump,Bathroom,view,,0,2024-04-04,41.0
4499,U0760,1219,Heater,Climate,view,,0,2023-06-02,424.0
4500,U0511,1198,Handheld Vacuum,Cleaning,view,,0,2024-04-04,86.0
4501,U1937,2188,Bathroom Exhaust Fan,Bathroom,view,,0,2023-07-16,274.0
4502,U0921,2963,Home Server,Networking,add_to_cart,,0,2023-03-03,
4503,U0613,2702,Countertop Dishwasher,Cleaning,view,,0,2024-04-04,21.0
4504,U1726,4706,Slush Machine,Hobby,purchase,4.2,1,2024-05-23,
4505,U1883,555,Milk Frother,Kitchen,purchase,5.0,1,2024-06-08,
4506,U1243,4825,Electric Mop,Cleaning,wishlist,4.2,0,2023-10-03,
4507,U1694,342,Hair Curler,Personal Care,purchase,4.9,1,2023-11-07,
4508,U1847,1069,Handheld Vacuum,Cleaning,view,,0,2024-07-07,15.0
4509,U1372,417,Water Pump,Outdoor,wishlist,2.8,0,2024-04-01,
4510,U1274,251,Landline Phone,Smart Home,view,,0,2023-10-02,219.0
4511,U1929,3469,WiFi Extender,Networking,purchase,4.1,1,2024-05-16,
4512,U0065,3669,Streaming Device,Entertainment,add_to_cart,,0,2023-12-14,
4513,U1159,2524,Steam Iron,Laundry,wishlist,4.5,0,2024-05-10,
4514,U0903,4745,Pet Feeder,Pet,view,,0,2024-01-08,20.0
4515,U0242,2169,RO Purifier,Bathroom,purchase,4.1,1,2024-11-05,
4516,U1802,3237,UV Water Purifier,Bathroom,add_to_cart,,0,2023-11-23,
4517,U0606,1001,Pet Feeder,Pet,wishlist,1.8,0,2024-11-03,
4518,U0578,1016,Smart Garage Door Opener,Security,view,,0,2023-09-06,9.0
4519,U0780,1788,Smart Washer,Laundry,purchase,3.6,1,2023-05-15,
4520,U1482,371,Alarm Clock,Decor,purchase,4.8,1,2024-01-25,
4521,U1337,1008,Smart Washer,Laundry,add_to_cart,,0,2023-08-31,
4522,U0741,3782,Wine Cooler,Kitchen,purchase,3.2,1,2023-07-31,
4523,U0197,942,Power Strip,Power,view,,0,2024-04-18,14.0
4524,U1646,3755,Printer,Tools,purchase,3.4,1,2024-01-28,
4525,U1294,3777,Table Fan,Climate,purchase,4.8,1,2023-11-12,
4526,U1892,3425,Electric Pressure Cooker,Kitchen,wishlist,3.9,0,2023-05-10,
4527,U0721,4251,Mini Fridge,Kitchen,view,,0,2023-09-06,74.0
4528,U1498,598,Sandwich Maker,Kitchen,wishlist,3.6,0,2024-09-20,
4529,U0073,3695,Hand Mixer,Kitchen,purchase,5.0,1,2024-08-15,
4530,U0780,1655,Cold Press Juicer,Kitchen,view,,0,2023-10-16,260.0
4531,U0863,3050,Network Attached Storage,Networking,view,,0,2024-02-19,267.0
4532,U0720,4256,Pressure Washer,Cleaning,add_to_cart,,0,2023-10-13,
4533,U0102,1411,Aquarium Heater,Pet,add_to_cart,,0,2023-06-15,
4534,U0357,1948,Floor Polisher,Cleaning,purchase,4.1,1,2023-01-06,
4535,U0915,1532,Electric Oven,Kitchen,view,,0,2023-04-15,402.0
4536,U1545,2886,Convection Microwave,Kitchen,purchase,4.9,1,2024-01-18,
4537,U0500,3995,Sandwich Maker,Kitchen,wishlist,5.0,0,2024-11-30,
4538,U1013,3866,Smart Hub,Networking,add_to_cart,,0,2023-04-14,
4539,U0586,1278,Electric Mop,Cleaning,view,,0,2024-11-23,229.0
4540,U0866,2030,Aquarium Heater,Pet,purchase,4.1,1,2023-10-07,
4541,U0927,495,Label Maker,Tools,purchase,4.6,1,2023-04-05,
4542,U0152,3768,Electric Toothbrush,Personal Care,purchase,5.0,1,2023-07-28,
4543,U0302,4100,Projector,Entertainment,view,,0,2024-08-26,569.0
4544,U1601,1908,Gaming Console,Entertainment,view,,0,2024-04-07,6.0
4545,U0642,3260,Attic Fan,Climate,add_to_cart,,0,2023-04-03,
4546,U0323,2014,3D Printer,Hobby,view,,0,2024-06-06,292.0
4547,U0572,3813,Speakers,Entertainment,view,,0,2023-05-23,34.0
4548,U0212,1815,Window Cleaner Robot,Cleaning,add_to_cart,,0,2023-08-23,
4549,U0815,1412,Bidet Seat,Bathroom,purchase,4.1,1,2023-01-02,
4550,U1521,948,Pressure Cooker,Kitchen,view,,0,2023-02-25,322.0
4551,U0079,3462,Ice Maker,Kitchen,purchase,4.6,1,2023-05-30,
4552,U1564,3352,UPS,Power,add_to_cart,,0,2023-08-23,
4553,U0569,3703,Geyser,Bathroom,purchase,4.3,1,2024-02-12,
4554,U1496,3444,Home Sauna,Fitness,view,,0,2023-03-16,247.0
4555,U1654,2786,Pet Feeder,Pet,view,,0,2023-05-07,17.0
4556,U1343,2354,Hair Curler,Personal Care,view,,0,2024-01-25,41.0
4557,U1341,2241,Wall Clock,Decor,purchase,4.3,1,2023-03-08,
4558,U0714,3033,Home Server,Networking,view,,0,2024-01-01,87.0
4559,U1702,4720,Smart Refrigerator,Kitchen,view,,0,2024-09-09,36.0
4560,U0461,3809,Hair Dryer,Personal Care,add_to_cart,,0,2024-05-14,
4561,U1111,4155,Cotton Candy Machine,Hobby,add_to_cart,,0,2024-06-29,
4562,U1387,1173,Central Vacuum System,Cleaning,view,,0,2023-12-25,65.0
4563,U0394,2153,Central Vacuum System,Cleaning,purchase,4.3,1,2023-03-30,
4564,U0743,1708,Angle Grinder,Tools,view,,0,2023-07-15,112.0
4565,U1055,3138,Inverter,Power,view,,0,2023-07-21,132.0
4566,U0880,3063,Sous Vide Cooker,Kitchen,view,,0,2024-02-01,228.0
4567,U0996,2116,Air Cooler,Climate,add_to_cart,,0,2024-01-14,
4568,U0636,1781,WiFi Extender,Networking,view,,0,2023-01-28,70.0
4569,U1489,4450,Central Air Conditioner,Climate,view,,0,2023-06-26,37.0
4570,U0858,1102,Steam Iron,Laundry,view,,0,2023-02-17,24.0
4571,U1982,40,Blender,Kitchen,add_to_cart,,0,2023-10-29,
4572,U0387,4596,Floor Polisher,Cleaning,wishlist,2.8,0,2023-07-15,
4573,U1251,4268,Smart TV,Entertainment,view,,0,2023-09-22,137.0
4574,U0773,4924,Panini Press,Kitchen,purchase,3.4,1,2024-04-27,
4575,U1034,1953,RO Purifier,Bathroom,view,,0,2024-03-23,30.0
4576,U1342,4499,Vacuum Sealer,Kitchen,wishlist,5.0,0,2024-05-13,
4577,U0357,4834,Deep Fryer,Kitchen,wishlist,3.8,0,2024-07-26,
4578,U0565,2060,Alarm Clock,Decor,add_to_cart,,0,2024-08-12,
4579,U1465,2786,Pet Feeder,Pet,add_to_cart,,0,2023-03-10,
4580,U1182,3507,Foot Massager,Personal Care,view,,0,2024-05-21,174.0
4581,U0467,4600,Rowing Machine,Fitness,add_to_cart,,0,2024-03-23,
4582,U0841,1205,Home Theater System,Entertainment,view,,0,2024-08-25,165.0
4583,U0968,4959,Security Camera,Security,purchase,5.0,1,2023-06-24,
4584,U1825,3609,Robot Vacuum,Cleaning,add_to_cart,,0,2024-05-21,
4585,U0520,3506,Stand Mixer,Kitchen,view,,0,2024-11-23,428.0
4586,U1059,4355,WiFi Extender,Networking,view,,0,2024-10-26,109.0
4587,U1242,3987,Air Conditioner,Climate,view,,0,2024-11-11,328.0
4588,U0792,693,Router,Networking,view,,0,2024-03-26,167.0
4589,U1094,3795,Dishwasher,Cleaning,wishlist,5.0,0,2023-08-12,
4590,U0339,2232,Smart Curtain Motor,Smart Home,purchase,2.6,1,2023-12-29,
4591,U0405,1394,Electric Shaver,Personal Care,view,,0,2023-07-06,66.0
4592,U1889,4252,Clock,Decor,purchase,3.3,1,2023-10-07,
4593,U1826,4186,Epilator,Personal Care,add_to_cart,,0,2024-09-09,
4594,U1610,1435,Exhaust Fan,Climate,view,,0,2023-11-07,69.0
4595,U0219,4468,Clothesline Dryer,Laundry,add_to_cart,,0,2023-09-17,
4596,U0207,3871,Gaming Console,Entertainment,add_to_cart,,0,2023-12-05,
4597,U0496,2658,Air Conditioner,Climate,purchase,4.7,1,2023-08-28,
4598,U1837,4989,Electric Lunch Box,Kitchen,view,,0,2024-06-13,102.0
4599,U1522,2918,Pet Feeder,Pet,view,,0,2024-08-25,331.0
4600,U1108,1313,Pool Pump,Outdoor,add_to_cart,,0,2024-01-26,
4601,U1987,1717,Drip Coffee Maker,Kitchen,view,,0,2024-02-06,125.0
4602,U1261,1807,Emergency Light,Security,view,,0,2024-11-10,287.0
4603,U0998,3840,Washing Machine,Laundry,add_to_cart,,0,2023-06-22,
4604,U0958,346,Mixer Grinder,Kitchen,purchase,3.1,1,2023-04-02,
4605,U1035,2024,Chainsaw,Tools,purchase,3.9,1,2023-10-04,
4606,U1659,3946,Foot Massager,Personal Care,purchase,3.0,1,2024-08-27,
4607,U1244,27,Pet Feeder,Pet,view,,0,2023-01-17,45.0
4608,U0249,215,Emergency Light,Security,purchase,3.1,1,2023-10-17,
4609,U1572,2768,Refrigerator,Kitchen,purchase,1.7,1,2023-10-02,
4610,U0740,238,Aquarium Filter,Pet,add_to_cart,,0,2023-08-14,
4611,U1689,3487,Built In Microwave,Kitchen,add_to_cart,,0,2023-12-21,
4612,U0729,1338,Freezer,Kitchen,add_to_cart,,0,2024-05-24,
4613,U1017,3632,Air Quality Monitor,Smart Home,add_to_cart,,0,2023-09-13,
4614,U1514,2252,Electric Skillet,Kitchen,view,,0,2024-09-30,75.0
4615,U1082,3250,Electric Tandoor,Kitchen,purchase,4.6,1,2024-06-26,
4616,U0380,1993,Scanner,Tools,add_to_cart,,0,2024-11-01,
4617,U0235,839,Portable Dishwasher,Cleaning,view,,0,2024-12-06,95.0
4618,U0442,2614,Paper Shredder,Tools,add_to_cart,,0,2023-07-20,
4619,U1557,981,Electric Grill,Kitchen,view,,0,2023-07-27,229.0
4620,U1012,2808,Water Boiler,Kitchen,view,,0,2023-11-21,151.0
4621,U0477,1433,Television,Entertainment,add_to_cart,,0,2023-05-12,
4622,U0841,1990,Carpet Cleaner,Cleaning,add_to_cart,,0,2024-12-29,
4623,U1668,3613,Electric Mop,Cleaning,view,,0,2023-03-21,69.0
4624,U0490,1926,Video Doorbell,Security,add_to_cart,,0,2024-03-14,
4625,U0045,2217,Hair Curler,Personal Care,view,,0,2023-12-28,94.0
4626,U1721,3053,Smart Lock,Security,view,,0,2024-07-12,58.0
4627,U0829,2717,Exhaust Fan,Climate,view,,0,2023-08-19,48.0
4628,U1972,3418,Central Vacuum System,Cleaning,purchase,4.4,1,2023-10-30,
4629,U1681,751,Television,Entertainment,view,,0,2023-01-12,276.0
4630,U0381,2078,Fermentation Crock,Hobby,wishlist,4.3,0,2023-06-18,
4631,U0130,4048,Chapati Maker,Kitchen,purchase,2.5,1,2023-07-23,
4632,U1695,2694,Milk Frother,Kitchen,purchase,5.0,1,2023-09-11,
4633,U1509,4222,Smart Refrigerator,Kitchen,wishlist,2.4,0,2024-02-28,
4634,U1216,1945,Dough Maker,Kitchen,add_to_cart,,0,2024-10-19,
4635,U0179,1634,Fermentation Crock,Hobby,add_to_cart,,0,2023-06-25,
4636,U0824,4061,Dehumidifier,Climate,add_to_cart,,0,2024-10-25,
4637,U0690,1954,Printer,Tools,purchase,4.8,1,2024-11-26,
4638,U1705,4062,Electric Pressure Cooker,Kitchen,view,,0,2024-09-19,406.0
4639,U1902,2997,Jacuzzi Pump,Bathroom,wishlist,3.8,0,2023-12-05,
4640,U0847,4199,Sewing Machine,Hobby,view,,0,2023-07-23,8.0
4641,U0568,3780,Electric Stove,Kitchen,add_to_cart,,0,2023-05-12,
4642,U0629,4697,Landline Phone,Smart Home,wishlist,3.7,0,2023-10-18,
4643,U1262,3244,Ice Cream Maker,Kitchen,view,,0,2023-05-15,21.0
4644,U1046,2513,Sump Pump,Outdoor,add_to_cart,,0,2023-10-15,
4645,U1261,4842,Basement Dehumidifier,Outdoor,wishlist,3.3,0,2024-07-11,
4646,U0230,1931,Electric Skillet,Kitchen,view,,0,2024-11-06,11.0
4647,U0536,26,Smart Curtain Motor,Smart Home,view,,0,2024-07-15,15.0
4648,U0540,3217,Robot Vacuum,Cleaning,add_to_cart,,0,2023-08-29,
4649,U0433,2076,Pet Feeder,Pet,wishlist,5.0,0,2024-01-09,
4650,U0141,1750,Smoke Detector,Security,view,,0,2023-10-19,9.0
4651,U1420,3763,Range Hood,Kitchen,view,,0,2024-11-06,97.0
4652,U1287,998,Smart Air Conditioner,Climate,view,,0,2024-08-06,113.0
4653,U0024,561,UV Water Purifier,Bathroom,view,,0,2024-12-29,32.0
4654,U0882,185,Weather Station,Smart Home,view,,0,2023-07-27,24.0
4655,U1922,1868,Network Attached Storage,Networking,view,,0,2023-12-18,40.0
4656,U1522,4006,Electric Blanket,Personal Care,purchase,4.0,1,2023-11-24,
4657,U0029,3999,Coffee Grinder,Kitchen,purchase,4.7,1,2024-04-12,
4658,U0197,4119,CCTV System,Security,add_to_cart,,0,2024-02-25,
4659,U1518,2004,Cold Press Juicer,Kitchen,wishlist,3.7,0,2024-07-12,
4660,U1130,2814,Solar Panel Inverter,Power,purchase,3.9,1,2024-03-18,
4661,U0444,996,Infrared Sauna,Fitness,add_to_cart,,0,2023-04-12,
4662,U0917,4716,Emergency Light,Security,add_to_cart,,0,2023-10-11,
4663,U0964,3990,Treadmill,Fitness,add_to_cart,,0,2023-03-16,
4664,U0722,1395,Treadmill,Fitness,view,,0,2024-01-27,26.0
4665,U0377,1927,Waffle Maker,Kitchen,view,,0,2024-01-24,196.0
4666,U0611,373,RO Purifier,Bathroom,purchase,5.0,1,2023-08-05,
4667,U0441,4033,Vacuum Sealer,Kitchen,add_to_cart,,0,2024-10-18,
4668,U1485,1453,Cotton Candy Machine,Hobby,add_to_cart,,0,2024-12-28,
4669,U0133,1447,Garbage Disposal,Kitchen,purchase,4.0,1,2024-12-07,
4670,U0956,2462,Hair Curler,Personal Care,purchase,4.8,1,2023-11-20,
4671,U1169,11,Clothes Dryer,Laundry,view,,0,2024-10-22,100.0
4672,U1349,3412,Air Cooler,Climate,add_to_cart,,0,2024-12-25,
4673,U0481,206,Handheld Vacuum,Cleaning,add_to_cart,,0,2023-06-19,
4674,U0415,1401,Portable Air Conditioner,Climate,view,,0,2023-04-20,24.0
4675,U0312,4307,Smoke Detector,Security,view,,0,2024-01-23,13.0
4676,U1456,3898,Bottle Sterilizer,Kitchen,view,,0,2024-08-06,31.0
4677,U1100,4821,Smart Bulb,Smart Home,view,,0,2024-11-19,58.0
4678,U0777,4531,Digital Safe,Security,view,,0,2023-04-19,202.0
4679,U1431,3141,Fabric Shaver,Laundry,add_to_cart,,0,2023-12-14,
4680,U0156,3366,Coffee Grinder,Kitchen,add_to_cart,,0,2023-09-07,
4681,U0182,3788,Window Cleaner Robot,Cleaning,view,,0,2023-04-01,39.0
4682,U0069,500,Solo Microwave,Kitchen,purchase,4.2,1,2024-12-14,
4683,U0982,4913,Treadmill,Fitness,view,,0,2024-01-11,95.0
4684,U1412,476,Terrarium Heater,Pet,view,,0,2023-09-22,21.0
4685,U1464,592,Foot Massager,Personal Care,add_to_cart,,0,2023-09-22,
4686,U1932,3886,Basement Dehumidifier,Outdoor,purchase,3.5,1,2023-08-05,
4687,U0194,151,Rowing Machine,Fitness,purchase,4.0,1,2024-05-17,
4688,U1744,3790,Epilator,Personal Care,view,,0,2023-07-02,115.0
4689,U1050,2488,Home Sauna,Fitness,purchase,4.3,1,2024-01-15,
4690,U1629,3225,DVD Player,Entertainment,purchase,3.1,1,2024-03-05,
4691,U0841,4329,Smart Door Lock,Security,view,,0,2024-05-31,109.0
4692,U0874,3533,Home Automation Controller,Networking,add_to_cart,,0,2024-07-30,
4693,U0386,999,Voltage Stabilizer,Power,view,,0,2023-05-23,20.0
4694,U0434,2815,Electric Pressure Cooker,Kitchen,purchase,2.8,1,2024-03-30,
4695,U1638,1801,Inverter,Power,purchase,4.7,1,2023-05-28,
4696,U0216,2976,Stand Mixer,Kitchen,add_to_cart,,0,2023-02-21,
4697,U0294,2028,Digital Safe,Security,purchase,4.9,1,2023-10-09,
4698,U1734,3057,Knitting Machine,Hobby,view,,0,2023-08-21,619.0
4699,U0124,1937,Chainsaw,Tools,purchase,4.6,1,2024-09-04,
4700,U1922,3327,Modem,Networking,add_to_cart,,0,2024-12-03,
4701,U0991,3593,Paper Shredder,Tools,purchase,3.4,1,2023-10-17,
4702,U0296,286,Epilator,Personal Care,view,,0,2024-08-13,102.0
4703,U1325,189,Water Heater,Bathroom,purchase,4.0,1,2024-10-02,
4704,U1296,255,Electric Fireplace,Climate,purchase,4.7,1,2023-05-12,
4705,U1454,2585,Toaster Oven,Kitchen,wishlist,4.8,0,2023-07-26,
4706,U0700,1126,Door Intercom,Security,wishlist,4.4,0,2024-09-18,
4707,U1507,4879,UPS,Power,add_to_cart,,0,2023-01-04,
4708,U0858,4339,Electric Skillet,Kitchen,view,,0,2023-08-04,32.0
4709,U0304,29,Water Flosser,Personal Care,view,,0,2023-06-07,55.0
4710,U0276,3348,Built In Oven,Kitchen,purchase,4.4,1,2023-09-03,
4711,U0512,1067,Hand Mixer,Kitchen,wishlist,5.0,0,2023-09-20,
4712,U1761,4517,Vacuum Sealer,Kitchen,purchase,2.8,1,2023-03-14,
4713,U0702,3720,Water Dispenser,Kitchen,purchase,3.7,1,2024-10-20,
4714,U0674,2093,Paper Shredder,Tools,add_to_cart,,0,2024-07-27,
4715,U0507,4568,Espresso Machine,Kitchen,purchase,4.0,1,2024-07-28,
4716,U0667,3267,Air Quality Monitor,Smart Home,add_to_cart,,0,2024-03-18,
4717,U1985,1124,Steam Cleaner,Cleaning,add_to_cart,,0,2023-10-08,
4718,U0368,1293,Electric Tandoor,Kitchen,purchase,3.2,1,2024-03-18,
4719,U0584,4987,Table Fan,Climate,add_to_cart,,0,2023-02-11,
4720,U0065,3537,Aquarium Filter,Pet,view,,0,2024-04-06,0.0
4721,U1575,2521,Smart Bulb,Smart Home,view,,0,2024-04-09,9.0
4722,U1694,4970,Smart Bulb,Smart Home,purchase,5.0,1,2024-10-14,
4723,U0386,2029,Electric Vehicle Charger,Power,purchase,4.1,1,2024-08-30,
4724,U0018,3150,Smart Garage Door Opener,Security,purchase,2.8,1,2024-01-22,
4725,U0934,3273,Network Attached Storage,Networking,wishlist,4.2,0,2023-01-14,
4726,U0844,1811,Smart Door Lock,Security,add_to_cart,,0,2024-12-08,
4727,U1369,4616,Bladeless Fan,Climate,wishlist,4.2,0,2023-09-26,
4728,U1957,3827,Security Camera,Security,view,,0,2024-04-09,102.0
4729,U1431,4108,Hair Dryer,Personal Care,purchase,3.5,1,2023-04-10,
4730,U0518,2186,Pool Pump,Outdoor,view,,0,2023-09-22,273.0
4731,U1134,2966,Hair Curler,Personal Care,add_to_cart,,0,2023-07-21,
4732,U0942,4970,Smart Bulb,Smart Home,purchase,5.0,1,2023-05-16,
4733,U0334,3137,Pool Pump,Outdoor,view,,0,2023-07-16,100.0
4734,U1748,796,RO Purifier,Bathroom,purchase,4.7,1,2023-04-13,
4735,U1222,3244,Ice Cream Maker,Kitchen,add_to_cart,,0,2023-12-07,
4736,U0025,3108,Water Flosser,Personal Care,purchase,4.4,1,2024-08-13,
4737,U0493,417,Water Pump,Outdoor,add_to_cart,,0,2024-05-24,
4738,U1824,2963,Home Server,Networking,view,,0,2023-01-04,154.0
4739,U1967,3603,Can Opener,Kitchen,view,,0,2024-01-15,208.0
4740,U0221,641,Massage Chair,Personal Care,view,,0,2023-07-13,452.0
4741,U1653,2028,Digital Safe,Security,purchase,3.7,1,2023-05-22,
4742,U1121,3596,Sous Vide Cooker,Kitchen,view,,0,2024-06-21,26.0
4743,U0914,4650,Smoke Detector,Security,purchase,5.0,1,2023-11-14,
4744,U0076,3050,Network Attached Storage,Networking,purchase,2.8,1,2023-06-11,
4745,U1052,4104,Sprinkler System,Tools,add_to_cart,,0,2024-12-13,
4746,U0495,2582,Meat Grinder,Kitchen,view,,0,2023-05-25,205.0
4747,U0178,1487,Smart Plug,Smart Home,view,,0,2023-06-28,112.0
4748,U1533,2219,Terrarium Heater,Pet,view,,0,2023-03-17,164.0
4749,U1502,1696,Dishwasher,Cleaning,add_to_cart,,0,2023-07-14,
4750,U0310,575,Electric Drill,Tools,add_to_cart,,0,2024-12-11,
4751,U1253,740,Aquarium Filter,Pet,view,,0,2023-05-01,27.0
4752,U1234,4260,Ceiling Fan,Climate,wishlist,2.6,0,2023-09-18,
4753,U0376,76,Floor Polisher,Cleaning,add_to_cart,,0,2023-11-22,
4754,U1641,1230,Hair Curler,Personal Care,purchase,4.5,1,2023-07-09,
4755,U1943,3006,Heating Pad,Personal Care,add_to_cart,,0,2024-07-04,
4756,U1416,2789,Exhaust Fan,Climate,view,,0,2023-12-15,169.0
4757,U0148,4002,Blu Ray Player,Entertainment,purchase,1.9,1,2023-11-30,
4758,U0163,1040,Induction Cooktop,Kitchen,add_to_cart,,0,2023-08-28,
4759,U0307,2158,Leaf Blower,Tools,wishlist,4.5,0,2023-04-27,
4760,U0816,3439,Electric Toothbrush,Personal Care,view,,0,2023-11-15,599.0
4761,U1998,4497,Smart Hub,Networking,view,,0,2023-11-07,99.0
4762,U1327,334,Home Brewing Kit,Hobby,view,,0,2023-07-01,1.0
4763,U0182,67,Vacuum Cleaner,Cleaning,wishlist,4.8,0,2023-01-19,
4764,U0662,2589,Fabric Shaver,Laundry,purchase,4.8,1,2023-04-23,
4765,U0503,139,Bladeless Fan,Climate,purchase,4.6,1,2023-05-10,
4766,U1210,2815,Electric Pressure Cooker,Kitchen,add_to_cart,,0,2024-10-11,
4767,U0723,866,Fabric Shaver,Laundry,purchase,4.6,1,2024-10-26,
4768,U1833,4021,Chainsaw,Tools,view,,0,2024-03-09,33.0
4769,U1798,2889,Pool Heater,Outdoor,view,,0,2023-07-25,26.0
4770,U1774,1216,RO Purifier,Bathroom,view,,0,2023-09-30,62.0
4771,U0203,4703,Pool Pump,Outdoor,add_to_cart,,0,2023-04-16,
4772,U0564,2410,Ice Crusher,Kitchen,wishlist,4.8,0,2024-01-09,
4773,U0139,1897,UV Water Purifier,Bathroom,view,,0,2023-12-25,73.0
4774,U1733,542,Solo Microwave,Kitchen,add_to_cart,,0,2023-12-09,
4775,U0673,188,Smart Curtain Motor,Smart Home,purchase,4.2,1,2023-03-06,
4776,U0061,269,Solo Microwave,Kitchen,view,,0,2024-01-05,164.0
4777,U0997,3298,Ice Cream Maker,Kitchen,add_to_cart,,0,2023-11-17,
4778,U1871,2932,Hot Plate,Kitchen,purchase,4.3,1,2024-01-07,
4779,U0024,4645,Smart Plug,Smart Home,view,,0,2023-02-17,296.0
4780,U1263,3962,Smart Door Lock,Security,view,,0,2023-07-13,156.0
4781,U1843,2969,Security Camera,Security,wishlist,5.0,0,2023-06-15,
4782,U1939,4126,Smoke Detector,Security,view,,0,2024-10-03,43.0
4783,U1201,3147,Floor Polisher,Cleaning,view,,0,2024-02-18,130.0
4784,U1712,4710,Electric Tandoor,Kitchen,view,,0,2023-09-23,72.0
4785,U1280,1539,Chainsaw,Tools,view,,0,2023-02-22,80.0
4786,U1172,1637,Solar Panel Inverter,Power,add_to_cart,,0,2023-04-28,
4787,U0091,3662,Heating Pad,Personal Care,add_to_cart,,0,2023-08-04,
4788,U1235,176,Range Hood,Kitchen,view,,0,2023-07-21,54.0
4789,U1318,433,Home Theater System,Entertainment,add_to_cart,,0,2023-05-12,
4790,U0007,1510,Cotton Candy Machine,Hobby,add_to_cart,,0,2023-09-27,
4791,U0444,3380,Hot Plate,Kitchen,add_to_cart,,0,2024-05-21,
4792,U0128,3383,Massage Chair,Personal Care,view,,0,2023-01-16,62.0
4793,U1044,2768,Refrigerator,Kitchen,view,,0,2023-08-31,103.0
4794,U0535,98,Lawn Mower,Tools,view,,0,2023-05-20,188.0
4795,U0078,4445,Roti Maker,Kitchen,add_to_cart,,0,2024-06-01,
4796,U1881,1730,Smart Plug,Smart Home,view,,0,2023-12-12,0.0
4797,U0108,4045,Trash Compactor,Kitchen,add_to_cart,,0,2023-08-28,
4798,U0112,4738,Aquarium Filter,Pet,view,,0,2024-07-25,121.0
4799,U1383,4023,Foot Massager,Personal Care,wishlist,5.0,0,2023-12-11,
4800,U0073,1232,Electric Toothbrush,Personal Care,view,,0,2023-07-18,73.0
4801,U0100,3730,Terrarium Heater,Pet,add_to_cart,,0,2024-06-19,
4802,U0537,3467,Ceiling Fan,Climate,add_to_cart,,0,2024-10-05,
4803,U0327,3741,Clothes Dryer,Laundry,add_to_cart,,0,2023-11-19,
4804,U0452,76,Floor Polisher,Cleaning,purchase,3.2,1,2023-03-08,
4805,U1803,1727,Baby Food Maker,Kitchen,view,,0,2024-10-27,119.0
4806,U1757,339,Microwave Oven,Kitchen,view,,0,2023-06-18,129.0
4807,U1759,3235,Portable Air Conditioner,Climate,add_to_cart,,0,2024-07-14,
4808,U1554,1237,Treadmill,Fitness,purchase,4.9,1,2024-10-02,
4809,U1290,2130,Knitting Machine,Hobby,wishlist,4.1,0,2024-06-08,
4810,U1846,1993,Scanner,Tools,view,,0,2024-08-02,34.0
4811,U1264,3273,Network Attached Storage,Networking,wishlist,4.0,0,2024-05-17,
4812,U1909,3604,Heating Pad,Personal Care,add_to_cart,,0,2023-10-23,
4813,U0170,3283,Lint Remover,Laundry,purchase,3.0,1,2024-07-24,
4814,U0877,82,Home Server,Networking,purchase,4.2,1,2024-08-14,
4815,U1277,4326,Smart Display,Entertainment,view,,0,2023-08-11,141.0
4816,U1099,1532,Electric Oven,Kitchen,purchase,5.0,1,2024-04-06,
4817,U1765,2056,Bidet Seat,Bathroom,purchase,5.0,1,2023-06-13,
4818,U1592,3102,Home Automation Controller,Networking,view,,0,2024-01-11,40.0
4819,U1323,4359,Trimmer,Personal Care,purchase,3.2,1,2023-11-29,
4820,U1369,782,Electric Pressure Cooker,Kitchen,view,,0,2024-06-25,141.0
4821,U0002,1470,Sous Vide Cooker,Kitchen,view,,0,2023-11-07,210.0
4822,U0010,602,Pool Heater,Outdoor,view,,0,2023-12-01,7.0
4823,U0950,3513,RO Purifier,Bathroom,view,,0,2024-02-18,59.0
4824,U0729,912,Emergency Light,Security,wishlist,1.8,0,2023-01-03,
4825,U0954,2161,Home Brewing Kit,Hobby,wishlist,4.7,0,2024-03-01,
4826,U0804,12,Wall Clock,Decor,add_to_cart,,0,2024-07-20,
4827,U0953,1022,Smart Display,Entertainment,add_to_cart,,0,2023-12-01,
4828,U1478,3533,Home Automation Controller,Networking,view,,0,2024-02-07,76.0
4829,U1537,4895,DVD Player,Entertainment,view,,0,2024-04-17,77.0
4830,U1417,1564,Window Air Conditioner,Climate,view,,0,2024-07-02,114.0
4831,U0341,1638,Humidifier,Climate,wishlist,4.7,0,2024-12-21,
4832,U1066,3630,Misting Fan,Climate,add_to_cart,,0,2023-03-05,
4833,U1604,638,Smart Garage Door Opener,Security,purchase,2.7,1,2024-12-13,
4834,U0577,1599,Air Cooler,Climate,add_to_cart,,0,2023-01-10,
4835,U0463,1289,Smart Garage Door Opener,Security,purchase,4.3,1,2023-10-19,
4836,U1022,3096,Steam Cleaner,Cleaning,purchase,5.0,1,2023-06-11,
4837,U0998,4343,Trimmer,Personal Care,view,,0,2024-05-15,200.0
4838,U1967,2710,Electric Fireplace,Climate,view,,0,2023-10-24,36.0
4839,U1751,608,Rice Cooker,Kitchen,view,,0,2023-10-23,46.0
4840,U1030,3827,Security Camera,Security,purchase,5.0,1,2023-04-28,
4841,U1381,1077,Smart Switch,Smart Home,add_to_cart,,0,2023-05-09,
4842,U0413,2840,UV Water Purifier,Bathroom,purchase,3.3,1,2023-12-07,
4843,U0242,669,Mini Fridge,Kitchen,view,,0,2023-02-04,28.0
4844,U1473,4822,Automatic Pet Water Fountain,Pet,view,,0,2023-07-21,229.0
4845,U1991,3008,Electric Oven,Kitchen,purchase,3.2,1,2024-01-13,
4846,U1798,1059,Coffee Maker,Kitchen,view,,0,2024-01-04,263.0
4847,U1605,1830,Electric Lunch Box,Kitchen,purchase,4.7,1,2024-04-02,
4848,U0587,3148,Smart Plug,Smart Home,view,,0,2023-08-20,153.0
4849,U1931,2326,Electric Shaver,Personal Care,view,,0,2024-06-21,74.0
4850,U1371,4071,Garment Steamer,Laundry,view,,0,2023-12-11,183.0
4851,U0322,1837,Portable Dishwasher,Cleaning,add_to_cart,,0,2024-12-30,
4852,U0643,4589,Blu Ray Player,Entertainment,add_to_cart,,0,2024-07-08,
4853,U0686,2018,Home Server,Networking,view,,0,2023-06-20,86.0
4854,U1174,1749,Gas Stove,Kitchen,wishlist,2.0,0,2023-09-09,
4855,U0510,2978,Water Flosser,Personal Care,view,,0,2023-04-06,234.0
4856,U1368,914,Sprinkler System,Tools,purchase,3.7,1,2023-10-15,
4857,U1046,1852,Automatic Pet Water Fountain,Pet,purchase,4.6,1,2024-11-17,
4858,U1048,2521,Smart Bulb,Smart Home,purchase,4.1,1,2024-08-05,
4859,U0459,2812,Chapati Maker,Kitchen,purchase,4.5,1,2023-01-27,
4860,U1123,2307,Kitchen Chimney,Kitchen,view,,0,2023-07-02,16.0
4861,U0567,100,Bidet Seat,Bathroom,add_to_cart,,0,2024-10-08,
4862,U0222,3030,Smart Plug,Smart Home,add_to_cart,,0,2023-07-02,
4863,U1930,4884,Handheld Vacuum,Cleaning,purchase,4.2,1,2024-07-19,
4864,U0084,2162,Hair Dryer,Personal Care,view,,0,2024-11-25,171.0
4865,U0241,2314,Smart Thermostat,Climate,add_to_cart,,0,2024-02-14,
4866,U1357,4643,Induction Cooktop,Kitchen,purchase,4.9,1,2024-03-29,
4867,U0342,4239,Air Quality Monitor,Smart Home,purchase,2.4,1,2024-11-06,
4868,U1346,2267,Carpet Cleaner,Cleaning,view,,0,2024-09-30,60.0
4869,U0274,1698,Terrarium Heater,Pet,view,,0,2024-04-13,26.0
4870,U0498,227,RO Purifier,Bathroom,view,,0,2024-12-22,16.0
4871,U0789,881,Kitchen Chimney,Kitchen,view,,0,2024-12-03,149.0
4872,U1981,2302,Lint Remover,Laundry,view,,0,2023-06-23,192.0
4873,U1382,1243,Massager,Personal Care,view,,0,2024-08-27,77.0
4874,U1600,2437,Hair Dryer,Personal Care,view,,0,2024-08-25,253.0
4875,U1102,186,Wall Clock,Decor,view,,0,2023-06-23,42.0
4876,U0644,3199,Dishwasher,Cleaning,purchase,4.3,1,2023-05-17,
4877,U0412,3682,Boot Warmer,Laundry,purchase,4.6,1,2024-09-13,
4878,U1966,1444,RO Purifier,Bathroom,purchase,4.2,1,2023-10-08,
4879,U1652,3256,Electric Kettle,Kitchen,purchase,3.0,1,2023-11-02,
4880,U0401,1010,Hot Dog Maker,Kitchen,purchase,3.4,1,2024-08-05,
4881,U1754,4594,Air Fryer,Kitchen,view,,0,2023-07-14,124.0
4882,U0290,4865,Extension Cord,Power,view,,0,2023-02-25,472.0
4883,U0435,4066,Washer Dryer Combo,Laundry,purchase,2.0,1,2023-07-29,
4884,U0847,3469,WiFi Extender,Networking,add_to_cart,,0,2023-10-05,
4885,U1649,4600,Rowing Machine,Fitness,view,,0,2024-11-17,134.0
4886,U0881,4770,Router,Networking,view,,0,2024-07-27,140.0
4887,U0188,3789,Smart Switch,Smart Home,purchase,4.0,1,2024-06-24,
4888,U1799,762,Smart Display,Entertainment,view,,0,2024-04-03,109.0
4889,U1491,196,Portable Dishwasher,Cleaning,view,,0,2024-06-05,46.0
4890,U0156,2320,Smart Curtain Motor,Smart Home,purchase,4.6,1,2023-11-08,
4891,U1765,75,Clock,Decor,purchase,3.8,1,2024-11-09,
4892,U0470,4486,Air Fryer,Kitchen,add_to_cart,,0,2023-11-16,
4893,U1118,4109,Smart Garage Door Opener,Security,wishlist,3.2,0,2023-04-26,
4894,U1066,3080,Air Purifier,Climate,view,,0,2024-03-25,76.0
4895,U0489,1257,Countertop Dishwasher,Cleaning,purchase,3.9,1,2024-12-08,
4896,U0367,4653,Mini Fridge,Kitchen,view,,0,2024-12-10,30.0
4897,U1577,2106,Electric Fireplace,Climate,view,,0,2024-03-31,96.0
4898,U1749,599,Pressure Washer,Cleaning,view,,0,2023-02-26,30.0
4899,U1077,4903,RO Purifier,Bathroom,purchase,4.7,1,2024-08-22,
4900,U0024,4143,Terrarium Heater,Pet,add_to_cart,,0,2024-08-21,
4901,U0194,4319,Smart Switch,Smart Home,view,,0,2024-12-25,49.0
4902,U1781,3196,Ceiling Fan,Climate,purchase,2.6,1,2023-11-24,
4903,U1817,371,Alarm Clock,Decor,purchase,3.9,1,2024-09-17,
4904,U1144,4499,Vacuum Sealer,Kitchen,purchase,4.3,1,2024-12-26,
4905,U0649,2711,Vacuum Sealer,Kitchen,wishlist,4.9,0,2023-08-30,
4906,U1694,3019,Hair Curler,Personal Care,view,,0,2023-01-23,62.0
4907,U0288,2319,Mini Washing Machine,Laundry,add_to_cart,,0,2024-03-31,
4908,U0674,1667,Heating Pad,Personal Care,purchase,4.5,1,2024-04-21,
4909,U0436,3730,Terrarium Heater,Pet,view,,0,2024-07-19,79.0
4910,U0997,4550,Blu Ray Player,Entertainment,wishlist,4.5,0,2023-08-02,
4911,U0318,1239,Shoe Dryer,Laundry,add_to_cart,,0,2023-08-01,
4912,U0330,2337,Water Dispenser,Kitchen,purchase,4.8,1,2024-03-06,
4913,U1300,4983,Induction Oven,Kitchen,add_to_cart,,0,2024-07-11,
4914,U0206,4217,Coffee Grinder,Kitchen,view,,0,2023-03-30,172.0
4915,U1915,1773,Trash Compactor,Kitchen,wishlist,2.6,0,2023-11-27,
4916,U0568,3442,Massager,Personal Care,purchase,2.6,1,2024-01-30,
4917,U1646,1778,Toaster Oven,Kitchen,view,,0,2024-11-08,46.0
4918,U1731,4450,Central Air Conditioner,Climate,wishlist,3.5,0,2024-07-03,
4919,U0433,4157,Air Cooler,Climate,add_to_cart,,0,2024-11-16,
4920,U1609,4118,Smart Bulb,Smart Home,add_to_cart,,0,2024-03-04,
4921,U1753,3782,Wine Cooler,Kitchen,add_to_cart,,0,2023-06-01,
4922,U0895,991,Sewing Machine,Hobby,view,,0,2023-06-24,159.0
4923,U1912,2844,Cooktop,Kitchen,purchase,4.3,1,2023-03-18,
4924,U1647,4268,Smart TV,Entertainment,view,,0,2023-07-02,486.0
4925,U1889,569,Countertop Dishwasher,Cleaning,add_to_cart,,0,2023-10-23,
4926,U1170,1503,Can Opener,Kitchen,view,,0,2023-10-16,204.0
4927,U0256,618,Projector,Entertainment,add_to_cart,,0,2023-04-20,
4928,U0921,2184,Automatic Pet Water Fountain,Pet,purchase,4.0,1,2023-10-08,
4929,U0439,2171,Home Automation Controller,Networking,add_to_cart,,0,2024-09-22,
4930,U0440,618,Projector,Entertainment,view,,0,2024-02-27,61.0
4931,U1049,238,Aquarium Filter,Pet,wishlist,5.0,0,2024-12-22,
4932,U0414,1529,Hand Mixer,Kitchen,view,,0,2023-06-29,5.0
4933,U0561,1470,Sous Vide Cooker,Kitchen,view,,0,2023-03-23,216.0
4934,U1791,432,Floor Polisher,Cleaning,view,,0,2023-05-12,107.0
4935,U1752,1588,Electric Drill,Tools,purchase,4.7,1,2024-01-31,
4936,U1961,4712,Carpet Cleaner,Cleaning,purchase,3.1,1,2023-05-01,
4937,U0766,2173,Basement Dehumidifier,Outdoor,wishlist,4.3,0,2024-02-29,
4938,U0788,333,Home Server,Networking,view,,0,2024-06-06,13.0
4939,U0778,2435,Aquarium Filter,Pet,view,,0,2023-06-18,37.0
4940,U1910,2739,Pool Pump,Outdoor,view,,0,2023-01-26,154.0
4941,U1579,2030,Aquarium Heater,Pet,view,,0,2023-04-27,26.0
4942,U0483,3692,Pool Heater,Outdoor,view,,0,2024-10-15,2.0
4943,U0679,127,Massager,Personal Care,view,,0,2024-04-05,15.0
4944,U1775,1002,UV Water Purifier,Bathroom,view,,0,2023-06-25,54.0
4945,U0113,165,Wall Clock,Decor,purchase,3.1,1,2023-12-28,
4946,U1142,1500,Automatic Pet Water Fountain,Pet,purchase,4.9,1,2024-11-03,
4947,U0915,4779,Foot Massager,Personal Care,wishlist,4.9,0,2024-01-17,
4948,U1134,2344,Digital Safe,Security,view,,0,2024-09-13,136.0
4949,U0645,4816,Fabric Shaver,Laundry,view,,0,2023-05-12,170.0
4950,U0077,1180,Countertop Dishwasher,Cleaning,add_to_cart,,0,2023-06-04,
4951,U0914,459,Alarm System,Security,purchase,4.0,1,2024-08-06,
4952,U0423,1515,Heating Pad,Personal Care,add_to_cart,,0,2024-03-18,
4953,U1908,2604,Robot Vacuum,Cleaning,view,,0,2024-12-21,16.0
4954,U0595,2462,Hair Curler,Personal Care,view,,0,2024-01-10,144.0
4955,U0992,1742,Freezer,Kitchen,add_to_cart,,0,2024-08-01,
4956,U1057,1643,Foot Massager,Personal Care,view,,0,2024-02-06,15.0
4957,U0069,3941,Water Boiler,Kitchen,add_to_cart,,0,2023-09-29,
4958,U1424,4674,Rice Cooker,Kitchen,purchase,3.3,1,2024-12-28,
4959,U0181,1404,Streaming Device,Entertainment,view,,0,2024-06-26,2.0
4960,U0579,430,Bottle Sterilizer,Kitchen,purchase,5.0,1,2024-03-03,
4961,U1308,2936,Blu Ray Player,Entertainment,view,,0,2023-09-19,1.0
4962,U0921,2250,Robot Vacuum,Cleaning,add_to_cart,,0,2023-03-06,
4963,U0929,906,Window Air Conditioner,Climate,add_to_cart,,0,2023-10-23,
4964,U1787,4834,Deep Fryer,Kitchen,view,,0,2023-01-06,246.0
4965,U0989,2074,Garage Door Motor,Outdoor,view,,0,2023-12-26,17.0
4966,U1596,1906,Coffee Grinder,Kitchen,purchase,3.8,1,2024-08-15,
4967,U1970,3831,Dehumidifier,Climate,view,,0,2024-01-01,189.0
4968,U1169,1274,Sewing Machine,Hobby,view,,0,2024-12-15,161.0
4969,U0745,306,Massager,Personal Care,add_to_cart,,0,2023-10-04,
4970,U0622,4821,Smart Bulb,Smart Home,add_to_cart,,0,2024-07-12,
4971,U0136,697,Smart Plug,Smart Home,add_to_cart,,0,2023-07-29,
4972,U0841,3105,Video Doorbell,Security,view,,0,2023-12-17,206.0
4973,U0590,4188,Carpet Cleaner,Cleaning,purchase,5.0,1,2024-07-09,
4974,U1068,4599,Can Opener,Kitchen,view,,0,2023-07-19,33.0
4975,U1603,1402,Smart Curtain Motor,Smart Home,add_to_cart,,0,2023-09-16,
4976,U0733,1202,Waffle Maker,Kitchen,add_to_cart,,0,2023-12-29,
4977,U1518,3750,Space Heater,Climate,view,,0,2023-04-24,127.0
4978,U0218,3743,Thermostat,Climate,purchase,3.8,1,2024-02-24,
4979,U0727,1716,Network Attached Storage,Networking,view,,0,2024-10-22,66.0
4980,U0132,3348,Built In Oven,Kitchen,view,,0,2023-12-23,49.0
4981,U1416,376,Trash Compactor,Kitchen,purchase,4.8,1,2023-01-22,
4982,U1489,58,Printer,Tools,add_to_cart,,0,2023-11-30,
4983,U0537,2294,Modem,Networking,add_to_cart,,0,2024-01-12,
4984,U1209,113,Smart Speaker,Entertainment,purchase,4.3,1,2024-07-18,
4985,U0649,1330,Massage Chair,Personal Care,add_to_cart,,0,2024-01-30,
4986,U1180,1811,Smart Door Lock,Security,add_to_cart,,0,2023-04-18,
4987,U1064,3609,Robot Vacuum,Cleaning,view,,0,2024-06-29,337.0
4988,U0808,1309,RO Purifier,Bathroom,add_to_cart,,0,2023-08-01,
4989,U1146,685,Electric Shaver,Personal Care,view,,0,2023-02-01,114.0
4990,U0883,3893,Home Automation Controller,Networking,purchase,2.8,1,2023-11-18,
4991,U1302,2695,Video Doorbell,Security,view,,0,2024-08-27,214.0
4992,U0154,3161,UPS,Power,view,,0,2023-10-24,157.0
4993,U1900,952,Clock,Decor,view,,0,2023-12-25,192.0
4994,U0446,1335,Electric Pressure Cooker,Kitchen,view,,0,2024-11-01,149.0
4995,U0098,31,Slow Cooker,Kitchen,add_to_cart,,0,2023-07-22,
4996,U1453,1599,Air Cooler,Climate,purchase,4.4,1,2023-01-01,
4997,U1423,1704,Digital Safe,Security,add_to_cart,,0,2024-04-22,
4998,U0740,904,Water Pump,Outdoor,purchase,3.5,1,2023-11-10,
4999,U1763,4594,Air Fryer,Kitchen,purchase,3.0,1,2024-04-06,
5000,U0643,4980,Smart Curtain Motor,Smart Home,view,,0,2023-12-08,113.0
5001,U0535,2194,Central Vacuum System,Cleaning,view,,0,2023-09-16,76.0
5002,U1708,3406,Electric Drill,Tools,view,,0,2023-11-30,414.0
5003,U0416,3529,Door Intercom,Security,wishlist,5.0,0,2023-07-22,
5004,U0062,1882,Terrarium Heater,Pet,add_to_cart,,0,2023-09-04,
5005,U1514,976,Espresso Machine,Kitchen,add_to_cart,,0,2023-07-17,
5006,U0875,2212,Angle Grinder,Tools,view,,0,2023-04-28,135.0
5007,U0015,2811,Voltage Stabilizer,Power,purchase,3.7,1,2023-10-27,
5008,U0443,1598,Hot Plate,Kitchen,purchase,4.0,1,2024-05-02,
5009,U1798,1088,Air Quality Monitor,Smart Home,view,,0,2024-07-25,16.0
5010,U0528,264,Smart Plug,Smart Home,view,,0,2024-09-18,120.0
5011,U1914,3705,Cold Press Juicer,Kitchen,view,,0,2023-09-01,10.0
5012,U0956,1549,Chainsaw,Tools,view,,0,2023-05-29,33.0
5013,U0710,508,Carpet Cleaner,Cleaning,purchase,4.2,1,2024-07-23,
5014,U0740,4805,Leaf Blower,Tools,purchase,4.2,1,2024-10-07,
5015,U1735,4403,Dishwasher,Cleaning,add_to_cart,,0,2024-11-07,
5016,U0306,792,Router,Networking,purchase,4.5,1,2024-05-27,
5017,U1810,202,Shoe Dryer,Laundry,add_to_cart,,0,2023-01-03,
5018,U0558,4046,Electric Toothbrush,Personal Care,add_to_cart,,0,2023-10-14,
5019,U1507,2702,Countertop Dishwasher,Cleaning,view,,0,2023-01-30,8.0
5020,U1829,462,Handheld Vacuum,Cleaning,add_to_cart,,0,2024-05-24,
5021,U0349,3302,Epilator,Personal Care,add_to_cart,,0,2023-06-26,
5022,U1023,2186,Pool Pump,Outdoor,wishlist,2.9,0,2023-07-15,
5023,U1948,4860,Wall Clock,Decor,view,,0,2024-06-03,131.0
5024,U0992,4502,Steam Iron,Laundry,view,,0,2024-02-02,99.0
5025,U1080,4584,Hedge Trimmer,Tools,add_to_cart,,0,2023-07-07,
5026,U0566,2581,Wall Clock,Decor,view,,0,2023-12-06,12.0
5027,U1475,2467,Door Intercom,Security,wishlist,4.2,0,2023-11-26,
5028,U1599,1772,Massager,Personal Care,view,,0,2023-05-01,22.0
5029,U0767,1757,Steam Iron,Laundry,view,,0,2023-03-31,52.0
5030,U1589,2180,Clothes Dryer,Laundry,view,,0,2024-07-18,141.0
5031,U0686,452,Electric Vehicle Charger,Power,view,,0,2023-09-24,3.0
5032,U1838,3170,Towel Warmer,Bathroom,purchase,2.7,1,2024-06-30,
5033,U1124,3120,Tea Maker,Kitchen,wishlist,4.3,0,2024-04-25,
5034,U1384,3499,Smart TV,Entertainment,add_to_cart,,0,2023-07-29,
5035,U0612,2848,Ceiling Fan,Climate,purchase,4.4,1,2023-08-20,
5036,U1832,2231,Misting Fan,Climate,add_to_cart,,0,2023-07-16,
5037,U1296,1124,Steam Cleaner,Cleaning,purchase,4.3,1,2023-03-15,
5038,U1230,2475,Range Hood,Kitchen,add_to_cart,,0,2023-03-24,
5039,U0121,3070,Massager,Personal Care,view,,0,2023-07-24,215.0
5040,U1658,51,Carpet Cleaner,Cleaning,view,,0,2024-12-14,217.0
5041,U1230,1869,Cotton Candy Machine,Hobby,purchase,4.3,1,2024-07-27,
5042,U0119,137,Knitting Machine,Hobby,purchase,3.7,1,2024-03-24,
5043,U1415,364,RO Purifier,Bathroom,add_to_cart,,0,2024-09-01,
5044,U0563,2932,Hot Plate,Kitchen,wishlist,4.4,0,2024-12-22,
5045,U1791,2211,Trash Compactor,Kitchen,add_to_cart,,0,2024-07-05,
5046,U1403,3717,Central Air Conditioner,Climate,add_to_cart,,0,2023-03-20,
5047,U0769,2698,Mini Fridge,Kitchen,add_to_cart,,0,2023-04-13,
5048,U0513,192,WiFi Extender,Networking,view,,0,2024-12-25,470.0
5049,U0590,1689,Floor Polisher,Cleaning,add_to_cart,,0,2023-08-06,
5050,U0675,1755,Lawn Mower,Tools,add_to_cart,,0,2023-12-03,
5051,U0848,2139,Hair Curler,Personal Care,view,,0,2023-03-31,27.0
5052,U1197,2928,Clock,Decor,view,,0,2023-04-08,164.0
5053,U0156,2578,Convection Microwave,Kitchen,view,,0,2024-08-13,233.0
5054,U1708,3991,Water Pump,Outdoor,add_to_cart,,0,2024-04-17,
5055,U0117,1833,Food Dehydrator,Kitchen,add_to_cart,,0,2023-03-23,
5056,U1543,363,Pressure Washer,Cleaning,view,,0,2024-07-04,181.0
5057,U1094,3063,Sous Vide Cooker,Kitchen,view,,0,2023-04-20,62.0
5058,U0249,3012,Router,Networking,add_to_cart,,0,2023-10-06,
5059,U0950,4623,Pet Feeder,Pet,add_to_cart,,0,2024-03-31,
5060,U1873,443,Electric Lunch Box,Kitchen,view,,0,2024-10-04,53.0
5061,U1878,2367,Soundbar,Entertainment,add_to_cart,,0,2024-07-19,
5062,U1634,4740,Landline Phone,Smart Home,wishlist,4.4,0,2023-05-05,
5063,U0003,1512,Food Dehydrator,Kitchen,wishlist,3.4,0,2023-12-26,
5064,U1014,2580,WiFi Extender,Networking,view,,0,2024-06-26,114.0
5065,U1805,251,Landline Phone,Smart Home,view,,0,2023-02-27,154.0
5066,U1286,2172,CCTV System,Security,view,,0,2024-02-18,40.0
5067,U1548,546,Electric Mop,Cleaning,view,,0,2024-08-19,364.0
5068,U0004,453,Home Sauna,Fitness,view,,0,2024-09-12,83.0
5069,U0105,36,Drip Coffee Maker,Kitchen,view,,0,2024-06-27,12.0
5070,U0728,1251,Sandwich Maker,Kitchen,wishlist,3.4,0,2023-09-11,
5071,U1195,2542,Mixer Grinder,Kitchen,view,,0,2023-08-13,6.0
5072,U1132,1518,Printer,Tools,add_to_cart,,0,2024-08-09,
5073,U1473,3578,Water Flosser,Personal Care,add_to_cart,,0,2024-04-28,
5074,U0499,3822,Steam Cleaner,Cleaning,purchase,5.0,1,2024-02-17,
5075,U1934,3355,Voltage Stabilizer,Power,view,,0,2023-05-22,233.0
5076,U0673,1232,Electric Toothbrush,Personal Care,wishlist,4.1,0,2024-01-29,
5077,U0021,1309,RO Purifier,Bathroom,view,,0,2023-01-14,260.0
5078,U0731,3637,Television,Entertainment,purchase,4.4,1,2023-02-05,
5079,U1358,1189,Smart Bulb,Smart Home,add_to_cart,,0,2023-02-23,
5080,U0799,3392,Aquarium Filter,Pet,add_to_cart,,0,2024-05-22,
5081,U0292,1589,Mini Washing Machine,Laundry,wishlist,4.1,0,2024-10-09,
5082,U1799,2762,Set Top Box,Entertainment,purchase,5.0,1,2023-02-10,
5083,U1740,4779,Foot Massager,Personal Care,add_to_cart,,0,2024-01-02,
5084,U0942,32,Hand Mixer,Kitchen,wishlist,4.6,0,2024-03-19,
5085,U0450,2515,Bidet Seat,Bathroom,purchase,4.8,1,2023-05-01,
5086,U1446,2918,Pet Feeder,Pet,view,,0,2023-09-20,15.0
5087,U1361,4635,Clothesline Dryer,Laundry,wishlist,3.6,0,2024-05-31,
5088,U1193,1144,Air Purifier,Climate,purchase,3.0,1,2024-07-30,
5089,U1951,3336,Dishwasher,Cleaning,view,,0,2024-12-05,165.0
5090,U1538,2427,Smart Refrigerator,Kitchen,purchase,4.9,1,2024-05-15,
5091,U0076,4568,Espresso Machine,Kitchen,view,,0,2023-02-27,265.0
5092,U0624,274,Slow Cooker,Kitchen,purchase,3.6,1,2024-10-28,
5093,U0169,795,Digital Safe,Security,view,,0,2024-04-27,29.0
5094,U1178,3997,Home Automation Controller,Networking,add_to_cart,,0,2024-12-09,
5095,U0867,617,Printer,Tools,purchase,3.6,1,2024-11-01,
5096,U1636,4158,Heating Pad,Personal Care,view,,0,2023-04-08,201.0
5097,U1069,441,Water Filter,Bathroom,wishlist,3.1,0,2023-05-31,
5098,U0181,3699,Emergency Light,Security,add_to_cart,,0,2023-11-02,
5099,U0408,3529,Door Intercom,Security,wishlist,5.0,0,2024-06-27,
5100,U0705,4361,Landline Phone,Smart Home,purchase,5.0,1,2023-04-05,
5101,U1700,55,Smart Door Lock,Security,view,,0,2023-01-18,61.0
5102,U1369,1075,Hot Plate,Kitchen,add_to_cart,,0,2024-05-12,
5103,U0011,1926,Video Doorbell,Security,wishlist,4.7,0,2023-12-28,
5104,U0403,4155,Cotton Candy Machine,Hobby,add_to_cart,,0,2024-03-01,
5105,U0548,2192,Dough Maker,Kitchen,wishlist,3.6,0,2024-08-12,
5106,U1817,808,Electric Toothbrush,Personal Care,add_to_cart,,0,2023-01-01,
5107,U0852,122,Countertop Dishwasher,Cleaning,wishlist,4.9,0,2023-03-05,
5108,U0333,4723,Streaming Device,Entertainment,view,,0,2024-05-07,41.0
5109,U1000,3954,Massage Chair,Personal Care,purchase,4.2,1,2023-05-30,
5110,U1592,913,Fermentation Crock,Hobby,view,,0,2023-01-28,71.0
5111,U0938,4810,Induction Cooktop,Kitchen,add_to_cart,,0,2024-12-18,
5112,U0220,2404,WiFi Extender,Networking,view,,0,2023-01-09,246.0
5113,U1876,4921,Soundbar,Entertainment,wishlist,4.1,0,2023-09-03,
5114,U0229,455,Home Automation Controller,Networking,purchase,3.3,1,2023-04-01,
5115,U1381,2106,Electric Fireplace,Climate,wishlist,3.3,0,2024-11-13,
5116,U1556,521,Fermentation Crock,Hobby,wishlist,4.5,0,2024-04-22,
5117,U0564,510,Home Sauna,Fitness,wishlist,3.4,0,2023-04-27,
5118,U0840,3327,Modem,Networking,purchase,3.3,1,2024-02-04,
5119,U1950,1283,Smart Oven,Kitchen,add_to_cart,,0,2024-05-02,
5120,U0138,4034,Wall Clock,Decor,view,,0,2023-04-16,1.0
5121,U0811,1149,Landline Phone,Smart Home,purchase,3.0,1,2023-05-19,
5122,U1007,4999,Deep Fryer,Kitchen,purchase,4.2,1,2023-09-03,
5123,U0977,1024,Electric Stove,Kitchen,view,,0,2023-09-25,173.0
5124,U0330,3079,Cold Press Juicer,Kitchen,add_to_cart,,0,2023-08-03,
5125,U0421,3916,Air Conditioner,Climate,view,,0,2023-03-30,56.0
5126,U1175,2,Electric Scooter Charger,Power,view,,0,2023-06-15,34.0
5127,U1329,3756,Coffee Grinder,Kitchen,purchase,4.9,1,2023-06-18,
5128,U0588,3968,Scanner,Tools,view,,0,2023-06-02,56.0
5129,U1318,4549,Router,Networking,view,,0,2023-01-26,97.0
5130,U0275,75,Clock,Decor,view,,0,2023-02-21,76.0
5131,U0054,169,Digital Safe,Security,view,,0,2023-08-27,115.0
5132,U0168,401,Video Doorbell,Security,wishlist,3.7,0,2024-11-17,
5133,U0179,2990,Emergency Light,Security,purchase,4.5,1,2024-05-28,
5134,U0950,1002,UV Water Purifier,Bathroom,purchase,4.7,1,2024-01-24,
5135,U1944,577,3D Printer,Hobby,view,,0,2024-08-13,152.0
5136,U0993,3875,Smart Hub,Networking,view,,0,2024-12-30,91.0
5137,U1463,344,Sandwich Maker,Kitchen,view,,0,2024-09-07,54.0
5138,U0942,4549,Router,Networking,add_to_cart,,0,2024-03-03,
5139,U1640,293,CCTV System,Security,add_to_cart,,0,2024-05-16,
5140,U1033,1752,Carpet Cleaner,Cleaning,wishlist,5.0,0,2024-06-02,
5141,U0300,531,Roti Maker,Kitchen,view,,0,2023-10-02,138.0
5142,U1377,397,Ice Cream Maker,Kitchen,purchase,5.0,1,2024-09-04,
5143,U0497,4653,Mini Fridge,Kitchen,view,,0,2023-04-16,3.0
5144,U0970,3680,Door Intercom,Security,view,,0,2024-04-27,14.0
5145,U0011,60,Hair Straightener,Personal Care,add_to_cart,,0,2024-09-28,
5146,U0279,2993,Smart Bulb,Smart Home,view,,0,2024-02-29,9.0
5147,U1325,3252,Hair Curler,Personal Care,view,,0,2023-10-30,267.0
5148,U0756,2821,Label Maker,Tools,add_to_cart,,0,2024-07-07,
5149,U1768,4502,Steam Iron,Laundry,add_to_cart,,0,2023-10-10,
5150,U0740,4616,Bladeless Fan,Climate,view,,0,2023-10-22,169.0
5151,U1653,4537,Booster Pump,Outdoor,view,,0,2024-04-09,19.0
5152,U0957,61,Electric Stove,Kitchen,purchase,4.2,1,2023-07-13,
5153,U0364,2730,Smart Dryer,Laundry,purchase,3.1,1,2023-01-19,
5154,U1348,4199,Sewing Machine,Hobby,view,,0,2024-08-29,44.0
5155,U0439,417,Water Pump,Outdoor,view,,0,2024-05-13,77.0
5156,U0105,4843,Smart TV,Entertainment,view,,0,2023-03-14,178.0
5157,U1632,859,Chapati Maker,Kitchen,purchase,3.4,1,2023-02-06,
5158,U0632,503,Aquarium Filter,Pet,add_to_cart,,0,2023-01-20,
5159,U1895,2849,Projector,Entertainment,purchase,4.1,1,2023-05-25,
5160,U1516,708,Smart Plug,Smart Home,wishlist,5.0,0,2023-01-10,
5161,U1746,2761,Panini Press,Kitchen,wishlist,5.0,0,2023-04-03,
5162,U1104,1354,Meat Grinder,Kitchen,wishlist,5.0,0,2024-11-05,
5163,U0713,2098,Slow Cooker,Kitchen,purchase,5.0,1,2023-04-22,
5164,U0632,826,Central Air Conditioner,Climate,purchase,4.1,1,2024-06-06,
5165,U0315,2375,Pressure Washer,Cleaning,view,,0,2023-07-28,8.0
5166,U0388,569,Countertop Dishwasher,Cleaning,view,,0,2024-11-26,51.0
5167,U1617,35,Sprinkler System,Tools,view,,0,2023-03-27,70.0
5168,U1528,259,Blu Ray Player,Entertainment,view,,0,2024-03-11,178.0
5169,U0313,2275,Lint Remover,Laundry,view,,0,2023-06-19,360.0
5170,U1705,3980,Ice Crusher,Kitchen,view,,0,2023-04-22,27.0
5171,U0161,394,Smart Vacuum,Cleaning,add_to_cart,,0,2024-11-11,
5172,U0232,1002,UV Water Purifier,Bathroom,wishlist,5.0,0,2024-01-29,
5173,U1370,3742,Rice Cooker,Kitchen,wishlist,5.0,0,2023-10-18,
5174,U0682,4216,Bathroom Exhaust Fan,Bathroom,purchase,3.6,1,2024-04-16,
5175,U0228,278,Hair Curler,Personal Care,add_to_cart,,0,2024-05-15,
5176,U1218,642,Door Intercom,Security,purchase,4.5,1,2024-06-29,
5177,U1356,2262,Air Quality Monitor,Smart Home,add_to_cart,,0,2024-12-12,
5178,U0943,68,Subwoofer,Entertainment,view,,0,2024-02-16,73.0
5179,U1674,4355,WiFi Extender,Networking,add_to_cart,,0,2023-07-18,
5180,U0848,1701,Aquarium Filter,Pet,add_to_cart,,0,2024-10-27,
5181,U0193,876,Electric Mop,Cleaning,wishlist,3.3,0,2024-03-14,
5182,U1738,2292,Tankless Water Heater,Bathroom,view,,0,2023-09-15,83.0
5183,U1835,2318,Modem,Networking,view,,0,2023-10-18,8.0
5184,U0181,4603,Electric Knife,Kitchen,view,,0,2023-03-30,9.0
5185,U0033,4291,Built In Oven,Kitchen,view,,0,2024-06-20,178.0
5186,U1976,4403,Dishwasher,Cleaning,add_to_cart,,0,2023-11-28,
5187,U1137,30,Fermentation Crock,Hobby,add_to_cart,,0,2023-11-19,
5188,U0289,4752,Portable Dishwasher,Cleaning,add_to_cart,,0,2023-07-18,
5189,U1170,4106,Door Intercom,Security,view,,0,2023-10-15,365.0
5190,U0926,2272,Range Hood,Kitchen,view,,0,2024-01-13,239.0
5191,U0355,4046,Electric Toothbrush,Personal Care,view,,0,2024-11-28,70.0
5192,U0834,2808,Water Boiler,Kitchen,add_to_cart,,0,2024-05-04,
5193,U0214,1993,Scanner,Tools,view,,0,2024-11-02,1.0
5194,U0980,1798,Router,Networking,add_to_cart,,0,2024-06-21,
5195,U0449,3107,Water Softener,Bathroom,view,,0,2024-02-08,52.0
5196,U1499,1697,Steam Cleaner,Cleaning,view,,0,2024-05-31,263.0
5197,U0494,1813,Steam Iron,Laundry,wishlist,4.9,0,2024-07-01,
5198,U0196,1075,Hot Plate,Kitchen,purchase,4.1,1,2024-02-15,
5199,U0512,3437,Window Cleaner Robot,Cleaning,wishlist,4.2,0,2023-09-19,
5200,U0961,411,Scanner,Tools,purchase,4.7,1,2024-01-23,
5201,U0686,905,Electric Shaver,Personal Care,purchase,3.9,1,2024-07-29,
5202,U0279,2757,Angle Grinder,Tools,purchase,4.8,1,2024-12-24,
5203,U0836,1951,Electric Mop,Cleaning,purchase,3.5,1,2024-11-05,
5204,U0551,1809,Pet Feeder,Pet,view,,0,2023-11-13,352.0
5205,U1931,204,Smart Garage Door Opener,Security,view,,0,2023-03-22,91.0
5206,U1335,3061,Laminator,Tools,purchase,5.0,1,2023-10-08,
5207,U0180,2789,Exhaust Fan,Climate,add_to_cart,,0,2024-11-22,
5208,U0106,4009,Electric Stove,Kitchen,add_to_cart,,0,2023-04-16,
5209,U0004,2774,Aquarium Filter,Pet,view,,0,2023-05-29,8.0
5210,U1532,2840,UV Water Purifier,Bathroom,wishlist,3.1,0,2023-05-21,
5211,U0610,3546,Network Attached Storage,Networking,view,,0,2024-01-04,88.0
5212,U1123,82,Home Server,Networking,view,,0,2024-12-13,100.0
5213,U1790,3509,Juicer,Kitchen,view,,0,2023-02-20,791.0
5214,U1833,595,Electric Drill,Tools,view,,0,2023-08-06,23.0
5215,U1171,1380,Home Server,Networking,add_to_cart,,0,2024-08-25,
5216,U1402,1307,Massage Chair,Personal Care,view,,0,2024-09-30,29.0
5217,U1077,2392,Geyser,Bathroom,view,,0,2024-07-28,136.0
5218,U0798,3047,UV Water Purifier,Bathroom,purchase,3.5,1,2024-09-11,
5219,U1603,4258,Handheld Vacuum,Cleaning,view,,0,2024-11-24,82.0
5220,U1580,4829,Water Heater,Bathroom,add_to_cart,,0,2024-08-16,
5221,U1195,1115,Soundbar,Entertainment,purchase,4.4,1,2023-02-28,
5222,U0376,1205,Home Theater System,Entertainment,purchase,3.9,1,2024-06-24,
5223,U1909,1896,Citrus Juicer,Kitchen,add_to_cart,,0,2023-01-23,
5224,U1195,3637,Television,Entertainment,purchase,4.3,1,2024-08-23,
5225,U0189,1988,Water Pump,Outdoor,view,,0,2023-05-03,358.0
5226,U0547,1732,Hair Curler,Personal Care,purchase,4.4,1,2024-10-16,
5227,U0198,1149,Landline Phone,Smart Home,wishlist,3.0,0,2024-12-09,
5228,U0435,4370,Water Filter,Bathroom,view,,0,2023-05-11,41.0
5229,U1727,1055,Carpet Cleaner,Cleaning,add_to_cart,,0,2023-10-05,
5230,U1290,3614,Sewing Machine,Hobby,purchase,4.1,1,2023-06-14,
5231,U1089,328,Ceiling Fan,Climate,wishlist,3.2,0,2024-10-30,
5232,U1596,3342,Crepe Maker,Kitchen,view,,0,2023-12-18,95.0
5233,U1690,2714,Bidet Seat,Bathroom,view,,0,2023-03-03,361.0
5234,U0360,4918,Automatic Pet Water Fountain,Pet,purchase,3.8,1,2024-11-25,
5235,U1439,16,Smart Switch,Smart Home,view,,0,2024-06-12,49.0
5236,U1312,3831,Dehumidifier,Climate,wishlist,5.0,0,2024-09-30,
5237,U1185,4015,Smoke Detector,Security,wishlist,5.0,0,2024-08-19,
5238,U0151,633,Countertop Dishwasher,Cleaning,purchase,5.0,1,2024-01-21,
5239,U0108,4954,Pet Feeder,Pet,view,,0,2023-03-30,197.0
5240,U0142,1334,Jacuzzi Pump,Bathroom,add_to_cart,,0,2024-12-20,
5241,U0753,1077,Smart Switch,Smart Home,purchase,2.8,1,2023-11-04,
5242,U1340,3316,DVD Player,Entertainment,purchase,3.4,1,2023-03-22,
5243,U1176,849,Hair Dryer,Personal Care,view,,0,2024-01-04,35.0
5244,U1787,3361,Geyser,Bathroom,purchase,4.3,1,2024-04-09,
5245,U1576,4254,3D Printer,Hobby,wishlist,3.9,0,2024-10-24,
5246,U1787,4809,RO Purifier,Bathroom,view,,0,2024-09-27,21.0
5247,U0588,1655,Cold Press Juicer,Kitchen,add_to_cart,,0,2023-01-06,
5248,U0631,2357,Coffee Maker,Kitchen,purchase,4.2,1,2023-02-18,
5249,U0945,653,Electric Pressure Cooker,Kitchen,purchase,5.0,1,2024-04-05,
5250,U0938,2284,Built In Oven,Kitchen,add_to_cart,,0,2023-06-02,
5251,U0547,4949,Home Automation Controller,Networking,purchase,4.7,1,2024-05-22,
5252,U1923,3661,Espresso Machine,Kitchen,add_to_cart,,0,2024-02-19,
5253,U1558,274,Slow Cooker,Kitchen,view,,0,2024-06-29,186.0
5254,U0360,364,RO Purifier,Bathroom,purchase,4.6,1,2023-03-20,
5255,U0111,2694,Milk Frother,Kitchen,wishlist,4.3,0,2024-03-16,
5256,U0036,1269,Pet Feeder,Pet,wishlist,2.8,0,2023-01-05,
5257,U1302,2795,Garment Steamer,Laundry,add_to_cart,,0,2023-04-23,
5258,U0059,984,Citrus Juicer,Kitchen,add_to_cart,,0,2023-02-02,
5259,U0942,3150,Smart Garage Door Opener,Security,view,,0,2024-01-20,141.0
5260,U0026,1924,Smart Switch,Smart Home,view,,0,2023-05-10,2.0
5261,U0506,3725,Booster Pump,Outdoor,purchase,5.0,1,2023-02-09,
5262,U0745,4722,Air Quality Monitor,Smart Home,view,,0,2024-10-14,77.0
5263,U0014,4279,Iron,Laundry,purchase,5.0,1,2023-09-25,
5264,U1638,978,Smart Curtain Motor,Smart Home,purchase,4.4,1,2024-09-05,
5265,U1614,935,Pressure Washer,Cleaning,purchase,5.0,1,2023-09-19,
5266,U1734,200,Ice Crusher,Kitchen,view,,0,2024-10-10,343.0
5267,U0141,1867,Electric Toothbrush,Personal Care,view,,0,2023-06-28,205.0
5268,U1502,4266,Carpet Cleaner,Cleaning,purchase,5.0,1,2024-07-09,
5269,U1296,1861,Range Hood,Kitchen,add_to_cart,,0,2024-11-15,
5270,U0814,362,Attic Fan,Climate,add_to_cart,,0,2023-03-31,
5271,U0062,1906,Coffee Grinder,Kitchen,add_to_cart,,0,2023-03-13,
5272,U0159,4181,Water Heater,Bathroom,view,,0,2023-02-16,37.0
5273,U1558,4104,Sprinkler System,Tools,view,,0,2024-07-17,67.0
5274,U1292,2860,Smart Plug,Smart Home,view,,0,2024-02-02,107.0
5275,U0133,4438,Air Quality Monitor,Smart Home,add_to_cart,,0,2024-06-07,
5276,U0282,1413,Window Cleaner Robot,Cleaning,purchase,4.2,1,2023-03-15,
5277,U1571,953,Epilator,Personal Care,add_to_cart,,0,2023-07-02,
5278,U0133,2278,Bidet Seat,Bathroom,purchase,4.9,1,2024-05-08,
5279,U1176,2194,Central Vacuum System,Cleaning,view,,0,2023-07-28,68.0
5280,U0920,656,Hedge Trimmer,Tools,add_to_cart,,0,2024-07-08,
5281,U0501,539,Bathroom Exhaust Fan,Bathroom,purchase,3.6,1,2024-08-04,
5282,U0535,2555,Coffee Maker,Kitchen,add_to_cart,,0,2023-11-27,
5283,U0721,4035,Foot Massager,Personal Care,purchase,3.3,1,2023-11-29,
5284,U1970,4239,Air Quality Monitor,Smart Home,wishlist,3.8,0,2024-04-25,
5285,U1589,2803,Router,Networking,view,,0,2023-08-24,32.0
5286,U1281,4458,Mini Fridge,Kitchen,wishlist,3.7,0,2023-07-14,
5287,U0965,515,Portable Dishwasher,Cleaning,add_to_cart,,0,2024-05-12,
5288,U1399,2520,Hand Mixer,Kitchen,view,,0,2024-08-14,22.0
5289,U0011,3147,Floor Polisher,Cleaning,purchase,4.4,1,2024-03-22,
5290,U1386,618,Projector,Entertainment,add_to_cart,,0,2024-08-02,
5291,U1900,1649,Smart Switch,Smart Home,add_to_cart,,0,2024-01-31,
5292,U0902,2643,Electric Mop,Cleaning,purchase,4.6,1,2024-11-06,
5293,U0304,597,Home Server,Networking,view,,0,2024-07-24,108.0
5294,U1825,3578,Water Flosser,Personal Care,view,,0,2023-07-20,108.0
5295,U0588,1685,Aquarium Filter,Pet,purchase,3.4,1,2024-02-16,
5296,U1097,4161,Pressure Washer,Cleaning,purchase,4.4,1,2024-12-14,
5297,U1083,4014,Trimmer,Personal Care,purchase,4.8,1,2023-04-09,
5298,U0419,1300,Hot Plate,Kitchen,view,,0,2023-08-05,129.0
5299,U0891,3601,Mixer Grinder,Kitchen,add_to_cart,,0,2024-09-20,
5300,U0873,2491,Crepe Maker,Kitchen,purchase,3.6,1,2024-11-02,
5301,U1860,3134,Carbon Monoxide Detector,Security,view,,0,2024-10-24,157.0
5302,U1764,4215,Electric Blanket,Personal Care,purchase,4.4,1,2023-11-11,
5303,U0419,2768,Refrigerator,Kitchen,view,,0,2024-10-20,28.0
5304,U0692,3900,Pressure Cooker,Kitchen,purchase,3.6,1,2024-11-15,
5305,U0396,738,Electric Oven,Kitchen,view,,0,2023-12-05,53.0
5306,U1132,3157,Gaming Console,Entertainment,view,,0,2023-12-14,115.0
5307,U1283,1704,Digital Safe,Security,purchase,4.9,1,2024-10-21,
5308,U0941,32,Hand Mixer,Kitchen,wishlist,5.0,0,2024-03-15,
5309,U0098,4687,Toaster Oven,Kitchen,add_to_cart,,0,2023-07-15,
5310,U1777,2022,Hot Dog Maker,Kitchen,view,,0,2024-05-30,26.0
5311,U0048,3790,Epilator,Personal Care,view,,0,2024-05-27,60.0
5312,U1892,525,Electric Knife,Kitchen,purchase,5.0,1,2023-12-28,
5313,U0984,1490,Ceiling Fan,Climate,view,,0,2024-10-20,63.0
5314,U0564,1642,Misting Fan,Climate,view,,0,2023-08-07,76.0
5315,U0998,2169,RO Purifier,Bathroom,view,,0,2023-09-18,68.0
5316,U1648,3279,Tea Maker,Kitchen,view,,0,2023-12-30,21.0
5317,U0186,2946,Electric Mop,Cleaning,add_to_cart,,0,2023-08-20,
5318,U1018,36,Drip Coffee Maker,Kitchen,view,,0,2023-06-11,23.0
5319,U0090,976,Espresso Machine,Kitchen,wishlist,5.0,0,2023-12-20,
5320,U1233,3368,Electric Drill,Tools,purchase,4.2,1,2024-11-17,
5321,U1153,1746,Robot Vacuum,Cleaning,view,,0,2023-05-30,1.0
5322,U1997,3815,Chainsaw,Tools,view,,0,2023-09-29,477.0
5323,U0380,4152,Garment Steamer,Laundry,view,,0,2024-06-23,160.0
5324,U1351,353,Smart TV,Entertainment,add_to_cart,,0,2024-04-02,
5325,U1159,4111,Pressure Washer,Cleaning,view,,0,2023-10-27,2.0
5326,U0539,2125,Carpet Cleaner,Cleaning,add_to_cart,,0,2023-11-06,
5327,U0363,631,Dishwasher,Cleaning,purchase,3.8,1,2024-05-19,
5328,U1640,458,Water Flosser,Personal Care,purchase,4.3,1,2023-09-03,
5329,U0675,725,Leaf Blower,Tools,view,,0,2024-12-13,263.0
5330,U0003,317,Vacuum Sealer,Kitchen,view,,0,2023-04-07,28.0
5331,U1143,2866,Slush Machine,Hobby,view,,0,2024-05-06,5.0
5332,U0222,4809,RO Purifier,Bathroom,view,,0,2024-08-24,59.0
5333,U1189,2803,Router,Networking,view,,0,2024-11-29,224.0
5334,U1126,4259,Electric Scooter Charger,Power,add_to_cart,,0,2023-03-11,
5335,U0688,2615,Router,Networking,add_to_cart,,0,2023-10-13,
5336,U0285,1146,Home Brewing Kit,Hobby,purchase,4.1,1,2023-10-24,
5337,U0201,3578,Water Flosser,Personal Care,view,,0,2023-06-27,296.0
5338,U0649,759,Air Fryer,Kitchen,view,,0,2023-01-10,8.0
5339,U0585,2396,Bathroom Exhaust Fan,Bathroom,view,,0,2023-10-30,95.0
5340,U0633,1909,Rowing Machine,Fitness,wishlist,4.1,0,2024-08-19,
5341,U1025,2485,Toaster Oven,Kitchen,view,,0,2024-03-05,63.0
5342,U0255,26,Smart Curtain Motor,Smart Home,purchase,5.0,1,2024-03-18,
5343,U0790,1098,Automatic Pet Water Fountain,Pet,purchase,4.9,1,2024-06-17,
5344,U0900,2597,Smart Bulb,Smart Home,purchase,4.4,1,2024-06-21,
5345,U0097,2609,Heater,Climate,purchase,2.5,1,2024-09-23,
5346,U1718,586,Scanner,Tools,purchase,4.9,1,2024-03-08,
5347,U1323,997,Countertop Dishwasher,Cleaning,view,,0,2024-12-08,0.0
5348,U1592,4060,Speakers,Entertainment,purchase,5.0,1,2024-02-14,
5349,U0205,1855,Electric Grill,Kitchen,purchase,5.0,1,2023-04-15,
5350,U0336,4350,Smart Dryer,Laundry,purchase,4.3,1,2024-12-04,
5351,U1751,4945,Network Attached Storage,Networking,view,,0,2024-03-26,154.0
5352,U1338,2317,Milk Frother,Kitchen,view,,0,2024-07-08,21.0
5353,U1122,1898,Laminator,Tools,purchase,3.9,1,2023-12-31,
5354,U1443,2648,Battery Charger,Power,wishlist,4.0,0,2024-04-29,
5355,U0081,2594,Carbon Monoxide Detector,Security,view,,0,2024-05-16,36.0
5356,U0487,485,Bathroom Exhaust Fan,Bathroom,add_to_cart,,0,2024-01-27,
5357,U1204,3459,Fabric Shaver,Laundry,view,,0,2023-06-23,176.0
5358,U1239,12,Wall Clock,Decor,purchase,3.5,1,2024-01-31,
5359,U0250,3450,Iron,Laundry,view,,0,2024-02-02,486.0
5360,U1616,693,Router,Networking,wishlist,4.0,0,2024-07-21,
5361,U1375,136,Space Heater,Climate,purchase,3.8,1,2024-03-15,
5362,U1191,183,Solar Panel Inverter,Power,view,,0,2024-09-18,41.0
5363,U1100,526,Tankless Water Heater,Bathroom,wishlist,4.1,0,2023-09-25,
5364,U0309,435,Mini Fridge,Kitchen,purchase,4.4,1,2023-01-25,
5365,U0681,988,Sous Vide Cooker,Kitchen,add_to_cart,,0,2024-08-31,
5366,U1458,1303,Steam Iron,Laundry,add_to_cart,,0,2023-11-09,
5367,U0346,526,Tankless Water Heater,Bathroom,wishlist,4.4,0,2023-10-19,
5368,U0501,1693,Handheld Vacuum,Cleaning,view,,0,2024-03-25,312.0
5369,U0713,3424,Basement Dehumidifier,Outdoor,purchase,5.0,1,2024-06-07,
5370,U1560,2058,Hair Dryer,Personal Care,view,,0,2024-03-28,119.0
5371,U0894,1111,Hair Curler,Personal Care,add_to_cart,,0,2024-11-27,
5372,U1307,1729,Attic Fan,Climate,view,,0,2024-08-04,297.0
5373,U1848,3012,Router,Networking,view,,0,2023-01-21,31.0
5374,U1575,802,Portable Air Conditioner,Climate,wishlist,4.9,0,2024-08-13,
5375,U0681,2582,Meat Grinder,Kitchen,add_to_cart,,0,2023-03-20,
5376,U0010,3332,Ice Maker,Kitchen,add_to_cart,,0,2024-02-02,
5377,U0831,685,Electric Shaver,Personal Care,view,,0,2023-12-05,61.0
5378,U0534,3238,Emergency Light,Security,purchase,4.1,1,2024-01-18,
5379,U0014,1723,Window Cleaner Robot,Cleaning,wishlist,3.3,0,2024-11-03,
5380,U1104,4052,Garbage Disposal,Kitchen,add_to_cart,,0,2023-09-30,
5381,U1154,2591,Scanner,Tools,wishlist,2.9,0,2024-09-04,
5382,U1652,1441,Wall Clock,Decor,add_to_cart,,0,2023-04-23,
5383,U1229,2071,Smart Hub,Networking,purchase,4.3,1,2023-12-25,
5384,U0829,3296,Exhaust Fan,Climate,view,,0,2023-12-31,61.0
5385,U0559,3757,Air Cooler,Climate,purchase,2.3,1,2023-05-30,
5386,U0117,3012,Router,Networking,add_to_cart,,0,2023-05-07,
5387,U1255,668,Heating Pad,Personal Care,view,,0,2024-04-01,69.0
5388,U0386,2029,Electric Vehicle Charger,Power,wishlist,3.9,0,2024-12-16,
5389,U0052,1759,Smart Plug,Smart Home,view,,0,2023-05-28,42.0
5390,U1756,2204,Cotton Candy Machine,Hobby,add_to_cart,,0,2023-06-19,
5391,U0396,3358,Sump Pump,Outdoor,purchase,4.8,1,2023-02-19,
5392,U1559,3798,Window Cleaner Robot,Cleaning,add_to_cart,,0,2024-05-19,
5393,U1601,1763,Tower Fan,Climate,view,,0,2024-08-13,41.0
5394,U0658,2477,Food Processor,Kitchen,view,,0,2023-10-29,122.0
5395,U1580,4791,Alarm Clock,Decor,purchase,4.8,1,2023-12-18,
5396,U0963,1154,OTG Oven,Kitchen,add_to_cart,,0,2024-01-01,
5397,U0199,3138,Inverter,Power,add_to_cart,,0,2023-04-05,
5398,U1280,1695,Built In Microwave,Kitchen,wishlist,5.0,0,2024-11-10,
5399,U1596,2612,Coffee Grinder,Kitchen,wishlist,3.8,0,2023-09-20,
5400,U1965,2751,Citrus Juicer,Kitchen,purchase,5.0,1,2023-05-21,
5401,U1810,358,Table Fan,Climate,wishlist,3.9,0,2023-06-27,
5402,U0357,1612,Sandwich Maker,Kitchen,view,,0,2023-12-04,48.0
5403,U0341,4669,Smart Bulb,Smart Home,view,,0,2024-03-12,33.0
5404,U0938,1873,Crepe Maker,Kitchen,view,,0,2024-12-14,391.0
5405,U0137,932,Central Vacuum System,Cleaning,purchase,3.3,1,2023-01-25,
5406,U1809,4436,Boot Warmer,Laundry,view,,0,2024-04-29,71.0
5407,U1212,1154,OTG Oven,Kitchen,purchase,3.7,1,2024-08-25,
5408,U1895,251,Landline Phone,Smart Home,view,,0,2023-04-14,74.0
5409,U1888,3307,Automatic Pet Water Fountain,Pet,purchase,2.7,1,2024-06-05,
5410,U1933,3087,Electric Fireplace,Climate,view,,0,2024-10-10,182.0
5411,U1215,895,Smart Speaker,Entertainment,add_to_cart,,0,2024-03-18,
5412,U0486,1922,Aquarium Filter,Pet,wishlist,4.4,0,2023-08-26,
5413,U0139,2553,Pool Heater,Outdoor,view,,0,2023-07-25,140.0
5414,U1846,1859,Sprinkler System,Tools,add_to_cart,,0,2024-10-15,
5415,U1125,3564,Electric Grill,Kitchen,add_to_cart,,0,2024-08-23,
5416,U1928,4294,Cooktop,Kitchen,add_to_cart,,0,2023-02-06,
5417,U0554,2682,Trimmer,Personal Care,purchase,4.7,1,2024-05-09,
5418,U1652,2345,Weather Station,Smart Home,purchase,4.2,1,2023-04-20,
5419,U1042,1595,Mini Fridge,Kitchen,add_to_cart,,0,2024-09-17,
5420,U0425,3993,Modem,Networking,purchase,4.4,1,2024-03-10,
5421,U0640,2855,Label Maker,Tools,purchase,4.2,1,2023-01-23,
5422,U1172,1852,Automatic Pet Water Fountain,Pet,view,,0,2023-04-03,89.0
5423,U0664,5000,Air Quality Monitor,Smart Home,wishlist,3.0,0,2023-01-31,
5424,U0198,3187,Deep Fryer,Kitchen,view,,0,2023-03-01,59.0
5425,U0973,1670,Electric Tandoor,Kitchen,add_to_cart,,0,2024-01-03,
5426,U0639,136,Space Heater,Climate,add_to_cart,,0,2024-05-13,
5427,U0414,1623,UV Water Purifier,Bathroom,view,,0,2024-04-23,25.0
5428,U1567,4775,3D Printer,Hobby,view,,0,2023-10-12,11.0
5429,U1523,3805,Air Quality Monitor,Smart Home,purchase,4.6,1,2024-02-20,
5430,U1619,1456,Window Cleaner Robot,Cleaning,view,,0,2024-07-04,193.0
5431,U1497,2960,Smart Plug,Smart Home,view,,0,2023-03-20,65.0
5432,U1181,1852,Automatic Pet Water Fountain,Pet,add_to_cart,,0,2023-07-18,
5433,U0981,602,Pool Heater,Outdoor,add_to_cart,,0,2024-06-05,
5434,U1100,3994,Knitting Machine,Hobby,view,,0,2024-01-07,5.0
5435,U0852,2734,Clothes Dryer,Laundry,add_to_cart,,0,2024-06-14,
5436,U0083,1901,Toaster,Kitchen,add_to_cart,,0,2023-08-25,
5437,U1295,3860,Garage Door Motor,Outdoor,add_to_cart,,0,2024-08-21,
5438,U0933,3051,Garbage Disposal,Kitchen,purchase,4.0,1,2024-12-19,
5439,U1818,4633,Tea Maker,Kitchen,view,,0,2023-02-02,3.0
5440,U0024,4357,Trimmer,Personal Care,purchase,3.4,1,2024-11-09,
5441,U0929,916,Ice Cream Maker,Kitchen,add_to_cart,,0,2024-11-10,
5442,U1103,2965,Terrarium Heater,Pet,add_to_cart,,0,2024-08-13,
5443,U0399,2445,Smart Dryer,Laundry,add_to_cart,,0,2023-06-18,
5444,U1693,2188,Bathroom Exhaust Fan,Bathroom,view,,0,2023-07-03,63.0
5445,U1385,539,Bathroom Exhaust Fan,Bathroom,purchase,4.2,1,2024-07-27,
5446,U1202,2645,Wall Clock,Decor,purchase,5.0,1,2023-08-07,
5447,U0081,511,Weather Station,Smart Home,view,,0,2023-10-12,139.0
5448,U1148,1846,Toaster Oven,Kitchen,purchase,4.3,1,2023-12-26,
5449,U1171,1119,CCTV System,Security,purchase,4.9,1,2023-11-08,
5450,U1294,4590,Carpet Cleaner,Cleaning,view,,0,2023-02-23,59.0
5451,U1321,1525,WiFi Extender,Networking,add_to_cart,,0,2024-07-12,
5452,U1481,4593,Garbage Disposal,Kitchen,view,,0,2024-07-02,18.0
5453,U1380,4123,Electric Fireplace,Climate,add_to_cart,,0,2023-03-30,
5454,U0985,2030,Aquarium Heater,Pet,purchase,3.5,1,2024-06-18,
5455,U0746,1919,Convection Microwave,Kitchen,add_to_cart,,0,2023-07-13,
5456,U0129,3431,Streaming Device,Entertainment,purchase,4.7,1,2024-01-10,
5457,U0206,2309,Treadmill,Fitness,purchase,5.0,1,2024-10-15,
5458,U1331,855,Smart Refrigerator,Kitchen,purchase,3.7,1,2024-04-05,
5459,U0770,3482,Sous Vide Cooker,Kitchen,view,,0,2024-12-23,226.0
5460,U1819,3841,Clock,Decor,purchase,5.0,1,2024-11-05,
5461,U0692,4777,Electric Pressure Cooker,Kitchen,view,,0,2024-05-05,40.0
5462,U1298,3458,Kegerator,Hobby,purchase,4.1,1,2023-09-09,
5463,U1401,1969,Sewing Machine,Hobby,wishlist,3.7,0,2023-04-28,
5464,U1052,4402,Roti Maker,Kitchen,add_to_cart,,0,2024-07-12,
5465,U1737,4595,Cooktop,Kitchen,view,,0,2024-05-06,47.0
5466,U1537,260,Home Theater System,Entertainment,view,,0,2024-04-04,4.0
5467,U0383,4491,Fan,Climate,purchase,3.9,1,2024-01-28,
5468,U1108,1496,Voltage Stabilizer,Power,view,,0,2024-02-25,286.0
5469,U0596,2294,Modem,Networking,add_to_cart,,0,2024-08-27,
5470,U0330,2025,Induction Oven,Kitchen,add_to_cart,,0,2024-04-18,
5471,U0714,3222,Kitchen Chimney,Kitchen,view,,0,2023-04-09,17.0
5472,U1635,880,DVD Player,Entertainment,add_to_cart,,0,2024-01-14,
5473,U1722,3070,Massager,Personal Care,add_to_cart,,0,2023-06-22,
5474,U0650,267,Booster Pump,Outdoor,view,,0,2023-05-06,435.0
5475,U0821,481,Paper Shredder,Tools,purchase,4.8,1,2024-10-16,
5476,U0186,2519,Portable Dishwasher,Cleaning,view,,0,2024-05-23,64.0
5477,U1543,657,Clock,Decor,view,,0,2023-08-28,22.0
5478,U0837,3537,Aquarium Filter,Pet,view,,0,2023-10-18,164.0
5479,U0973,2650,Terrarium Heater,Pet,purchase,4.7,1,2024-06-03,
5480,U1019,3827,Security Camera,Security,wishlist,5.0,0,2023-11-17,
5481,U1467,901,Electric Mop,Cleaning,add_to_cart,,0,2023-09-27,
5482,U0038,2504,Water Flosser,Personal Care,add_to_cart,,0,2023-12-04,
5483,U1586,1069,Handheld Vacuum,Cleaning,view,,0,2024-05-03,308.0
5484,U0787,1664,Bladeless Fan,Climate,add_to_cart,,0,2024-01-10,
5485,U1157,2265,Air Quality Monitor,Smart Home,view,,0,2023-11-19,200.0
5486,U0614,4126,Smoke Detector,Security,add_to_cart,,0,2023-08-23,
5487,U0012,3498,Laminator,Tools,purchase,3.5,1,2023-01-31,
5488,U1390,2790,Lawn Mower,Tools,view,,0,2023-02-15,69.0
5489,U0970,4773,Solar Panel Inverter,Power,view,,0,2023-01-28,54.0
5490,U1698,4924,Panini Press,Kitchen,purchase,3.1,1,2024-07-24,
5491,U1145,3974,Baby Food Maker,Kitchen,view,,0,2023-09-13,33.0
5492,U0234,563,Panini Press,Kitchen,add_to_cart,,0,2024-09-06,
5493,U1279,2993,Smart Bulb,Smart Home,view,,0,2023-01-26,13.0
5494,U1368,4357,Trimmer,Personal Care,view,,0,2024-03-09,339.0
5495,U0890,348,Juicer,Kitchen,purchase,5.0,1,2023-04-04,
5496,U1334,3623,Dehumidifier,Climate,view,,0,2023-07-30,85.0
5497,U0037,3183,Pet Feeder,Pet,purchase,2.5,1,2024-11-22,
5498,U1849,3994,Knitting Machine,Hobby,view,,0,2024-03-12,28.0
5499,U0243,4274,Tower Fan,Climate,purchase,4.9,1,2023-08-22,
5500,U0616,3211,Set Top Box,Entertainment,view,,0,2024-09-08,175.0
5501,U0229,1850,Vacuum Sealer,Kitchen,purchase,4.3,1,2024-05-13,
5502,U1751,4956,Electric Grill,Kitchen,purchase,3.0,1,2023-09-11,
5503,U1891,4258,Handheld Vacuum,Cleaning,view,,0,2023-11-09,494.0
5504,U1826,3120,Tea Maker,Kitchen,wishlist,4.2,0,2023-12-05,
5505,U0152,453,Home Sauna,Fitness,view,,0,2023-08-30,98.0
5506,U0333,2610,Massager,Personal Care,purchase,2.8,1,2023-04-30,
5507,U0366,110,Electric Kettle,Kitchen,wishlist,2.7,0,2024-10-24,
5508,U1828,1096,Wall Clock,Decor,purchase,2.3,1,2023-12-08,
5509,U0804,3460,Electric Fireplace,Climate,view,,0,2024-05-15,145.0
5510,U0020,3476,Smart Refrigerator,Kitchen,view,,0,2024-08-31,20.0
5511,U1592,733,Range Hood,Kitchen,wishlist,5.0,0,2024-08-13,
5512,U0427,3120,Tea Maker,Kitchen,purchase,4.9,1,2024-05-23,
5513,U0327,4287,Kombucha Maker,Hobby,view,,0,2023-07-05,9.0
5514,U0663,2778,Trash Compactor,Kitchen,view,,0,2024-02-14,137.0
5515,U0280,1501,Power Strip,Power,wishlist,4.0,0,2024-05-10,
5516,U0572,2367,Soundbar,Entertainment,wishlist,3.8,0,2024-02-23,
5517,U0773,195,Electric Scooter Charger,Power,purchase,4.9,1,2023-06-05,
5518,U1526,4589,Blu Ray Player,Entertainment,add_to_cart,,0,2023-07-11,
5519,U1184,3170,Towel Warmer,Bathroom,view,,0,2023-01-31,55.0
5520,U0738,2034,Wall Clock,Decor,view,,0,2023-02-06,250.0
5521,U0887,3632,Air Quality Monitor,Smart Home,view,,0,2023-02-21,292.0
5522,U0601,2176,Smart Switch,Smart Home,view,,0,2023-06-24,75.0
5523,U0974,3188,Extension Cord,Power,view,,0,2023-01-17,44.0
5524,U1437,3110,Window Cleaner Robot,Cleaning,purchase,3.3,1,2024-01-10,
5525,U1103,4278,Water Boiler,Kitchen,view,,0,2024-05-17,15.0
5526,U0859,4347,Air Quality Monitor,Smart Home,add_to_cart,,0,2023-09-18,
5527,U0284,2650,Terrarium Heater,Pet,add_to_cart,,0,2024-07-27,
5528,U0155,4873,Electric Fireplace,Climate,add_to_cart,,0,2024-04-24,
5529,U0447,4846,Projector,Entertainment,view,,0,2024-06-04,9.0
5530,U0691,2630,Smart Vacuum,Cleaning,add_to_cart,,0,2023-04-04,
5531,U0855,1345,OTG Oven,Kitchen,add_to_cart,,0,2023-10-14,
5532,U1796,4222,Smart Refrigerator,Kitchen,add_to_cart,,0,2024-03-08,
5533,U1125,1757,Steam Iron,Laundry,view,,0,2024-07-12,40.0
5534,U1138,2700,Shoe Dryer,Laundry,view,,0,2023-04-09,202.0
5535,U1332,2101,Home Server,Networking,purchase,4.1,1,2024-09-17,
5536,U0359,4200,Window Cleaner Robot,Cleaning,add_to_cart,,0,2024-04-24,
5537,U1431,1670,Electric Tandoor,Kitchen,view,,0,2023-02-07,50.0
5538,U0088,392,Wine Cooler,Kitchen,add_to_cart,,0,2023-05-19,
5539,U0462,176,Range Hood,Kitchen,view,,0,2024-01-12,142.0
5540,U0388,4697,Landline Phone,Smart Home,wishlist,3.8,0,2024-04-17,
5541,U1337,2918,Pet Feeder,Pet,add_to_cart,,0,2023-07-07,
5542,U0928,2275,Lint Remover,Laundry,view,,0,2023-04-18,13.0
5543,U1650,1352,Label Maker,Tools,wishlist,5.0,0,2023-06-16,
5544,U1974,3478,Basement Dehumidifier,Outdoor,view,,0,2024-07-26,80.0
5545,U0169,2979,Tankless Water Heater,Bathroom,view,,0,2023-10-03,259.0
5546,U0958,82,Home Server,Networking,view,,0,2023-10-31,6.0
5547,U1603,3633,Pressure Washer,Cleaning,purchase,5.0,1,2023-04-28,
5548,U1873,4271,Infrared Sauna,Fitness,view,,0,2024-12-12,25.0
5549,U1801,3014,Rowing Machine,Fitness,add_to_cart,,0,2024-01-13,
5550,U1607,2780,Towel Warmer,Bathroom,add_to_cart,,0,2024-06-18,
5551,U0402,1550,Cooktop,Kitchen,wishlist,3.6,0,2023-09-21,
5552,U1147,143,Foot Massager,Personal Care,view,,0,2023-01-16,80.0
5553,U1157,2860,Smart Plug,Smart Home,add_to_cart,,0,2023-06-12,
5554,U0930,1228,Meat Grinder,Kitchen,view,,0,2023-10-25,20.0
5555,U1457,4057,Water Heater,Bathroom,view,,0,2023-10-03,18.0
5556,U0190,1525,WiFi Extender,Networking,add_to_cart,,0,2024-03-28,
5557,U1218,97,Freezer,Kitchen,view,,0,2023-08-17,75.0
5558,U0205,957,Exhaust Fan,Climate,purchase,4.0,1,2024-02-27,
5559,U0444,4085,Air Conditioner,Climate,wishlist,5.0,0,2023-09-17,
5560,U1560,3364,Pet Feeder,Pet,purchase,3.4,1,2023-12-15,
5561,U0065,1415,Fabric Shaver,Laundry,purchase,3.3,1,2023-06-27,
5562,U1092,1008,Smart Washer,Laundry,view,,0,2024-10-27,252.0
5563,U1622,483,Hot Plate,Kitchen,view,,0,2023-01-07,197.0
5564,U1529,4786,Smart Refrigerator,Kitchen,view,,0,2024-07-23,47.0
5565,U1167,343,Ice Cream Maker,Kitchen,add_to_cart,,0,2024-11-04,
5566,U1908,4035,Foot Massager,Personal Care,view,,0,2024-05-10,173.0
5567,U0027,4108,Hair Dryer,Personal Care,view,,0,2024-11-28,217.0
5568,U0415,4035,Foot Massager,Personal Care,view,,0,2023-07-10,40.0
5569,U0626,2251,Landline Phone,Smart Home,view,,0,2024-12-28,135.0
5570,U1050,968,Smart TV,Entertainment,add_to_cart,,0,2024-11-18,
5571,U1279,4769,Shoe Dryer,Laundry,view,,0,2023-02-03,107.0
5572,U0082,2792,Automatic Pet Water Fountain,Pet,view,,0,2024-12-24,211.0
5573,U1312,3516,Countertop Dishwasher,Cleaning,view,,0,2023-01-31,34.0
5574,U1455,3170,Towel Warmer,Bathroom,view,,0,2024-12-21,188.0
5575,U1414,1654,Air Conditioner,Climate,view,,0,2024-12-21,363.0
5576,U1882,1412,Bidet Seat,Bathroom,view,,0,2024-03-22,75.0
5577,U1507,1039,Sump Pump,Outdoor,wishlist,4.9,0,2024-10-19,
5578,U1965,34,Hot Dog Maker,Kitchen,view,,0,2024-01-31,39.0
5579,U1386,672,Aquarium Filter,Pet,purchase,3.2,1,2023-08-05,
5580,U1237,1181,Smart Oven,Kitchen,view,,0,2024-02-10,40.0
5581,U0542,1142,Built In Oven,Kitchen,view,,0,2023-05-13,42.0
5582,U1749,526,Tankless Water Heater,Bathroom,wishlist,3.9,0,2023-05-07,
5583,U0444,4719,Deep Fryer,Kitchen,purchase,4.3,1,2023-11-13,
5584,U1440,2435,Aquarium Filter,Pet,add_to_cart,,0,2023-04-20,
5585,U0888,3077,Electric Skillet,Kitchen,view,,0,2023-12-14,112.0
5586,U0064,2960,Smart Plug,Smart Home,view,,0,2023-11-13,24.0
5587,U0748,220,Water Pump,Outdoor,view,,0,2023-08-12,94.0
5588,U0064,85,DVD Player,Entertainment,view,,0,2024-10-11,25.0
5589,U0109,546,Electric Mop,Cleaning,view,,0,2024-08-30,37.0
5590,U1852,648,Label Maker,Tools,add_to_cart,,0,2024-04-21,
5591,U0935,3995,Sandwich Maker,Kitchen,add_to_cart,,0,2023-09-10,
5592,U0107,3459,Fabric Shaver,Laundry,purchase,2.7,1,2024-07-10,
5593,U0352,3467,Ceiling Fan,Climate,add_to_cart,,0,2023-10-06,
5594,U1217,1039,Sump Pump,Outdoor,wishlist,3.1,0,2024-11-28,
5595,U0938,3054,Subwoofer,Entertainment,add_to_cart,,0,2024-02-08,
5596,U0167,428,Rowing Machine,Fitness,view,,0,2023-04-18,126.0
5597,U0284,3478,Basement Dehumidifier,Outdoor,view,,0,2023-05-12,161.0
5598,U1220,2550,Smart Oven,Kitchen,view,,0,2024-11-14,32.0
5599,U0135,518,Electric Grill,Kitchen,purchase,3.9,1,2023-01-27,
5600,U1874,2669,Door Intercom,Security,view,,0,2023-04-30,197.0
5601,U0760,498,Pressure Cooker,Kitchen,purchase,4.0,1,2024-06-08,
5602,U0150,2797,Smart Bulb,Smart Home,wishlist,3.1,0,2024-08-21,
5603,U0276,1948,Floor Polisher,Cleaning,wishlist,3.1,0,2023-01-29,
5604,U1604,3116,Steam Cleaner,Cleaning,purchase,5.0,1,2023-05-21,
5605,U0686,1117,Stand Mixer,Kitchen,add_to_cart,,0,2023-11-12,
5606,U1845,676,Wine Cooler,Kitchen,view,,0,2024-03-06,145.0
5607,U0541,3289,Electric Skillet,Kitchen,view,,0,2023-04-23,15.0
5608,U1802,1816,Modem,Networking,purchase,4.0,1,2024-04-05,
5609,U0883,2842,Home Automation Controller,Networking,purchase,1.4,1,2023-10-09,
5610,U1688,1172,Voltage Stabilizer,Power,view,,0,2024-09-29,34.0
5611,U0988,14,Heating Pad,Personal Care,add_to_cart,,0,2023-05-13,
5612,U1358,206,Handheld Vacuum,Cleaning,wishlist,3.7,0,2023-09-03,
5613,U1697,3697,Smart Door Lock,Security,purchase,5.0,1,2024-11-29,
5614,U0567,3449,Water Filter,Bathroom,view,,0,2024-06-23,420.0
5615,U0600,3866,Smart Hub,Networking,add_to_cart,,0,2023-06-04,
5616,U0378,3954,Massage Chair,Personal Care,add_to_cart,,0,2024-05-22,
5617,U0993,3610,Booster Pump,Outdoor,wishlist,4.5,0,2023-03-30,
5618,U0089,740,Aquarium Filter,Pet,add_to_cart,,0,2024-12-27,
5619,U1754,3933,Lint Remover,Laundry,add_to_cart,,0,2023-12-12,
5620,U0726,2038,Sous Vide Cooker,Kitchen,view,,0,2024-09-09,6.0
5621,U0038,3895,Alarm Clock,Decor,view,,0,2024-06-18,19.0
5622,U0628,203,Electric Oven,Kitchen,add_to_cart,,0,2023-08-20,
5623,U0997,917,Garment Steamer,Laundry,add_to_cart,,0,2024-03-18,
5624,U0784,2539,Ice Maker,Kitchen,add_to_cart,,0,2024-02-13,
5625,U0386,2289,Electric Scooter Charger,Power,purchase,2.4,1,2024-01-25,
5626,U1422,1444,RO Purifier,Bathroom,view,,0,2024-12-28,50.0
5627,U1062,3060,Bread Maker,Kitchen,add_to_cart,,0,2024-02-11,
5628,U1639,1809,Pet Feeder,Pet,view,,0,2023-01-26,307.0
5629,U0653,277,Massage Chair,Personal Care,add_to_cart,,0,2023-07-24,
5630,U1774,5000,Air Quality Monitor,Smart Home,purchase,3.3,1,2023-08-03,
5631,U0130,1742,Freezer,Kitchen,wishlist,3.9,0,2023-02-08,
5632,U0535,4459,Electric Mop,Cleaning,purchase,4.8,1,2024-09-28,
5633,U0790,1743,Automatic Pet Water Fountain,Pet,view,,0,2023-07-31,9.0
5634,U1603,740,Aquarium Filter,Pet,add_to_cart,,0,2024-02-07,
5635,U1697,2004,Cold Press Juicer,Kitchen,wishlist,2.9,0,2024-03-12,
5636,U0940,2087,Electric Toothbrush,Personal Care,purchase,4.7,1,2023-04-23,
5637,U0055,484,Pressure Cooker,Kitchen,view,,0,2023-04-08,95.0
5638,U0170,821,Label Maker,Tools,view,,0,2024-07-16,236.0
5639,U1041,837,Massage Chair,Personal Care,purchase,3.2,1,2023-06-07,
5640,U1419,3895,Alarm Clock,Decor,add_to_cart,,0,2024-06-20,
5641,U0353,3811,Television,Entertainment,view,,0,2024-08-23,15.0
5642,U1705,3351,Rowing Machine,Fitness,view,,0,2024-01-02,13.0
5643,U1008,2549,Water Flosser,Personal Care,purchase,4.3,1,2024-09-10,
5644,U0953,4430,Streaming Device,Entertainment,add_to_cart,,0,2024-05-31,
5645,U1763,1519,UV Water Purifier,Bathroom,add_to_cart,,0,2024-08-08,
5646,U0418,4351,Heater,Climate,view,,0,2024-06-14,334.0
5647,U1587,1442,Fan,Climate,purchase,2.2,1,2023-06-06,
5648,U1549,1933,Hand Mixer,Kitchen,add_to_cart,,0,2023-06-19,
5649,U1522,3708,Elliptical Trainer,Fitness,purchase,5.0,1,2023-11-06,
5650,U0577,364,RO Purifier,Bathroom,purchase,4.8,1,2024-04-08,
5651,U1579,1851,Exercise Bike,Fitness,add_to_cart,,0,2024-12-15,
5652,U0380,1726,Router,Networking,add_to_cart,,0,2023-05-22,
5653,U1156,1852,Automatic Pet Water Fountain,Pet,purchase,5.0,1,2023-03-10,
5654,U0718,242,Smart Refrigerator,Kitchen,view,,0,2024-06-29,127.0
5655,U0910,923,Grill Microwave,Kitchen,view,,0,2023-03-06,200.0
5656,U0812,1940,Wine Cooler,Kitchen,purchase,4.1,1,2023-03-15,
5657,U0433,2108,Thermostat,Climate,purchase,4.2,1,2023-01-02,
5658,U0927,2607,Knitting Machine,Hobby,wishlist,3.8,0,2024-03-01,
5659,U0229,426,Jacuzzi Pump,Bathroom,purchase,3.9,1,2023-10-02,
5660,U1636,815,WiFi Extender,Networking,add_to_cart,,0,2024-02-07,
5661,U0148,353,Smart TV,Entertainment,purchase,4.3,1,2023-10-30,
5662,U0561,2865,Bread Maker,Kitchen,view,,0,2023-05-30,102.0
5663,U1283,2044,Coffee Grinder,Kitchen,wishlist,3.7,0,2024-06-21,
5664,U1264,3997,Home Automation Controller,Networking,purchase,4.3,1,2023-08-26,
5665,U0066,305,Power Strip,Power,view,,0,2024-04-10,164.0
5666,U0724,1827,Trimmer,Personal Care,add_to_cart,,0,2023-01-17,
5667,U1962,1453,Cotton Candy Machine,Hobby,purchase,3.8,1,2024-02-24,
5668,U0042,4874,Hand Mixer,Kitchen,add_to_cart,,0,2024-04-12,
5669,U1320,4509,Infrared Sauna,Fitness,add_to_cart,,0,2024-02-21,
5670,U1265,3330,Smoke Detector,Security,add_to_cart,,0,2024-02-18,
5671,U1401,2433,Clothes Dryer,Laundry,add_to_cart,,0,2023-09-18,
5672,U0704,3474,Aquarium Heater,Pet,view,,0,2024-01-04,200.0
5673,U1429,725,Leaf Blower,Tools,view,,0,2024-12-21,79.0
5674,U0367,2185,Digital Safe,Security,wishlist,4.0,0,2024-11-25,
5675,U1895,2244,Geyser,Bathroom,purchase,4.3,1,2023-02-11,
5676,U1418,1215,Milk Frother,Kitchen,view,,0,2023-05-04,151.0
5677,U0562,4261,Solar Water Heater,Power,purchase,3.9,1,2023-08-25,
5678,U1305,2782,Juicer,Kitchen,purchase,2.8,1,2023-11-13,
5679,U0858,1597,Handheld Vacuum,Cleaning,purchase,4.0,1,2023-02-28,
5680,U1767,3036,Boot Warmer,Laundry,purchase,5.0,1,2024-06-25,
5681,U1324,2171,Home Automation Controller,Networking,wishlist,4.1,0,2024-09-24,
5682,U0781,4439,Chainsaw,Tools,view,,0,2023-04-10,41.0
5683,U1737,475,Soundbar,Entertainment,view,,0,2023-11-05,26.0
5684,U1224,4291,Built In Oven,Kitchen,view,,0,2023-10-26,208.0
5685,U0202,4842,Basement Dehumidifier,Outdoor,add_to_cart,,0,2023-04-07,
5686,U0257,4359,Trimmer,Personal Care,view,,0,2024-03-26,176.0
5687,U0283,2462,Hair Curler,Personal Care,purchase,3.6,1,2024-03-21,
5688,U0858,4105,UPS,Power,view,,0,2023-08-12,92.0
5689,U0477,831,Towel Warmer,Bathroom,view,,0,2024-03-17,16.0
5690,U1931,1726,Router,Networking,view,,0,2023-11-21,1.0
5691,U0789,3107,Water Softener,Bathroom,wishlist,3.1,0,2023-03-18,
5692,U0842,914,Sprinkler System,Tools,purchase,4.9,1,2023-01-29,
5693,U0565,3161,UPS,Power,purchase,4.2,1,2023-10-18,
5694,U0565,32,Hand Mixer,Kitchen,wishlist,3.9,0,2024-03-15,
5695,U1923,3329,Meat Grinder,Kitchen,purchase,3.6,1,2023-11-21,
5696,U1234,1285,Smart Door Lock,Security,view,,0,2024-11-24,30.0
5697,U1611,1101,Emergency Light,Security,purchase,5.0,1,2023-10-25,
5698,U1785,325,Vacuum Cleaner,Cleaning,view,,0,2023-11-01,219.0
5699,U1154,145,Chainsaw,Tools,add_to_cart,,0,2023-01-30,
5700,U0345,4678,Smart Washer,Laundry,view,,0,2023-11-09,6.0
5701,U0037,1755,Lawn Mower,Tools,view,,0,2024-12-08,112.0
5702,U1772,3489,Clock,Decor,purchase,2.9,1,2024-11-01,
5703,U1143,1295,Grill Microwave,Kitchen,view,,0,2023-10-13,144.0
5704,U1451,658,Misting Fan,Climate,purchase,4.1,1,2024-01-02,
5705,U0742,3407,Electric Shaver,Personal Care,view,,0,2023-03-29,558.0
5706,U1728,995,Coffee Maker,Kitchen,purchase,4.3,1,2023-07-27,
5707,U1051,1072,Automatic Pet Water Fountain,Pet,view,,0,2024-10-02,79.0
5708,U0939,3006,Heating Pad,Personal Care,view,,0,2023-01-20,108.0
5709,U0901,12,Wall Clock,Decor,add_to_cart,,0,2024-05-24,
5710,U1232,307,Electric Toothbrush,Personal Care,add_to_cart,,0,2024-05-28,
5711,U0486,4469,Digital Safe,Security,purchase,4.0,1,2024-05-02,
5712,U1164,413,Extension Cord,Power,view,,0,2023-05-05,69.0
5713,U1364,4060,Speakers,Entertainment,purchase,4.7,1,2024-12-08,
5714,U1475,2241,Wall Clock,Decor,purchase,3.8,1,2023-12-18,
5715,U0787,476,Terrarium Heater,Pet,view,,0,2024-01-30,94.0
5716,U0005,2158,Leaf Blower,Tools,purchase,3.2,1,2024-11-13,
5717,U1751,4003,Electric Blanket,Personal Care,view,,0,2023-03-04,349.0
5718,U0387,191,Smart Washer,Laundry,add_to_cart,,0,2024-08-06,
5719,U1128,3187,Deep Fryer,Kitchen,purchase,4.6,1,2024-01-22,
5720,U0348,2842,Home Automation Controller,Networking,purchase,3.8,1,2023-11-14,
5721,U1731,2699,Ceiling Fan,Climate,view,,0,2023-08-31,212.0
5722,U1468,1135,Smart Air Conditioner,Climate,purchase,4.3,1,2024-11-17,
5723,U1198,767,Router,Networking,add_to_cart,,0,2024-10-18,
5724,U0323,2773,Water Boiler,Kitchen,add_to_cart,,0,2024-07-23,
5725,U0106,4876,Built In Oven,Kitchen,wishlist,4.1,0,2024-12-24,
5726,U0888,871,Electric Shaver,Personal Care,wishlist,5.0,0,2023-06-14,
5727,U1735,3567,Emergency Light,Security,add_to_cart,,0,2024-08-17,
5728,U1693,705,Hedge Trimmer,Tools,wishlist,3.7,0,2023-08-14,
5729,U1244,1483,Window Cleaner Robot,Cleaning,view,,0,2023-01-14,242.0
5730,U0204,4344,Vacuum Sealer,Kitchen,add_to_cart,,0,2024-02-05,
5731,U0671,462,Handheld Vacuum,Cleaning,view,,0,2024-05-12,222.0
5732,U1097,3008,Electric Oven,Kitchen,add_to_cart,,0,2023-02-04,
5733,U1252,1571,Pool Heater,Outdoor,view,,0,2024-03-17,211.0
5734,U0880,3598,Digital Safe,Security,add_to_cart,,0,2024-11-07,
5735,U1681,1760,DVD Player,Entertainment,add_to_cart,,0,2024-02-17,
5736,U0096,599,Pressure Washer,Cleaning,view,,0,2024-01-18,248.0
5737,U0286,4712,Carpet Cleaner,Cleaning,view,,0,2024-10-01,206.0
5738,U0946,572,Clothesline Dryer,Laundry,purchase,4.7,1,2023-11-07,
5739,U1484,1710,Subwoofer,Entertainment,wishlist,4.7,0,2023-03-26,
5740,U1501,4887,Heating Pad,Personal Care,view,,0,2023-02-13,403.0
5741,U1754,608,Rice Cooker,Kitchen,add_to_cart,,0,2023-01-21,
5742,U1418,2415,Electric Grill,Kitchen,view,,0,2024-06-28,167.0
5743,U1433,1494,Leaf Blower,Tools,purchase,4.4,1,2023-08-23,
5744,U0568,1886,Rice Cooker,Kitchen,view,,0,2024-01-27,104.0
5745,U0691,4433,Espresso Machine,Kitchen,add_to_cart,,0,2024-06-04,
5746,U0321,796,RO Purifier,Bathroom,view,,0,2023-10-21,51.0
5747,U1304,1723,Window Cleaner Robot,Cleaning,wishlist,4.4,0,2023-01-10,
5748,U0089,3012,Router,Networking,add_to_cart,,0,2023-09-13,
5749,U1992,4255,Handheld Vacuum,Cleaning,view,,0,2024-02-06,192.0
5750,U1589,26,Smart Curtain Motor,Smart Home,view,,0,2024-01-14,10.0
5751,U0023,2247,Central Vacuum System,Cleaning,view,,0,2024-04-16,147.0
5752,U0528,4252,Clock,Decor,view,,0,2024-11-29,22.0
5753,U1907,1194,Smart Garage Door Opener,Security,view,,0,2024-06-11,42.0
5754,U1265,2101,Home Server,Networking,wishlist,4.0,0,2023-12-17,
5755,U0162,664,Solar Water Heater,Power,purchase,2.9,1,2024-02-15,
5756,U0058,691,Television,Entertainment,view,,0,2024-06-13,2.0
5757,U1649,2451,Coffee Grinder,Kitchen,purchase,3.6,1,2024-08-25,
5758,U1860,2077,Home Server,Networking,purchase,5.0,1,2023-01-24,
5759,U0943,1928,Alarm Clock,Decor,add_to_cart,,0,2024-03-06,
5760,U0331,1318,Space Heater,Climate,wishlist,3.7,0,2024-12-02,
5761,U1551,3107,Water Softener,Bathroom,wishlist,4.0,0,2024-12-04,
5762,U1082,4086,Blender,Kitchen,view,,0,2024-08-14,74.0
5763,U0896,4843,Smart TV,Entertainment,purchase,4.1,1,2024-03-09,
5764,U0469,2143,Water Flosser,Personal Care,add_to_cart,,0,2024-03-23,
5765,U1153,4917,Rice Cooker,Kitchen,add_to_cart,,0,2023-07-14,
5766,U0071,46,Bottle Sterilizer,Kitchen,view,,0,2023-01-09,57.0
5767,U1904,2187,Electric Scooter Charger,Power,view,,0,2024-09-05,22.0
5768,U0693,2318,Modem,Networking,purchase,5.0,1,2023-02-25,
5769,U1473,4332,Laminator,Tools,view,,0,2023-04-21,346.0
5770,U1954,2583,Clock,Decor,purchase,3.3,1,2023-04-06,
5771,U1712,174,Electric Skillet,Kitchen,purchase,4.2,1,2024-04-29,
5772,U1999,1852,Automatic Pet Water Fountain,Pet,purchase,3.8,1,2023-10-29,
5773,U0905,700,Slow Cooker,Kitchen,view,,0,2023-07-27,63.0
5774,U0257,1039,Sump Pump,Outdoor,purchase,4.6,1,2023-12-13,
5775,U1367,2560,Foot Massager,Personal Care,add_to_cart,,0,2023-12-16,
5776,U0897,4590,Carpet Cleaner,Cleaning,purchase,4.8,1,2023-10-07,
5777,U0954,1755,Lawn Mower,Tools,view,,0,2023-08-13,273.0
5778,U0188,4745,Pet Feeder,Pet,view,,0,2024-04-23,292.0
5779,U0051,535,Toaster Oven,Kitchen,view,,0,2024-07-14,121.0
5780,U1041,4177,Home Automation Controller,Networking,view,,0,2023-07-02,80.0
5781,U0697,2196,Space Heater,Climate,add_to_cart,,0,2023-12-07,
5782,U0759,323,Landline Phone,Smart Home,purchase,3.9,1,2023-05-14,
5783,U0848,3455,Wall Clock,Decor,view,,0,2024-07-18,74.0
5784,U0304,1337,Wine Cooler,Kitchen,purchase,3.1,1,2024-01-14,
5785,U1264,1758,Modem,Networking,wishlist,3.8,0,2023-12-28,
5786,U0765,3288,Kegerator,Hobby,purchase,5.0,1,2024-09-12,
5787,U1404,3462,Ice Maker,Kitchen,add_to_cart,,0,2023-03-05,
5788,U1168,386,Trimmer,Personal Care,purchase,3.1,1,2023-06-12,
5789,U0058,259,Blu Ray Player,Entertainment,view,,0,2024-03-04,12.0
5790,U0503,2984,Handheld Vacuum,Cleaning,wishlist,4.1,0,2023-05-17,
5791,U1396,1747,Soundbar,Entertainment,purchase,4.9,1,2024-03-09,
5792,U0502,3778,Sandwich Maker,Kitchen,purchase,5.0,1,2024-01-25,
5793,U1628,4183,Water Flosser,Personal Care,purchase,3.8,1,2024-02-17,
5794,U1871,844,Automatic Pet Water Fountain,Pet,add_to_cart,,0,2023-07-11,
5795,U1659,1952,Attic Fan,Climate,view,,0,2023-02-11,5.0
5796,U1290,3436,Freezer,Kitchen,view,,0,2024-08-21,756.0
5797,U0049,3404,Foot Massager,Personal Care,view,,0,2024-07-18,77.0
5798,U1124,1126,Door Intercom,Security,wishlist,4.7,0,2023-04-11,
5799,U1299,442,Steam Cleaner,Cleaning,purchase,4.6,1,2024-05-29,
5800,U1269,4534,Alarm Clock,Decor,wishlist,3.4,0,2024-08-29,
5801,U0081,4392,Smart Lock,Security,purchase,3.3,1,2024-03-08,
5802,U1457,2699,Ceiling Fan,Climate,purchase,5.0,1,2023-05-19,
5803,U1924,1180,Countertop Dishwasher,Cleaning,purchase,3.0,1,2024-12-20,
5804,U0263,1880,Printer,Tools,add_to_cart,,0,2023-08-06,
5805,U0822,2507,Wall Clock,Decor,add_to_cart,,0,2024-08-28,
5806,U0729,630,Food Dehydrator,Kitchen,add_to_cart,,0,2024-07-26,
5807,U0021,825,Window Cleaner Robot,Cleaning,purchase,5.0,1,2023-06-20,
5808,U1005,3422,Jacuzzi Pump,Bathroom,add_to_cart,,0,2023-05-13,
5809,U0076,4003,Electric Blanket,Personal Care,view,,0,2024-02-15,13.0
5810,U0163,2860,Smart Plug,Smart Home,view,,0,2023-05-05,37.0
5811,U1551,3613,Electric Mop,Cleaning,purchase,4.1,1,2024-11-02,
5812,U1095,1804,Projector,Entertainment,view,,0,2023-06-09,189.0
5813,U0669,1172,Voltage Stabilizer,Power,purchase,3.8,1,2024-06-03,
5814,U0099,1097,Ice Maker,Kitchen,purchase,4.9,1,2023-01-18,
5815,U1970,1623,UV Water Purifier,Bathroom,add_to_cart,,0,2024-12-07,
5816,U1969,1093,Smart Lock,Security,view,,0,2023-12-23,38.0
5817,U1261,333,Home Server,Networking,wishlist,4.0,0,2023-07-19,
5818,U0247,280,Smart Plug,Smart Home,add_to_cart,,0,2024-10-15,
5819,U0443,3478,Basement Dehumidifier,Outdoor,purchase,4.3,1,2023-08-30,
5820,U1768,423,Pet Feeder,Pet,purchase,4.2,1,2024-02-03,
5821,U0639,1249,Table Fan,Climate,view,,0,2023-01-21,67.0
5822,U0312,4799,Trimmer,Personal Care,add_to_cart,,0,2024-10-19,
5823,U1111,3195,Massage Chair,Personal Care,view,,0,2023-02-23,197.0
5824,U0592,1221,Smart Plug,Smart Home,purchase,3.5,1,2024-11-04,
5825,U0760,2509,Range Hood,Kitchen,add_to_cart,,0,2024-09-25,
5826,U0841,4612,Boot Warmer,Laundry,view,,0,2024-12-07,149.0
5827,U1101,3658,Vacuum Cleaner,Cleaning,purchase,5.0,1,2024-05-16,
5828,U1181,2088,Pet Feeder,Pet,purchase,5.0,1,2024-04-28,
5829,U1679,3035,Treadmill,Fitness,add_to_cart,,0,2024-06-13,
5830,U1436,432,Floor Polisher,Cleaning,purchase,5.0,1,2024-05-18,
5831,U1571,4923,Table Fan,Climate,purchase,4.1,1,2024-04-27,
5832,U0033,3973,Electric Fireplace,Climate,wishlist,4.1,0,2023-04-24,
5833,U1125,4023,Foot Massager,Personal Care,wishlist,4.7,0,2023-02-09,
5834,U1884,2017,Pressure Washer,Cleaning,view,,0,2024-08-05,165.0
5835,U0725,2195,Electric Knife,Kitchen,add_to_cart,,0,2023-11-16,
5836,U1268,1246,Rowing Machine,Fitness,wishlist,4.1,0,2023-06-13,
5837,U0109,3652,Smart TV,Entertainment,add_to_cart,,0,2024-05-03,
5838,U0820,2433,Clothes Dryer,Laundry,wishlist,3.3,0,2023-10-08,
5839,U0336,2869,Modem,Networking,view,,0,2023-01-17,17.0
5840,U1173,1752,Carpet Cleaner,Cleaning,purchase,4.0,1,2023-03-02,
5841,U0630,300,Food Dehydrator,Kitchen,view,,0,2023-04-11,66.0
5842,U0202,472,Pool Heater,Outdoor,purchase,4.7,1,2024-08-06,
5843,U0539,1499,Projector,Entertainment,purchase,3.6,1,2023-06-27,
5844,U0246,1314,Ice Crusher,Kitchen,purchase,2.8,1,2024-05-03,
5845,U1035,1838,Water Flosser,Personal Care,view,,0,2023-05-04,139.0
5846,U1168,2652,Massager,Personal Care,purchase,4.5,1,2024-01-09,
5847,U1588,2834,Range Hood,Kitchen,purchase,4.1,1,2023-11-10,
5848,U1453,2241,Wall Clock,Decor,wishlist,3.6,0,2023-04-06,
5849,U1240,1685,Aquarium Filter,Pet,purchase,4.6,1,2024-01-27,
5850,U0308,4173,Induction Oven,Kitchen,purchase,4.9,1,2023-01-10,
5851,U1386,3486,Popcorn Maker,Kitchen,purchase,5.0,1,2024-06-26,
5852,U1637,342,Hair Curler,Personal Care,purchase,5.0,1,2024-09-19,
5853,U1744,3744,Electric Toothbrush,Personal Care,add_to_cart,,0,2023-08-22,
5854,U0417,2665,Hair Curler,Personal Care,add_to_cart,,0,2023-05-22,
5855,U1719,3734,Ice Maker,Kitchen,purchase,5.0,1,2023-03-13,
5856,U1929,2831,Induction Cooktop,Kitchen,purchase,3.2,1,2023-04-24,
5857,U1379,1575,Aquarium Heater,Pet,view,,0,2024-05-05,0.0
5858,U1597,668,Heating Pad,Personal Care,purchase,4.1,1,2023-12-28,
5859,U1059,3687,Smart Refrigerator,Kitchen,add_to_cart,,0,2024-08-29,
5860,U0406,726,Set Top Box,Entertainment,purchase,4.5,1,2023-04-27,
5861,U0852,4628,Robot Vacuum,Cleaning,add_to_cart,,0,2023-09-20,
5862,U1116,1749,Gas Stove,Kitchen,view,,0,2023-09-15,9.0
5863,U1284,4108,Hair Dryer,Personal Care,view,,0,2024-03-06,426.0
5864,U1496,1629,Smart Plug,Smart Home,purchase,5.0,1,2024-05-24,
5865,U1736,2540,Lawn Mower,Tools,purchase,4.0,1,2023-11-22,
5866,U0889,821,Label Maker,Tools,add_to_cart,,0,2023-11-13,
5867,U0837,3359,Towel Warmer,Bathroom,view,,0,2024-12-17,88.0
5868,U1425,223,Gas Stove,Kitchen,view,,0,2023-04-29,172.0
5869,U1049,3239,Waffle Maker,Kitchen,view,,0,2024-11-03,99.0
5870,U1428,1738,Booster Pump,Outdoor,purchase,3.7,1,2024-11-20,
5871,U1101,2049,Tower Fan,Climate,view,,0,2024-04-10,20.0
5872,U1117,2505,Countertop Dishwasher,Cleaning,add_to_cart,,0,2024-03-27,
5873,U1091,1399,Smart Vacuum,Cleaning,purchase,2.9,1,2024-10-27,
5874,U0367,584,Kegerator,Hobby,add_to_cart,,0,2023-04-27,
5875,U0109,1098,Automatic Pet Water Fountain,Pet,add_to_cart,,0,2023-05-28,
5876,U1441,3564,Electric Grill,Kitchen,add_to_cart,,0,2023-02-15,
5877,U0750,4663,Electric Skillet,Kitchen,add_to_cart,,0,2023-11-03,
5878,U1383,771,Automatic Pet Water Fountain,Pet,wishlist,3.9,0,2023-04-19,
5879,U1286,3859,Dough Maker,Kitchen,add_to_cart,,0,2023-01-08,
5880,U1177,2458,Robot Vacuum,Cleaning,add_to_cart,,0,2023-01-27,
5881,U0528,1321,Inverter,Power,view,,0,2023-11-23,127.0
5882,U0261,3819,Kombucha Maker,Hobby,view,,0,2024-04-20,247.0
5883,U0587,4768,Air Conditioner,Climate,add_to_cart,,0,2024-02-25,
5884,U1991,4775,3D Printer,Hobby,view,,0,2023-04-04,12.0
5885,U0857,1993,Scanner,Tools,add_to_cart,,0,2024-07-10,
5886,U1206,2327,Smart Oven,Kitchen,view,,0,2024-04-07,298.0
5887,U1964,1104,Speakers,Entertainment,view,,0,2023-09-01,39.0
5888,U0850,539,Bathroom Exhaust Fan,Bathroom,purchase,5.0,1,2024-08-08,
5889,U1170,1068,Fan,Climate,add_to_cart,,0,2023-09-04,
5890,U0248,1796,Misting Fan,Climate,purchase,4.9,1,2023-11-02,
5891,U1571,4533,Air Conditioner,Climate,wishlist,4.2,0,2024-11-22,
5892,U1387,753,Jacuzzi Pump,Bathroom,add_to_cart,,0,2024-03-26,
5893,U1431,1819,Refrigerator,Kitchen,wishlist,5.0,0,2024-06-06,
5894,U1263,4270,Aquarium Heater,Pet,wishlist,3.9,0,2024-03-19,
5895,U1678,4836,Smart Bulb,Smart Home,view,,0,2023-11-21,48.0
5896,U0874,1500,Automatic Pet Water Fountain,Pet,add_to_cart,,0,2023-04-21,
5897,U1829,3626,Exhaust Fan,Climate,wishlist,4.0,0,2024-06-22,
5898,U1590,1453,Cotton Candy Machine,Hobby,view,,0,2023-02-04,156.0
5899,U1201,1186,Steam Cleaner,Cleaning,purchase,4.2,1,2024-07-14,
5900,U1867,3403,Massager,Personal Care,view,,0,2023-06-05,52.0
5901,U0151,4147,Hair Curler,Personal Care,wishlist,2.5,0,2023-06-25,
5902,U0323,1900,Streaming Device,Entertainment,view,,0,2023-07-08,106.0
5903,U0869,397,Ice Cream Maker,Kitchen,wishlist,4.3,0,2023-05-17,
5904,U0978,323,Landline Phone,Smart Home,wishlist,4.0,0,2024-07-21,
5905,U1269,2057,Stand Mixer,Kitchen,view,,0,2024-05-26,48.0
5906,U1363,166,Landline Phone,Smart Home,add_to_cart,,0,2024-06-24,
5907,U0159,4791,Alarm Clock,Decor,purchase,5.0,1,2024-11-21,
5908,U0773,1382,Smart Lock,Security,view,,0,2023-08-08,84.0
5909,U1493,2937,Stand Mixer,Kitchen,add_to_cart,,0,2024-08-03,
5910,U0608,2882,Hair Dryer,Personal Care,purchase,4.1,1,2023-03-24,
5911,U0256,4151,DVD Player,Entertainment,purchase,3.1,1,2023-06-11,
5912,U0148,589,Electric Shaver,Personal Care,view,,0,2023-12-24,287.0
5913,U0262,625,Vacuum Cleaner,Cleaning,view,,0,2023-07-23,11.0
5914,U0418,4622,Home Automation Controller,Networking,purchase,3.7,1,2023-06-29,
5915,U1595,1670,Electric Tandoor,Kitchen,purchase,4.0,1,2023-12-02,
5916,U0784,4199,Sewing Machine,Hobby,add_to_cart,,0,2024-09-09,
5917,U1487,3840,Washing Machine,Laundry,view,,0,2023-11-02,169.0
5918,U1337,2598,Garment Steamer,Laundry,view,,0,2023-02-25,318.0
5919,U1650,1643,Foot Massager,Personal Care,view,,0,2024-03-10,186.0
5920,U1215,2064,Misting Fan,Climate,view,,0,2023-02-07,12.0
5921,U1998,1258,Electric Kettle,Kitchen,purchase,5.0,1,2024-01-28,
5922,U1816,3908,Heating Pad,Personal Care,view,,0,2024-01-13,51.0
5923,U0914,1142,Built In Oven,Kitchen,wishlist,4.5,0,2024-01-12,
5924,U0146,4743,Television,Entertainment,purchase,5.0,1,2023-07-02,
5925,U1449,228,Chapati Maker,Kitchen,purchase,3.7,1,2023-04-15,
5926,U1398,3820,Chainsaw,Tools,wishlist,3.9,0,2024-11-30,
5927,U0286,476,Terrarium Heater,Pet,purchase,3.8,1,2024-08-25,
5928,U1922,2316,Electric Blanket,Personal Care,wishlist,3.4,0,2024-08-04,
5929,U0791,123,CCTV System,Security,view,,0,2024-07-23,308.0
5930,U1212,4768,Air Conditioner,Climate,add_to_cart,,0,2023-08-26,
5931,U1955,2777,Egg Cooker,Kitchen,add_to_cart,,0,2024-10-06,
5932,U1777,2257,Electric Mop,Cleaning,add_to_cart,,0,2023-02-05,
5933,U1677,3507,Foot Massager,Personal Care,view,,0,2024-12-06,103.0
5934,U0370,4988,Air Conditioner,Climate,add_to_cart,,0,2024-01-19,
5935,U1671,4049,Set Top Box,Entertainment,wishlist,3.8,0,2024-03-23,
5936,U1874,4312,Hair Dryer,Personal Care,view,,0,2023-07-16,326.0
5937,U0262,608,Rice Cooker,Kitchen,view,,0,2023-12-04,19.0
5938,U0297,3295,Air Purifier,Climate,purchase,4.4,1,2023-03-17,
5939,U1750,2306,Scanner,Tools,view,,0,2024-01-16,105.0
5940,U1273,4396,Space Heater,Climate,add_to_cart,,0,2023-11-25,
5941,U1372,2496,Built In Microwave,Kitchen,purchase,3.6,1,2024-11-06,
5942,U0772,1096,Wall Clock,Decor,purchase,3.1,1,2023-02-27,
5943,U0606,4055,Steam Iron,Laundry,add_to_cart,,0,2023-02-15,
5944,U0392,2750,Label Maker,Tools,add_to_cart,,0,2024-09-27,
5945,U0455,4275,Electric Mop,Cleaning,add_to_cart,,0,2023-01-02,
5946,U1486,4307,Smoke Detector,Security,add_to_cart,,0,2023-02-16,
5947,U0459,274,Slow Cooker,Kitchen,add_to_cart,,0,2023-06-30,
5948,U1711,2442,Toaster Oven,Kitchen,wishlist,4.4,0,2024-07-15,
5949,U1055,2976,Stand Mixer,Kitchen,view,,0,2023-12-29,51.0
5950,U1232,2355,Smart Lock,Security,wishlist,4.8,0,2023-02-13,
5951,U1502,2923,Pressure Washer,Cleaning,add_to_cart,,0,2023-02-25,
5952,U0174,2223,Smart Garage Door Opener,Security,purchase,2.9,1,2024-05-14,
5953,U0212,4307,Smoke Detector,Security,add_to_cart,,0,2023-06-15,
5954,U1295,1745,Pool Pump,Outdoor,add_to_cart,,0,2024-01-27,
5955,U1440,4790,Electric Fireplace,Climate,purchase,5.0,1,2024-10-17,
5956,U0554,4214,Cold Press Juicer,Kitchen,wishlist,5.0,0,2023-11-03,
5957,U1406,2510,Hot Plate,Kitchen,wishlist,4.4,0,2024-10-29,
5958,U1132,17,Built In Oven,Kitchen,add_to_cart,,0,2024-10-09,
5959,U1097,4614,Milk Frother,Kitchen,wishlist,4.3,0,2023-06-24,
5960,U1472,4871,Jacuzzi Pump,Bathroom,wishlist,3.4,0,2023-04-17,
5961,U1290,4104,Sprinkler System,Tools,view,,0,2023-09-26,156.0
5962,U0715,1376,Countertop Dishwasher,Cleaning,view,,0,2024-05-16,163.0
5963,U1287,1051,Central Vacuum System,Cleaning,purchase,3.9,1,2023-03-10,
5964,U0066,2596,Power Strip,Power,view,,0,2023-09-21,20.0
5965,U0902,2505,Countertop Dishwasher,Cleaning,add_to_cart,,0,2024-05-05,
5966,U1281,686,Emergency Light,Security,wishlist,4.1,0,2024-10-27,
5967,U1097,684,Central Vacuum System,Cleaning,purchase,4.9,1,2024-07-27,
5968,U0733,2296,Deep Fryer,Kitchen,purchase,4.6,1,2023-06-02,
5969,U1068,4828,Grill Microwave,Kitchen,add_to_cart,,0,2024-11-24,
5970,U1438,824,Fan,Climate,purchase,3.9,1,2023-02-08,
5971,U1872,4534,Alarm Clock,Decor,view,,0,2024-04-22,22.0
5972,U1287,2824,Blender,Kitchen,view,,0,2024-01-25,121.0
5973,U0298,2043,Freezer,Kitchen,add_to_cart,,0,2024-06-10,
5974,U0819,1919,Convection Microwave,Kitchen,wishlist,3.4,0,2024-11-08,
5975,U1582,4712,Carpet Cleaner,Cleaning,add_to_cart,,0,2023-04-12,
5976,U1144,3545,Smoke Detector,Security,purchase,4.4,1,2023-07-30,
5977,U1544,198,Smart Switch,Smart Home,wishlist,3.3,0,2024-05-09,
5978,U1117,2227,Network Attached Storage,Networking,purchase,4.7,1,2023-03-06,
5979,U1946,4697,Landline Phone,Smart Home,wishlist,4.6,0,2024-04-17,
5980,U0534,1798,Router,Networking,view,,0,2023-06-27,139.0
5981,U0362,3302,Epilator,Personal Care,wishlist,2.9,0,2024-04-27,
5982,U0277,3307,Automatic Pet Water Fountain,Pet,view,,0,2023-12-05,62.0
5983,U1427,4982,Can Opener,Kitchen,add_to_cart,,0,2024-07-07,
5984,U0404,4561,Geyser,Bathroom,purchase,4.0,1,2023-10-14,
5985,U1802,750,Sandwich Maker,Kitchen,purchase,3.2,1,2024-01-07,
5986,U1601,155,Digital Safe,Security,view,,0,2023-05-17,98.0
5987,U0199,862,Security Camera,Security,purchase,3.8,1,2024-09-01,
5988,U0398,1649,Smart Switch,Smart Home,view,,0,2024-03-24,17.0
5989,U0310,457,Pressure Cooker,Kitchen,purchase,3.4,1,2024-02-13,
5990,U1349,1705,Electric Drill,Tools,add_to_cart,,0,2024-05-20,
5991,U1116,3790,Epilator,Personal Care,view,,0,2024-06-25,96.0
5992,U1597,1119,CCTV System,Security,view,,0,2024-03-27,52.0
5993,U1218,1419,Dough Maker,Kitchen,wishlist,3.6,0,2024-11-24,
5994,U0014,1451,Hot Dog Maker,Kitchen,view,,0,2024-11-16,108.0
5995,U0110,1977,Electric Pressure Cooker,Kitchen,view,,0,2024-07-02,35.0
5996,U0441,1820,Milk Frother,Kitchen,wishlist,3.2,0,2024-06-21,
5997,U1591,3569,WiFi Extender,Networking,view,,0,2024-07-15,92.0
5998,U0240,1902,Kitchen Chimney,Kitchen,view,,0,2023-07-01,46.0
5999,U0808,1783,Epilator,Personal Care,view,,0,2024-03-23,144.0
6000,U0129,1273,Treadmill,Fitness,view,,0,2024-01-21,214.0
6001,U0864,4622,Home Automation Controller,Networking,view,,0,2024-09-20,39.0
6002,U0251,2860,Smart Plug,Smart Home,view,,0,2023-11-11,11.0
6003,U1450,3723,Window Cleaner Robot,Cleaning,view,,0,2024-12-22,19.0
6004,U0193,2887,Boot Warmer,Laundry,view,,0,2024-10-24,73.0
6005,U1752,3170,Towel Warmer,Bathroom,purchase,2.8,1,2023-05-09,
6006,U1567,1705,Electric Drill,Tools,purchase,4.9,1,2024-08-11,
6007,U1852,3633,Pressure Washer,Cleaning,add_to_cart,,0,2024-04-29,
6008,U1896,2190,Security Camera,Security,view,,0,2023-11-27,51.0
6009,U1396,2246,Slush Machine,Hobby,add_to_cart,,0,2023-08-25,
6010,U1980,3572,DVD Player,Entertainment,view,,0,2023-10-13,95.0
6011,U1992,365,Milk Frother,Kitchen,view,,0,2024-04-06,242.0
6012,U1394,4456,Cotton Candy Machine,Hobby,add_to_cart,,0,2023-06-28,
6013,U0736,1529,Hand Mixer,Kitchen,purchase,4.6,1,2024-05-12,
6014,U0556,2303,WiFi Extender,Networking,purchase,4.1,1,2024-08-11,
6015,U1034,4147,Hair Curler,Personal Care,purchase,2.5,1,2024-06-21,
6016,U0022,3270,Cotton Candy Machine,Hobby,wishlist,2.7,0,2023-11-21,
6017,U1894,2518,Hair Straightener,Personal Care,add_to_cart,,0,2024-09-04,
6018,U1489,4076,Bidet Seat,Bathroom,view,,0,2023-01-24,42.0
6019,U0216,1190,Infrared Sauna,Fitness,purchase,4.0,1,2023-04-10,
6020,U0298,2218,Heating Pad,Personal Care,wishlist,4.3,0,2024-10-03,
6021,U0320,2279,Extension Cord,Power,view,,0,2023-10-22,94.0
6022,U1010,4144,Electric Scooter Charger,Power,wishlist,3.7,0,2024-06-19,
6023,U1443,3158,Air Fryer,Kitchen,add_to_cart,,0,2024-02-11,
6024,U1010,2280,Solar Panel Inverter,Power,purchase,3.3,1,2023-08-27,
6025,U0653,2232,Smart Curtain Motor,Smart Home,view,,0,2024-08-31,212.0
6026,U0150,1750,Smoke Detector,Security,purchase,3.7,1,2023-09-10,
6027,U0639,7,Mixer Grinder,Kitchen,view,,0,2024-03-14,169.0
6028,U0430,3772,Modem,Networking,purchase,4.7,1,2024-07-30,
6029,U0196,4110,Air Conditioner,Climate,view,,0,2024-10-13,33.0
6030,U1360,2201,Angle Grinder,Tools,purchase,5.0,1,2024-06-20,
6031,U1286,2490,Water Heater,Bathroom,wishlist,4.1,0,2024-09-24,
6032,U1441,1868,Network Attached Storage,Networking,purchase,4.6,1,2023-03-31,
6033,U0405,1808,Terrarium Heater,Pet,purchase,4.1,1,2024-05-03,
6034,U1668,1490,Ceiling Fan,Climate,view,,0,2023-06-17,21.0
6035,U1929,3438,Air Purifier,Climate,purchase,4.3,1,2023-01-16,
6036,U1708,2783,Door Intercom,Security,wishlist,5.0,0,2023-07-03,
6037,U0636,339,Microwave Oven,Kitchen,view,,0,2023-05-12,70.0
6038,U1143,4065,Digital Photo Frame,Entertainment,add_to_cart,,0,2023-01-20,
6039,U1293,3991,Water Pump,Outdoor,wishlist,2.9,0,2023-12-08,
6040,U1799,4591,Set Top Box,Entertainment,purchase,4.9,1,2023-08-24,
6041,U0423,2023,Wall Clock,Decor,purchase,3.1,1,2024-04-23,
6042,U1116,3714,Portable Dishwasher,Cleaning,wishlist,3.8,0,2024-03-10,
6043,U1643,2699,Ceiling Fan,Climate,add_to_cart,,0,2024-02-02,
6044,U1475,2594,Carbon Monoxide Detector,Security,wishlist,3.8,0,2023-12-05,
6045,U1921,1036,Hair Curler,Personal Care,view,,0,2023-06-18,58.0
6046,U1835,3356,Printer,Tools,purchase,2.9,1,2024-09-26,
6047,U0893,3640,Digital Photo Frame,Entertainment,wishlist,4.6,0,2024-01-09,
6048,U1172,1055,Carpet Cleaner,Cleaning,purchase,4.3,1,2024-08-31,
6049,U1255,4416,Attic Fan,Climate,purchase,3.5,1,2023-05-31,
6050,U0404,2290,Smart Lock,Security,view,,0,2024-04-08,275.0
6051,U0976,601,Carbon Monoxide Detector,Security,view,,0,2024-10-18,91.0
6052,U0691,1750,Smoke Detector,Security,wishlist,3.6,0,2024-04-06,
6053,U1987,20,Freezer,Kitchen,add_to_cart,,0,2024-02-15,
6054,U1652,3841,Clock,Decor,wishlist,5.0,0,2023-01-06,
6055,U1847,3878,Garment Steamer,Laundry,add_to_cart,,0,2024-10-26,
6056,U1902,2386,Aquarium Heater,Pet,wishlist,2.9,0,2024-08-24,
6057,U1109,1658,Portable Air Conditioner,Climate,view,,0,2023-12-11,136.0
6058,U1546,4046,Electric Toothbrush,Personal Care,purchase,4.1,1,2023-01-14,
6059,U1222,3665,Table Fan,Climate,view,,0,2024-08-16,202.0
6060,U0736,1926,Video Doorbell,Security,view,,0,2024-10-04,90.0
6061,U1023,1974,Router,Networking,view,,0,2024-10-04,38.0
6062,U1343,200,Ice Crusher,Kitchen,add_to_cart,,0,2024-05-01,
6063,U1378,1936,Yogurt Maker,Kitchen,view,,0,2024-07-16,7.0
6064,U1465,3327,Modem,Networking,view,,0,2023-10-26,29.0
6065,U0502,2239,Built In Dishwasher,Kitchen,view,,0,2023-09-22,27.0
6066,U0626,1563,Wall Clock,Decor,wishlist,4.2,0,2024-06-05,
6067,U1452,4960,Aquarium Filter,Pet,add_to_cart,,0,2024-01-03,
6068,U1168,2591,Scanner,Tools,add_to_cart,,0,2023-08-29,
6069,U1691,4385,Laminator,Tools,purchase,5.0,1,2024-05-23,
6070,U0961,1629,Smart Plug,Smart Home,purchase,4.3,1,2024-10-14,
6071,U0554,4609,Thermostat,Climate,purchase,5.0,1,2024-03-13,
6072,U1847,3359,Towel Warmer,Bathroom,view,,0,2023-03-11,224.0
6073,U0944,486,Vacuum Sealer,Kitchen,view,,0,2023-02-26,132.0
6074,U0676,4509,Infrared Sauna,Fitness,view,,0,2023-07-25,34.0
6075,U0629,1278,Electric Mop,Cleaning,purchase,3.6,1,2024-02-29,
6076,U1172,916,Ice Cream Maker,Kitchen,wishlist,3.3,0,2023-08-02,
6077,U0478,997,Countertop Dishwasher,Cleaning,view,,0,2024-12-07,26.0
6078,U0761,3315,Sump Pump,Outdoor,add_to_cart,,0,2023-04-12,
6079,U1650,3110,Window Cleaner Robot,Cleaning,view,,0,2024-06-03,32.0
6080,U1231,2006,Home Automation Controller,Networking,view,,0,2024-03-14,52.0
6081,U0554,867,Exercise Bike,Fitness,purchase,3.8,1,2023-02-08,
6082,U0567,3407,Electric Shaver,Personal Care,add_to_cart,,0,2023-08-31,
6083,U0650,2701,Label Maker,Tools,purchase,4.5,1,2023-05-27,
6084,U0219,4907,Air Cooler,Climate,purchase,4.8,1,2023-02-18,
6085,U1480,3611,Range Hood,Kitchen,view,,0,2023-10-15,2.0
6086,U0305,2061,Freezer,Kitchen,purchase,4.2,1,2024-04-11,
6087,U1250,1769,Towel Warmer,Bathroom,wishlist,4.2,0,2023-06-14,
6088,U0675,1750,Smoke Detector,Security,view,,0,2023-03-22,180.0
6089,U0654,1098,Automatic Pet Water Fountain,Pet,purchase,4.7,1,2024-03-03,
6090,U1862,827,Smart Hub,Networking,view,,0,2024-07-11,95.0
6091,U1465,4980,Smart Curtain Motor,Smart Home,purchase,3.3,1,2023-03-23,
6092,U0969,1775,Television,Entertainment,purchase,2.4,1,2024-03-03,
6093,U1393,561,UV Water Purifier,Bathroom,purchase,3.1,1,2023-01-10,
6094,U0690,3466,Garment Steamer,Laundry,view,,0,2023-07-07,24.0
6095,U0010,3998,Wall Clock,Decor,view,,0,2024-11-20,300.0
6096,U1601,2771,Electric Oven,Kitchen,view,,0,2024-09-13,74.0
6097,U1181,166,Landline Phone,Smart Home,view,,0,2023-10-11,80.0
6098,U1066,1165,Toaster Oven,Kitchen,add_to_cart,,0,2023-12-23,
6099,U1494,3398,Kombucha Maker,Hobby,view,,0,2023-05-06,86.0
6100,U1239,2627,Washing Machine,Laundry,add_to_cart,,0,2023-11-30,
6101,U1275,3002,Terrarium Heater,Pet,wishlist,3.1,0,2023-12-29,
6102,U0891,3877,Slush Machine,Hobby,view,,0,2024-01-30,99.0
6103,U1911,4582,Exhaust Fan,Climate,view,,0,2024-06-19,9.0
6104,U1935,2013,Air Fryer,Kitchen,purchase,3.8,1,2023-05-26,
6105,U1202,4662,Lawn Mower,Tools,view,,0,2024-09-12,46.0
6106,U1155,156,Leaf Blower,Tools,add_to_cart,,0,2023-11-25,
6107,U0641,508,Carpet Cleaner,Cleaning,view,,0,2023-11-29,78.0
6108,U1549,4999,Deep Fryer,Kitchen,wishlist,4.6,0,2023-01-24,
6109,U1517,1038,Humidifier,Climate,add_to_cart,,0,2024-03-22,
6110,U0525,4582,Exhaust Fan,Climate,purchase,4.0,1,2024-08-29,
6111,U0913,1975,Label Maker,Tools,purchase,4.1,1,2024-12-04,
6112,U0582,3708,Elliptical Trainer,Fitness,view,,0,2024-05-17,48.0
6113,U1787,1098,Automatic Pet Water Fountain,Pet,add_to_cart,,0,2023-03-15,
6114,U1644,2887,Boot Warmer,Laundry,purchase,2.1,1,2023-09-27,
6115,U1420,3405,Smart Plug,Smart Home,view,,0,2024-03-04,204.0
6116,U0144,3562,Electric Shaver,Personal Care,view,,0,2023-03-27,25.0
6117,U0888,2824,Blender,Kitchen,view,,0,2024-12-06,79.0
6118,U1466,3494,Water Pump,Outdoor,add_to_cart,,0,2023-10-30,
6119,U1937,1465,Handheld Vacuum,Cleaning,add_to_cart,,0,2024-06-03,
6120,U0341,2756,Dehumidifier,Climate,view,,0,2023-10-16,239.0
6121,U0884,4086,Blender,Kitchen,add_to_cart,,0,2024-07-19,
6122,U1543,1077,Smart Switch,Smart Home,add_to_cart,,0,2024-05-28,
6123,U0792,4908,Massage Chair,Personal Care,view,,0,2024-11-22,213.0
6124,U1211,1170,Smart Door Lock,Security,wishlist,4.1,0,2023-04-19,
6125,U1040,421,Rowing Machine,Fitness,add_to_cart,,0,2024-12-21,
6126,U1594,4380,Smart Oven,Kitchen,view,,0,2023-11-29,37.0
6127,U1483,1724,Space Heater,Climate,view,,0,2023-04-16,100.0
6128,U1252,4829,Water Heater,Bathroom,add_to_cart,,0,2023-08-30,
6129,U1291,2353,Water Filter,Bathroom,wishlist,3.7,0,2023-01-15,
6130,U1698,3003,Smart Bulb,Smart Home,view,,0,2024-06-05,854.0
6131,U1789,462,Handheld Vacuum,Cleaning,purchase,3.0,1,2023-05-07,
6132,U1816,2581,Wall Clock,Decor,add_to_cart,,0,2023-08-01,
6133,U1680,138,Built In Microwave,Kitchen,view,,0,2023-03-04,213.0
6134,U0138,3796,Clothesline Dryer,Laundry,purchase,4.1,1,2024-11-23,
6135,U0281,4459,Electric Mop,Cleaning,add_to_cart,,0,2024-11-25,
6136,U0317,3038,Foot Massager,Personal Care,wishlist,3.8,0,2024-05-18,
6137,U0179,1146,Home Brewing Kit,Hobby,view,,0,2024-03-11,233.0
6138,U0935,4542,Gas Stove,Kitchen,view,,0,2024-07-17,42.0
6139,U0767,51,Carpet Cleaner,Cleaning,add_to_cart,,0,2024-10-04,
6140,U0750,3047,UV Water Purifier,Bathroom,wishlist,4.2,0,2024-07-04,
6141,U1906,3899,Automatic Pet Water Fountain,Pet,view,,0,2023-10-28,3.0
6142,U1043,2535,Home Sauna,Fitness,add_to_cart,,0,2024-04-03,
6143,U0114,341,Smart Hub,Networking,view,,0,2024-04-15,74.0
6144,U1933,4476,Smart Air Conditioner,Climate,purchase,4.3,1,2024-02-02,
6145,U1061,3948,Dishwasher,Cleaning,add_to_cart,,0,2023-04-09,
6146,U1511,165,Wall Clock,Decor,wishlist,3.2,0,2023-10-17,
6147,U0824,631,Dishwasher,Cleaning,purchase,4.7,1,2024-04-09,
6148,U1556,4569,Gas Stove,Kitchen,purchase,5.0,1,2023-12-11,
6149,U1725,3444,Home Sauna,Fitness,purchase,3.3,1,2024-08-23,
6150,U1240,1199,Television,Entertainment,wishlist,3.7,0,2023-08-20,
6151,U0217,4186,Epilator,Personal Care,add_to_cart,,0,2023-10-22,
6152,U1201,932,Central Vacuum System,Cleaning,add_to_cart,,0,2023-05-28,
6153,U1373,3374,Smart Lock,Security,view,,0,2023-10-16,31.0
6154,U1750,1409,Carpet Cleaner,Cleaning,view,,0,2023-08-17,102.0
6155,U1182,4983,Induction Oven,Kitchen,add_to_cart,,0,2024-10-28,
6156,U0398,2571,Wall Clock,Decor,add_to_cart,,0,2023-05-06,
6157,U1026,2272,Range Hood,Kitchen,purchase,4.8,1,2023-05-18,
6158,U0167,3841,Clock,Decor,wishlist,4.9,0,2023-06-01,
6159,U0619,149,Landline Phone,Smart Home,add_to_cart,,0,2024-09-30,
6160,U0938,1541,Toaster Oven,Kitchen,view,,0,2024-03-10,468.0
6161,U0597,2492,Chapati Maker,Kitchen,wishlist,4.1,0,2023-04-28,
6162,U0213,4753,Bidet Seat,Bathroom,view,,0,2023-12-25,22.0
6163,U1634,3081,Smart Washer,Laundry,view,,0,2024-02-10,17.0
6164,U0653,2545,Electric Blanket,Personal Care,view,,0,2024-11-24,185.0
6165,U0827,1039,Sump Pump,Outdoor,add_to_cart,,0,2024-05-26,
6166,U1832,2594,Carbon Monoxide Detector,Security,view,,0,2023-08-18,178.0
6167,U0550,2256,Window Cleaner Robot,Cleaning,purchase,1.7,1,2024-07-03,
6168,U1502,3866,Smart Hub,Networking,add_to_cart,,0,2024-02-21,
6169,U1673,2679,Smart Refrigerator,Kitchen,add_to_cart,,0,2024-12-22,
6170,U1154,1915,Angle Grinder,Tools,view,,0,2023-06-03,157.0
6171,U0598,2990,Emergency Light,Security,view,,0,2024-07-02,132.0
6172,U1267,2650,Terrarium Heater,Pet,purchase,4.7,1,2024-10-30,
6173,U0977,4543,Citrus Juicer,Kitchen,purchase,4.7,1,2023-10-31,
6174,U1282,900,Alarm Clock,Decor,wishlist,3.8,0,2024-09-08,
6175,U1714,1458,Fermentation Crock,Hobby,add_to_cart,,0,2023-11-18,
6176,U1599,2680,Electric Vehicle Charger,Power,wishlist,4.9,0,2023-03-28,
6177,U0092,1981,Security Camera,Security,purchase,4.2,1,2024-09-27,
6178,U0623,2337,Water Dispenser,Kitchen,add_to_cart,,0,2023-12-07,
6179,U0877,1571,Pool Heater,Outdoor,purchase,3.3,1,2024-09-21,
6180,U0646,681,Smart Refrigerator,Kitchen,view,,0,2023-01-30,128.0
6181,U1582,3076,Pool Pump,Outdoor,view,,0,2024-11-04,40.0
6182,U0787,4699,Aquarium Filter,Pet,add_to_cart,,0,2023-11-04,
6183,U0840,2124,Air Quality Monitor,Smart Home,add_to_cart,,0,2023-02-27,
6184,U0944,4838,Portable Air Conditioner,Climate,view,,0,2023-02-15,102.0
6185,U0229,3691,Juicer,Kitchen,view,,0,2023-07-09,28.0
6186,U0111,2391,Ice Crusher,Kitchen,purchase,4.2,1,2024-08-04,
6187,U0452,1440,Mini Washing Machine,Laundry,add_to_cart,,0,2024-04-12,
6188,U1900,697,Smart Plug,Smart Home,wishlist,4.0,0,2023-07-26,
6189,U1493,1830,Electric Lunch Box,Kitchen,view,,0,2023-08-29,29.0
6190,U0176,1903,Electric Lunch Box,Kitchen,purchase,3.4,1,2023-05-19,
6191,U0913,3322,Refrigerator,Kitchen,purchase,4.1,1,2023-03-19,
6192,U1333,678,Smart Garage Door Opener,Security,view,,0,2024-12-20,67.0
6193,U1430,4748,Chainsaw,Tools,view,,0,2023-06-15,64.0
6194,U0490,1036,Hair Curler,Personal Care,view,,0,2023-04-02,223.0
6195,U1996,3195,Massage Chair,Personal Care,view,,0,2024-10-23,66.0
6196,U0572,3235,Portable Air Conditioner,Climate,purchase,4.5,1,2023-01-01,
6197,U0559,478,Misting Fan,Climate,add_to_cart,,0,2024-12-29,
6198,U0887,511,Weather Station,Smart Home,view,,0,2024-10-31,100.0
6199,U0750,1808,Terrarium Heater,Pet,add_to_cart,,0,2023-10-25,
6200,U1654,4378,Television,Entertainment,view,,0,2023-11-24,190.0
6201,U0824,2042,Kegerator,Hobby,view,,0,2024-03-17,113.0
6202,U0270,1492,Scanner,Tools,purchase,2.0,1,2023-12-14,
6203,U1577,2262,Air Quality Monitor,Smart Home,view,,0,2023-09-23,102.0
6204,U1565,1021,Sewing Machine,Hobby,add_to_cart,,0,2023-08-19,
6205,U0344,1998,Door Intercom,Security,add_to_cart,,0,2024-09-09,
6206,U1134,353,Smart TV,Entertainment,purchase,4.9,1,2023-01-28,
6207,U0636,2278,Bidet Seat,Bathroom,add_to_cart,,0,2023-07-08,
6208,U0461,125,Kombucha Maker,Hobby,add_to_cart,,0,2023-09-08,
6209,U1079,2305,Space Heater,Climate,view,,0,2023-04-12,86.0
6210,U0292,3612,Security Camera,Security,purchase,4.1,1,2024-02-14,
6211,U1145,1904,Baby Food Maker,Kitchen,view,,0,2023-11-27,10.0
6212,U0120,2573,Dough Maker,Kitchen,add_to_cart,,0,2023-08-18,
6213,U1386,2450,Laminator,Tools,purchase,5.0,1,2024-10-17,
6214,U0502,2613,Smart Oven,Kitchen,add_to_cart,,0,2024-06-15,
6215,U0270,1587,Water Flosser,Personal Care,wishlist,5.0,0,2024-10-31,
6216,U1003,526,Tankless Water Heater,Bathroom,purchase,3.7,1,2023-06-23,
6217,U1463,901,Electric Mop,Cleaning,purchase,4.5,1,2024-12-14,
6218,U1654,4150,Smoke Detector,Security,view,,0,2023-09-13,231.0
6219,U0607,4621,Electric Skillet,Kitchen,purchase,3.6,1,2023-01-20,
6220,U0553,2000,Wine Cooler,Kitchen,purchase,3.9,1,2024-09-11,
6221,U1122,4752,Portable Dishwasher,Cleaning,add_to_cart,,0,2023-06-29,
6222,U1474,1898,Laminator,Tools,view,,0,2023-09-04,133.0
6223,U0459,1276,Hair Straightener,Personal Care,view,,0,2023-05-14,448.0
6224,U0897,2737,Hedge Trimmer,Tools,purchase,4.1,1,2024-07-28,
6225,U1944,4466,Air Purifier,Climate,view,,0,2023-02-27,210.0
6226,U1178,608,Rice Cooker,Kitchen,wishlist,3.3,0,2023-09-17,
6227,U0904,3459,Fabric Shaver,Laundry,view,,0,2023-06-13,465.0
6228,U0609,4966,Hand Mixer,Kitchen,add_to_cart,,0,2024-11-17,
6229,U1092,2553,Pool Heater,Outdoor,view,,0,2024-02-11,543.0
6230,U0133,3330,Smoke Detector,Security,view,,0,2024-11-02,59.0
6231,U1688,4129,Washing Machine,Laundry,add_to_cart,,0,2024-10-24,
6232,U1278,4074,Sprinkler System,Tools,purchase,4.3,1,2023-07-17,
6233,U0468,1714,Speakers,Entertainment,purchase,3.7,1,2024-07-18,
6234,U1794,1819,Refrigerator,Kitchen,view,,0,2023-09-15,138.0
6235,U1934,2691,Electric Knife,Kitchen,add_to_cart,,0,2023-12-31,
6236,U1131,3052,Juicer,Kitchen,view,,0,2024-10-25,179.0
6237,U0796,1147,Microwave Oven,Kitchen,add_to_cart,,0,2024-11-19,
6238,U0893,637,Popcorn Maker,Kitchen,view,,0,2023-04-27,0.0
6239,U1020,3967,Video Doorbell,Security,add_to_cart,,0,2024-11-14,
6240,U0862,518,Electric Grill,Kitchen,view,,0,2024-04-19,30.0
6241,U1401,1276,Hair Straightener,Personal Care,wishlist,4.2,0,2023-10-26,
6242,U1807,4307,Smoke Detector,Security,add_to_cart,,0,2024-08-02,
6243,U1558,1475,Sprinkler System,Tools,purchase,4.0,1,2023-03-14,
6244,U1616,3577,Epilator,Personal Care,view,,0,2023-04-08,259.0
6245,U1527,1049,Smart Thermostat,Climate,wishlist,3.2,0,2023-10-31,
6246,U0311,3038,Foot Massager,Personal Care,view,,0,2024-03-27,71.0
6247,U0935,2071,Smart Hub,Networking,add_to_cart,,0,2023-01-10,
6248,U0528,906,Window Air Conditioner,Climate,view,,0,2023-09-24,62.0
6249,U1843,3300,Smart Vacuum,Cleaning,add_to_cart,,0,2023-07-19,
6250,U0904,75,Clock,Decor,wishlist,3.8,0,2024-01-18,
6251,U1607,515,Portable Dishwasher,Cleaning,purchase,4.7,1,2024-02-18,
6252,U0813,4822,Automatic Pet Water Fountain,Pet,add_to_cart,,0,2023-10-12,
6253,U1115,4604,Humidifier,Climate,add_to_cart,,0,2024-03-13,
6254,U0917,3166,Label Maker,Tools,view,,0,2024-10-31,98.0
6255,U1265,3087,Electric Fireplace,Climate,wishlist,4.2,0,2024-11-08,
6256,U0976,729,3D Printer,Hobby,purchase,3.7,1,2024-02-21,
6257,U0051,1828,OTG Oven,Kitchen,add_to_cart,,0,2023-02-14,
6258,U1420,1120,Central Air Conditioner,Climate,view,,0,2024-12-11,17.0
6259,U0343,168,Electric Mop,Cleaning,view,,0,2024-06-04,351.0
6260,U1685,2554,Bottle Sterilizer,Kitchen,add_to_cart,,0,2023-01-30,
6261,U1464,831,Towel Warmer,Bathroom,wishlist,2.3,0,2024-11-14,
6262,U1314,1718,Hand Mixer,Kitchen,add_to_cart,,0,2024-12-21,
6263,U1800,3799,Scanner,Tools,view,,0,2024-07-08,170.0
6264,U0024,1084,Air Quality Monitor,Smart Home,wishlist,4.2,0,2024-09-13,
6265,U0235,2897,Central Air Conditioner,Climate,view,,0,2023-01-10,144.0
6266,U0981,472,Pool Heater,Outdoor,add_to_cart,,0,2024-05-15,
6267,U0747,506,Egg Cooker,Kitchen,add_to_cart,,0,2023-01-25,
6268,U0677,3244,Ice Cream Maker,Kitchen,purchase,3.9,1,2024-04-22,
6269,U0848,4036,Hand Mixer,Kitchen,view,,0,2023-02-01,68.0
6270,U0643,697,Smart Plug,Smart Home,purchase,3.3,1,2023-02-02,
6271,U0347,3222,Kitchen Chimney,Kitchen,purchase,4.0,1,2023-04-25,
6272,U0095,4970,Smart Bulb,Smart Home,add_to_cart,,0,2023-05-20,
6273,U0397,1692,Voltage Stabilizer,Power,add_to_cart,,0,2024-04-28,
6274,U1874,143,Foot Massager,Personal Care,view,,0,2024-06-18,89.0
6275,U0166,828,Label Maker,Tools,add_to_cart,,0,2024-10-10,
6276,U1502,1435,Exhaust Fan,Climate,wishlist,4.4,0,2023-02-16,
6277,U1953,4222,Smart Refrigerator,Kitchen,wishlist,4.3,0,2023-06-11,
6278,U0369,1835,Space Heater,Climate,purchase,4.7,1,2023-08-02,
6279,U1667,58,Printer,Tools,purchase,4.0,1,2024-05-04,
6280,U0668,4203,Countertop Dishwasher,Cleaning,add_to_cart,,0,2023-01-31,
6281,U1044,1468,Kegerator,Hobby,purchase,3.6,1,2023-06-23,
6282,U0515,4779,Foot Massager,Personal Care,add_to_cart,,0,2023-03-03,
6283,U1735,3864,WiFi Extender,Networking,view,,0,2023-11-05,219.0
6284,U0849,2827,Handheld Vacuum,Cleaning,purchase,2.8,1,2023-07-24,
6285,U0792,1384,Robot Vacuum,Cleaning,purchase,4.5,1,2023-09-22,
6286,U0137,1869,Cotton Candy Machine,Hobby,purchase,4.9,1,2024-01-21,
6287,U0206,371,Alarm Clock,Decor,wishlist,4.4,0,2024-04-09,
6288,U0249,2610,Massager,Personal Care,purchase,2.1,1,2024-03-25,
6289,U1327,2631,Exercise Bike,Fitness,view,,0,2024-09-11,415.0
6290,U0896,256,Fan,Climate,view,,0,2024-12-15,24.0
6291,U1449,1746,Robot Vacuum,Cleaning,view,,0,2023-02-03,88.0
6292,U0036,646,Smart Display,Entertainment,purchase,4.4,1,2023-05-08,
6293,U0204,3909,Dishwasher,Cleaning,view,,0,2023-04-06,28.0
6294,U0094,30,Fermentation Crock,Hobby,purchase,3.6,1,2024-08-11,
6295,U1006,2646,Router,Networking,purchase,5.0,1,2023-05-28,
6296,U0204,3373,Projector,Entertainment,purchase,5.0,1,2023-03-17,
6297,U0800,1987,Digital Safe,Security,view,,0,2023-12-12,1.0
6298,U1276,2433,Clothes Dryer,Laundry,view,,0,2024-10-12,162.0
6299,U0562,4450,Central Air Conditioner,Climate,view,,0,2023-12-12,3.0
6300,U0700,2143,Water Flosser,Personal Care,add_to_cart,,0,2024-10-24,
6301,U0576,1001,Pet Feeder,Pet,add_to_cart,,0,2023-03-23,
6302,U1542,3353,Bread Maker,Kitchen,purchase,4.7,1,2024-06-03,
6303,U0855,4529,Water Dispenser,Kitchen,view,,0,2024-09-24,19.0
6304,U1409,3875,Smart Hub,Networking,add_to_cart,,0,2023-05-13,
6305,U1478,1563,Wall Clock,Decor,wishlist,4.1,0,2024-08-31,
6306,U0237,4733,Smart Refrigerator,Kitchen,add_to_cart,,0,2024-10-27,
6307,U0612,3858,Handheld Vacuum,Cleaning,add_to_cart,,0,2024-12-18,
6308,U0019,679,Exercise Bike,Fitness,wishlist,4.9,0,2023-01-23,
6309,U1420,77,Roti Maker,Kitchen,add_to_cart,,0,2023-03-31,
6310,U0558,2254,Sprinkler System,Tools,purchase,5.0,1,2023-08-09,
6311,U0712,4357,Trimmer,Personal Care,view,,0,2024-10-28,28.0
6312,U0159,561,UV Water Purifier,Bathroom,view,,0,2023-01-26,88.0
6313,U1821,3692,Pool Heater,Outdoor,add_to_cart,,0,2023-07-04,
6314,U1617,4218,Wall Clock,Decor,add_to_cart,,0,2024-04-22,
6315,U0405,2121,Home Sauna,Fitness,view,,0,2024-06-25,203.0
6316,U1241,4209,Rowing Machine,Fitness,view,,0,2023-09-29,88.0
6317,U1616,308,Soundbar,Entertainment,purchase,3.8,1,2023-10-07,
6318,U0676,3808,Treadmill,Fitness,view,,0,2024-03-29,54.0
6319,U1629,4313,Portable Air Conditioner,Climate,view,,0,2024-01-16,129.0
6320,U1306,3681,Smart Bulb,Smart Home,view,,0,2023-02-22,18.0
6321,U1746,602,Pool Heater,Outdoor,view,,0,2024-09-08,1.0
6322,U0374,4281,Central Air Conditioner,Climate,view,,0,2024-12-26,163.0
6323,U1295,469,Clock,Decor,purchase,4.6,1,2024-10-10,
6324,U0532,1729,Attic Fan,Climate,purchase,4.4,1,2024-08-19,
6325,U0407,2757,Angle Grinder,Tools,purchase,5.0,1,2023-04-10,
6326,U0747,3729,Hot Dog Maker,Kitchen,purchase,2.5,1,2023-02-11,
6327,U1432,2546,Steam Cleaner,Cleaning,wishlist,3.0,0,2023-03-26,
6328,U0609,782,Electric Pressure Cooker,Kitchen,purchase,4.1,1,2023-05-11,
6329,U1767,2740,Kitchen Chimney,Kitchen,view,,0,2023-03-10,33.0
6330,U0903,3089,Built In Microwave,Kitchen,view,,0,2024-05-30,29.0
6331,U0551,2134,Massage Chair,Personal Care,view,,0,2023-08-31,41.0
6332,U1790,4608,Robot Vacuum,Cleaning,add_to_cart,,0,2024-02-17,
6333,U1586,4948,Window Cleaner Robot,Cleaning,purchase,3.4,1,2024-11-06,
6334,U1931,4833,Chainsaw,Tools,view,,0,2024-12-21,46.0
6335,U0992,1526,Solar Water Heater,Power,view,,0,2023-10-05,143.0
6336,U0592,924,Electric Oven,Kitchen,wishlist,4.4,0,2023-10-17,
6337,U0403,2183,Foot Massager,Personal Care,view,,0,2023-12-08,85.0
6338,U1393,611,Air Fryer,Kitchen,wishlist,4.2,0,2024-07-10,
6339,U0450,193,Water Heater,Bathroom,add_to_cart,,0,2024-04-10,
6340,U0306,518,Electric Grill,Kitchen,purchase,4.1,1,2024-02-24,
6341,U1718,1025,Electric Lunch Box,Kitchen,view,,0,2024-02-15,82.0
6342,U1061,754,Handheld Vacuum,Cleaning,wishlist,3.1,0,2023-09-15,
6343,U1322,4035,Foot Massager,Personal Care,wishlist,3.0,0,2024-08-11,
6344,U1577,299,Door Intercom,Security,view,,0,2024-02-18,45.0
6345,U0847,4777,Electric Pressure Cooker,Kitchen,purchase,5.0,1,2023-01-10,
6346,U1165,936,Electric Toothbrush,Personal Care,view,,0,2023-10-12,5.0
6347,U0659,4389,Modem,Networking,view,,0,2024-04-11,125.0
6348,U0873,1918,Foot Massager,Personal Care,purchase,2.2,1,2023-01-02,
6349,U1895,4582,Exhaust Fan,Climate,purchase,3.3,1,2023-03-20,
6350,U1458,3016,Video Doorbell,Security,purchase,4.9,1,2024-08-22,
6351,U0915,803,Meat Grinder,Kitchen,purchase,3.2,1,2023-07-23,
6352,U1338,1182,Cooktop,Kitchen,add_to_cart,,0,2024-03-18,
6353,U1032,4519,Automatic Pet Water Fountain,Pet,view,,0,2023-09-29,14.0
6354,U0040,2313,CCTV System,Security,view,,0,2024-01-08,99.0
6355,U0734,3131,Electric Vehicle Charger,Power,add_to_cart,,0,2024-09-23,
6356,U1502,3347,Foot Massager,Personal Care,view,,0,2024-08-02,25.0
6357,U0694,826,Central Air Conditioner,Climate,view,,0,2023-03-31,62.0
6358,U0370,4943,Bladeless Fan,Climate,wishlist,4.5,0,2024-01-16,
6359,U0839,3073,Electric Skillet,Kitchen,view,,0,2024-10-29,76.0
6360,U0828,3480,Slush Machine,Hobby,wishlist,4.0,0,2023-11-22,
6361,U1548,1344,Aquarium Heater,Pet,add_to_cart,,0,2024-08-20,
6362,U0131,4725,Foot Massager,Personal Care,view,,0,2024-12-22,103.0
6363,U0294,2326,Electric Shaver,Personal Care,view,,0,2023-10-11,8.0
6364,U0297,2300,Electric Vehicle Charger,Power,view,,0,2023-11-23,229.0
6365,U0675,96,Electric Shaver,Personal Care,view,,0,2024-03-08,145.0
6366,U0406,475,Soundbar,Entertainment,purchase,2.7,1,2023-06-20,
6367,U1800,4889,Electric Blanket,Personal Care,view,,0,2024-04-03,250.0
6368,U1336,3387,Emergency Light,Security,add_to_cart,,0,2024-09-29,
6369,U1066,179,Water Pump,Outdoor,add_to_cart,,0,2023-04-19,
6370,U0886,805,Infrared Sauna,Fitness,view,,0,2023-12-27,125.0
6371,U1748,2032,RO Purifier,Bathroom,purchase,3.2,1,2024-09-16,
6372,U1688,4608,Robot Vacuum,Cleaning,view,,0,2023-05-24,22.0
6373,U0274,2797,Smart Bulb,Smart Home,add_to_cart,,0,2024-04-01,
6374,U0679,3269,WiFi Extender,Networking,purchase,3.9,1,2024-09-01,
6375,U1534,842,Humidifier,Climate,add_to_cart,,0,2024-09-23,
6376,U0611,2780,Towel Warmer,Bathroom,wishlist,3.2,0,2024-03-22,
6377,U1704,728,Water Boiler,Kitchen,wishlist,3.3,0,2024-01-15,
6378,U1213,1082,Stand Mixer,Kitchen,add_to_cart,,0,2024-09-23,
6379,U1020,2926,Smart Plug,Smart Home,purchase,4.1,1,2023-01-04,
6380,U0660,355,Hot Dog Maker,Kitchen,view,,0,2024-02-05,203.0
6381,U1327,788,Carpet Cleaner,Cleaning,view,,0,2024-08-17,159.0
6382,U1403,3973,Electric Fireplace,Climate,purchase,4.3,1,2023-09-16,
6383,U0074,2853,Floor Polisher,Cleaning,view,,0,2023-02-02,78.0
6384,U1145,2113,Leaf Blower,Tools,purchase,1.6,1,2023-02-02,
6385,U1746,4189,Printer,Tools,purchase,4.5,1,2024-06-03,
6386,U0026,4319,Smart Switch,Smart Home,add_to_cart,,0,2024-07-25,
6387,U1551,4253,Gas Stove,Kitchen,view,,0,2024-02-15,72.0
6388,U1224,1401,Portable Air Conditioner,Climate,view,,0,2024-01-25,241.0
6389,U1122,3738,Wall Clock,Decor,view,,0,2023-03-03,82.0
6390,U0010,718,Modem,Networking,wishlist,4.6,0,2023-01-11,
6391,U1390,4343,Trimmer,Personal Care,view,,0,2023-10-25,58.0
6392,U1246,195,Electric Scooter Charger,Power,add_to_cart,,0,2024-12-27,
6393,U0691,1924,Smart Switch,Smart Home,wishlist,4.6,0,2023-05-04,
6394,U1264,4217,Coffee Grinder,Kitchen,purchase,2.5,1,2023-10-17,
6395,U0244,816,Home Automation Controller,Networking,add_to_cart,,0,2023-09-19,
6396,U1842,760,Solo Microwave,Kitchen,add_to_cart,,0,2024-01-17,
6397,U1942,4322,Garage Door Motor,Outdoor,view,,0,2023-09-28,96.0
6398,U1951,3175,Air Quality Monitor,Smart Home,purchase,3.7,1,2023-10-16,
6399,U1440,4345,Convection Microwave,Kitchen,view,,0,2024-01-18,56.0
6400,U1431,546,Electric Mop,Cleaning,purchase,4.7,1,2023-06-28,
6401,U0121,602,Pool Heater,Outdoor,purchase,4.1,1,2023-01-03,
6402,U0852,1160,Exhaust Fan,Climate,view,,0,2023-05-04,7.0
6403,U0259,4036,Hand Mixer,Kitchen,purchase,2.8,1,2024-07-09,
6404,U1500,4068,Massage Chair,Personal Care,add_to_cart,,0,2024-07-16,
6405,U0888,1672,Electric Knife,Kitchen,purchase,4.2,1,2023-05-03,
6406,U1549,3272,Waffle Maker,Kitchen,purchase,4.6,1,2023-05-08,
6407,U0121,1335,Electric Pressure Cooker,Kitchen,view,,0,2024-12-19,91.0
6408,U0721,462,Handheld Vacuum,Cleaning,view,,0,2024-01-03,164.0
6409,U0451,2782,Juicer,Kitchen,view,,0,2023-06-17,282.0
6410,U0213,1813,Steam Iron,Laundry,purchase,4.4,1,2023-01-28,
6411,U0236,3821,Video Doorbell,Security,view,,0,2024-01-15,44.0
6412,U1737,1757,Steam Iron,Laundry,wishlist,2.8,0,2024-01-15,
6413,U1982,3241,Food Dehydrator,Kitchen,wishlist,1.6,0,2023-09-17,
6414,U1298,4623,Pet Feeder,Pet,view,,0,2023-06-03,26.0
6415,U0832,96,Electric Shaver,Personal Care,view,,0,2024-02-16,48.0
6416,U0995,3909,Dishwasher,Cleaning,add_to_cart,,0,2024-07-26,
6417,U1805,1035,Blu Ray Player,Entertainment,wishlist,2.5,0,2023-05-04,
6418,U1384,3989,Elliptical Trainer,Fitness,wishlist,4.0,0,2023-05-16,
6419,U0597,299,Door Intercom,Security,view,,0,2024-12-30,62.0
6420,U1850,1289,Smart Garage Door Opener,Security,view,,0,2024-07-12,125.0
6421,U0257,3942,Smart Vacuum,Cleaning,add_to_cart,,0,2023-11-09,
6422,U1473,3217,Robot Vacuum,Cleaning,add_to_cart,,0,2024-01-03,
6423,U1852,4252,Clock,Decor,purchase,2.8,1,2024-01-29,
6424,U1901,4959,Security Camera,Security,purchase,4.5,1,2024-11-01,
6425,U0914,4918,Automatic Pet Water Fountain,Pet,purchase,4.0,1,2024-09-07,
6426,U1745,1476,Water Dispenser,Kitchen,view,,0,2024-09-30,306.0
6427,U1697,3342,Crepe Maker,Kitchen,add_to_cart,,0,2023-12-03,
6428,U1170,2293,Electric Toothbrush,Personal Care,view,,0,2024-10-05,181.0
6429,U1456,140,Modem,Networking,add_to_cart,,0,2024-07-20,
6430,U1504,776,Iron,Laundry,wishlist,5.0,0,2024-10-12,
6431,U1193,2799,Exhaust Fan,Climate,view,,0,2024-05-05,256.0
6432,U1221,234,Milk Frother,Kitchen,add_to_cart,,0,2023-05-07,
6433,U1598,377,Air Quality Monitor,Smart Home,purchase,4.0,1,2023-01-01,
6434,U1327,1389,Network Attached Storage,Networking,add_to_cart,,0,2023-06-02,
6435,U0922,473,Steam Cleaner,Cleaning,purchase,2.3,1,2024-07-31,
6436,U1075,2129,Can Opener,Kitchen,view,,0,2024-07-25,218.0
6437,U0024,2565,Automatic Pet Water Fountain,Pet,add_to_cart,,0,2023-03-08,
6438,U1674,4316,Smart Garage Door Opener,Security,purchase,5.0,1,2024-08-30,
6439,U0638,501,Electric Fireplace,Climate,purchase,4.7,1,2024-12-02,
6440,U1814,1870,Panini Press,Kitchen,purchase,4.9,1,2023-10-03,
6441,U0461,3886,Basement Dehumidifier,Outdoor,add_to_cart,,0,2024-01-04,
6442,U0765,4301,3D Printer,Hobby,view,,0,2023-10-10,29.0
6443,U0137,317,Vacuum Sealer,Kitchen,view,,0,2024-12-16,110.0
6444,U1080,3797,Printer,Tools,view,,0,2023-10-29,62.0
6445,U0846,3374,Smart Lock,Security,add_to_cart,,0,2023-02-04,
6446,U1407,4456,Cotton Candy Machine,Hobby,add_to_cart,,0,2024-04-20,
6447,U0842,2295,Hot Plate,Kitchen,purchase,4.3,1,2024-11-13,
6448,U0206,844,Automatic Pet Water Fountain,Pet,view,,0,2023-08-19,51.0
6449,U1749,4050,Home Automation Controller,Networking,purchase,4.2,1,2023-06-22,
6450,U1769,3936,Massager,Personal Care,add_to_cart,,0,2023-04-11,
6451,U1791,1600,Smoke Detector,Security,view,,0,2024-09-30,26.0
6452,U0730,4153,Electric Pressure Cooker,Kitchen,purchase,5.0,1,2024-08-30,
6453,U1551,4799,Trimmer,Personal Care,wishlist,3.3,0,2024-04-02,
6454,U1768,3388,Geyser,Bathroom,view,,0,2024-12-14,47.0
6455,U1140,405,Food Dehydrator,Kitchen,view,,0,2023-05-10,107.0
6456,U0674,1226,Countertop Dishwasher,Cleaning,purchase,3.7,1,2024-11-28,
6457,U1471,2540,Lawn Mower,Tools,purchase,2.6,1,2024-04-13,
6458,U1062,2696,Crepe Maker,Kitchen,purchase,3.9,1,2024-12-18,
6459,U1867,915,Induction Oven,Kitchen,view,,0,2024-04-10,179.0
6460,U0523,1230,Hair Curler,Personal Care,view,,0,2023-03-31,46.0
6461,U1326,2253,Humidifier,Climate,add_to_cart,,0,2024-06-14,
6462,U1499,3155,Blender,Kitchen,purchase,3.0,1,2024-07-20,
6463,U1855,2219,Terrarium Heater,Pet,purchase,3.7,1,2023-11-28,
6464,U1289,4786,Smart Refrigerator,Kitchen,view,,0,2023-04-19,90.0
6465,U1762,511,Weather Station,Smart Home,view,,0,2023-10-04,40.0
6466,U0577,2316,Electric Blanket,Personal Care,wishlist,3.4,0,2023-05-25,
6467,U1791,4906,Electric Drill,Tools,purchase,4.3,1,2024-11-01,
6468,U1416,2715,Ceiling Fan,Climate,purchase,5.0,1,2024-08-22,
6469,U1643,1518,Printer,Tools,add_to_cart,,0,2024-05-25,
6470,U0472,2030,Aquarium Heater,Pet,wishlist,4.2,0,2023-01-29,
6471,U1737,2106,Electric Fireplace,Climate,view,,0,2024-07-09,35.0
6472,U0708,4560,UPS,Power,add_to_cart,,0,2024-12-28,
6473,U0173,1107,Home Server,Networking,view,,0,2023-01-12,270.0
6474,U1146,2288,Built In Microwave,Kitchen,purchase,3.2,1,2024-09-15,
6475,U0416,803,Meat Grinder,Kitchen,add_to_cart,,0,2024-01-12,
6476,U1718,3530,Booster Pump,Outdoor,view,,0,2024-06-15,119.0
6477,U1477,3448,Video Doorbell,Security,view,,0,2024-09-03,59.0
6478,U1232,1839,Slush Machine,Hobby,view,,0,2023-11-15,6.0
6479,U1660,233,Shoe Dryer,Laundry,purchase,4.3,1,2024-05-07,
6480,U0235,4762,Waffle Maker,Kitchen,purchase,4.3,1,2024-03-05,
6481,U1320,4165,Smart Air Conditioner,Climate,purchase,4.9,1,2023-02-26,
6482,U1128,1321,Inverter,Power,add_to_cart,,0,2023-06-09,
6483,U0014,3153,Steam Cleaner,Cleaning,view,,0,2024-12-08,17.0
6484,U1803,2752,Heater,Climate,view,,0,2023-11-05,70.0
6485,U0009,2435,Aquarium Filter,Pet,add_to_cart,,0,2023-10-11,
6486,U0193,127,Massager,Personal Care,add_to_cart,,0,2023-05-17,
6487,U1949,4361,Landline Phone,Smart Home,view,,0,2023-08-02,158.0
6488,U1791,2344,Digital Safe,Security,view,,0,2024-02-27,527.0
6489,U0356,2908,Pool Pump,Outdoor,wishlist,3.4,0,2023-06-24,
6490,U0594,4791,Alarm Clock,Decor,add_to_cart,,0,2023-03-13,
6491,U1507,4376,Solar Panel Inverter,Power,add_to_cart,,0,2023-07-11,
6492,U0362,1232,Electric Toothbrush,Personal Care,add_to_cart,,0,2023-08-19,
6493,U1570,778,Lawn Mower,Tools,view,,0,2024-02-25,93.0
6494,U0669,2345,Weather Station,Smart Home,view,,0,2023-08-14,134.0
6495,U1530,887,Coffee Maker,Kitchen,add_to_cart,,0,2023-07-31,
6496,U1648,2126,Ice Cream Maker,Kitchen,add_to_cart,,0,2023-07-03,
6497,U1165,818,Electric Tandoor,Kitchen,add_to_cart,,0,2023-04-22,
6498,U0227,1092,Water Pump,Outdoor,view,,0,2023-11-17,149.0
6499,U0492,246,Modem,Networking,view,,0,2024-01-27,23.0
6500,U0692,3409,Toaster,Kitchen,wishlist,3.9,0,2024-11-16,
6501,U0216,3876,Electric Tandoor,Kitchen,purchase,3.2,1,2023-12-08,
6502,U1575,4578,Hair Dryer,Personal Care,add_to_cart,,0,2024-12-21,
6503,U1770,693,Router,Networking,view,,0,2024-12-30,285.0
6504,U1643,1299,Electric Knife,Kitchen,view,,0,2023-12-15,2.0
6505,U0983,2290,Smart Lock,Security,view,,0,2024-05-31,232.0
6506,U1685,4203,Countertop Dishwasher,Cleaning,add_to_cart,,0,2024-11-21,
6507,U1882,4565,Wall Clock,Decor,purchase,3.3,1,2024-05-26,
6508,U1155,4496,Exhaust Fan,Climate,view,,0,2023-11-28,95.0
6509,U1841,1142,Built In Oven,Kitchen,view,,0,2023-10-31,19.0
6510,U1988,2193,Door Intercom,Security,purchase,3.8,1,2024-05-28,
6511,U0227,2619,Garage Door Motor,Outdoor,add_to_cart,,0,2024-03-04,
6512,U1157,261,Clock,Decor,view,,0,2023-09-24,89.0
6513,U0409,2450,Laminator,Tools,purchase,5.0,1,2023-10-14,
6514,U1791,4209,Rowing Machine,Fitness,wishlist,3.5,0,2024-01-28,
6515,U0732,2776,Pet Feeder,Pet,add_to_cart,,0,2024-08-29,
6516,U1112,1212,Slush Machine,Hobby,view,,0,2024-03-22,29.0
6517,U0979,343,Ice Cream Maker,Kitchen,add_to_cart,,0,2023-07-27,
6518,U1979,511,Weather Station,Smart Home,view,,0,2024-11-18,69.0
6519,U0469,1557,Sump Pump,Outdoor,purchase,4.7,1,2024-12-03,
6520,U1140,4570,Blender,Kitchen,add_to_cart,,0,2023-09-08,
6521,U1123,3025,Deep Fryer,Kitchen,view,,0,2024-07-07,61.0
6522,U1883,4164,Chainsaw,Tools,purchase,5.0,1,2024-06-20,
6523,U1691,1423,Electric Kettle,Kitchen,add_to_cart,,0,2023-02-03,
6524,U0440,1003,Modem,Networking,purchase,4.6,1,2024-01-03,
6525,U0503,1757,Steam Iron,Laundry,add_to_cart,,0,2023-11-14,
6526,U0072,591,Steam Iron,Laundry,purchase,4.7,1,2023-09-25,
6527,U1938,3234,Smart Garage Door Opener,Security,view,,0,2024-06-10,14.0
6528,U0394,4806,Voltage Stabilizer,Power,purchase,3.3,1,2024-04-30,
6529,U0435,2933,Misting Fan,Climate,wishlist,4.3,0,2023-06-11,
6530,U0357,3217,Robot Vacuum,Cleaning,purchase,5.0,1,2023-01-15,
6531,U0915,2610,Massager,Personal Care,wishlist,4.1,0,2023-01-07,
6532,U0420,3450,Iron,Laundry,view,,0,2023-05-15,227.0
6533,U0366,2726,Air Quality Monitor,Smart Home,view,,0,2023-05-28,203.0
6534,U1978,3824,Blu Ray Player,Entertainment,view,,0,2023-11-25,2.0
6535,U0615,4332,Laminator,Tools,purchase,3.8,1,2024-05-19,
6536,U1552,2618,Garage Door Motor,Outdoor,view,,0,2023-10-12,8.0
6537,U1775,2354,Hair Curler,Personal Care,add_to_cart,,0,2023-07-28,
6538,U1071,3709,Electric Stove,Kitchen,purchase,4.7,1,2023-01-29,
6539,U0178,3372,Egg Cooker,Kitchen,view,,0,2023-04-19,61.0
6540,U0532,4189,Printer,Tools,wishlist,4.1,0,2024-05-14,
6541,U0591,472,Pool Heater,Outdoor,add_to_cart,,0,2023-07-04,
6542,U1007,805,Infrared Sauna,Fitness,add_to_cart,,0,2024-02-11,
6543,U1642,2424,Aquarium Heater,Pet,view,,0,2023-03-04,58.0
6544,U0197,596,Toaster Oven,Kitchen,view,,0,2024-03-02,66.0
6545,U1209,4953,Smart Speaker,Entertainment,view,,0,2024-09-25,11.0
6546,U1985,3722,Air Quality Monitor,Smart Home,wishlist,4.4,0,2024-01-21,
6547,U0816,1109,Home Automation Controller,Networking,add_to_cart,,0,2023-09-26,
6548,U1398,1868,Network Attached Storage,Networking,purchase,3.5,1,2024-07-09,
6549,U0472,600,Electric Toothbrush,Personal Care,view,,0,2023-07-19,248.0
6550,U1924,3849,Citrus Juicer,Kitchen,view,,0,2023-01-02,103.0
6551,U1929,3231,Dough Maker,Kitchen,view,,0,2024-03-24,59.0
6552,U0972,937,DVD Player,Entertainment,view,,0,2023-09-03,275.0
6553,U0181,2303,WiFi Extender,Networking,view,,0,2024-10-19,60.0
6554,U0936,616,Sandwich Maker,Kitchen,view,,0,2024-10-18,46.0
6555,U1764,961,Electric Blanket,Personal Care,purchase,5.0,1,2023-06-10,
6556,U0787,4310,Cold Press Juicer,Kitchen,add_to_cart,,0,2023-03-29,
6557,U0179,342,Hair Curler,Personal Care,view,,0,2024-12-20,79.0
6558,U1423,2035,Bottle Sterilizer,Kitchen,purchase,4.8,1,2023-08-26,
6559,U0537,4168,Digital Photo Frame,Entertainment,purchase,4.1,1,2024-03-07,
6560,U0023,1014,Boot Warmer,Laundry,view,,0,2024-11-21,189.0
6561,U0404,2055,Tankless Water Heater,Bathroom,view,,0,2024-11-26,28.0
6562,U0905,2238,Induction Cooktop,Kitchen,view,,0,2023-11-30,102.0
6563,U1392,2271,Smart Plug,Smart Home,view,,0,2023-03-28,93.0
6564,U0477,4039,Window Cleaner Robot,Cleaning,view,,0,2024-06-14,192.0
6565,U0634,3973,Electric Fireplace,Climate,add_to_cart,,0,2023-09-15,
6566,U0450,4903,RO Purifier,Bathroom,wishlist,5.0,0,2024-08-26,
6567,U1761,137,Knitting Machine,Hobby,view,,0,2023-07-03,5.0
6568,U0607,1700,Alarm System,Security,view,,0,2024-06-03,62.0
6569,U0944,788,Carpet Cleaner,Cleaning,view,,0,2024-10-05,324.0
6570,U0908,4014,Trimmer,Personal Care,view,,0,2023-12-26,165.0
6571,U0349,4669,Smart Bulb,Smart Home,view,,0,2024-03-03,209.0
6572,U0027,1437,Aquarium Filter,Pet,purchase,3.5,1,2024-02-06,
6573,U1359,3984,Bathroom Exhaust Fan,Bathroom,add_to_cart,,0,2024-08-01,
6574,U1625,2334,Humidifier,Climate,view,,0,2023-05-17,85.0
6575,U1280,541,Electric Tandoor,Kitchen,view,,0,2024-08-25,0.0
6576,U1731,3777,Table Fan,Climate,add_to_cart,,0,2023-05-29,
6577,U0599,3608,Panini Press,Kitchen,purchase,5.0,1,2024-07-22,
6578,U0851,472,Pool Heater,Outdoor,view,,0,2023-05-04,149.0
6579,U1954,4432,Space Heater,Climate,purchase,3.7,1,2024-02-01,
6580,U1106,3596,Sous Vide Cooker,Kitchen,add_to_cart,,0,2024-09-15,
6581,U0967,4725,Foot Massager,Personal Care,wishlist,5.0,0,2024-01-26,
6582,U1687,692,Smart Display,Entertainment,add_to_cart,,0,2024-12-30,
6583,U0816,2254,Sprinkler System,Tools,purchase,4.6,1,2024-01-03,
6584,U1368,4153,Electric Pressure Cooker,Kitchen,add_to_cart,,0,2024-10-29,
6585,U1496,1909,Rowing Machine,Fitness,view,,0,2023-03-23,65.0
6586,U0959,4818,Heater,Climate,wishlist,4.9,0,2023-10-11,
6587,U1133,97,Freezer,Kitchen,view,,0,2024-03-22,163.0
6588,U1859,2086,Tankless Water Heater,Bathroom,purchase,3.6,1,2023-03-18,
6589,U1434,3374,Smart Lock,Security,wishlist,4.1,0,2024-11-23,
6590,U0282,3251,Sump Pump,Outdoor,view,,0,2024-08-18,40.0
6591,U1832,1444,RO Purifier,Bathroom,add_to_cart,,0,2023-04-22,
6592,U0756,1609,UV Water Purifier,Bathroom,view,,0,2023-11-22,35.0
6593,U0864,3457,Aquarium Filter,Pet,view,,0,2023-01-13,40.0
6594,U1801,3029,Gas Stove,Kitchen,add_to_cart,,0,2024-09-07,
6595,U1154,1900,Streaming Device,Entertainment,view,,0,2023-04-05,17.0
6596,U1907,2733,Carpet Cleaner,Cleaning,view,,0,2023-04-30,200.0
6597,U1358,2384,Clock,Decor,view,,0,2023-06-22,33.0
6598,U0203,2485,Toaster Oven,Kitchen,add_to_cart,,0,2023-08-18,
6599,U0586,1930,Sewing Machine,Hobby,view,,0,2024-04-03,206.0
6600,U1330,2271,Smart Plug,Smart Home,view,,0,2024-02-13,40.0
6601,U1284,1346,Sprinkler System,Tools,view,,0,2023-12-09,340.0
6602,U1580,2627,Washing Machine,Laundry,add_to_cart,,0,2023-06-26,
6603,U1769,2392,Geyser,Bathroom,purchase,4.3,1,2024-06-23,
6604,U1118,3664,Induction Cooktop,Kitchen,purchase,5.0,1,2024-07-27,
6605,U1803,319,Water Boiler,Kitchen,add_to_cart,,0,2023-02-17,
6606,U1152,4337,Smart Air Conditioner,Climate,wishlist,2.6,0,2023-02-16,
6607,U0342,3426,Trash Compactor,Kitchen,wishlist,4.6,0,2023-03-26,
6608,U0969,158,OTG Oven,Kitchen,add_to_cart,,0,2023-04-02,
6609,U0802,1693,Handheld Vacuum,Cleaning,add_to_cart,,0,2023-09-20,
6610,U1396,2296,Deep Fryer,Kitchen,purchase,4.9,1,2024-01-01,
6611,U0296,4055,Steam Iron,Laundry,purchase,4.1,1,2024-03-07,
6612,U1070,3444,Home Sauna,Fitness,wishlist,3.1,0,2023-10-25,
6613,U1129,159,Smart Washer,Laundry,view,,0,2024-04-18,47.0
6614,U1333,878,Can Opener,Kitchen,view,,0,2023-02-23,121.0
6615,U0065,1452,Smart Display,Entertainment,view,,0,2024-11-28,323.0
6616,U0830,2341,Rowing Machine,Fitness,add_to_cart,,0,2023-08-26,
6617,U1719,108,Cooktop,Kitchen,view,,0,2024-12-17,268.0
6618,U0279,1863,Garment Steamer,Laundry,purchase,2.2,1,2024-06-26,
6619,U0537,638,Smart Garage Door Opener,Security,purchase,2.8,1,2023-09-29,
6620,U0542,4615,Smart Vacuum,Cleaning,purchase,2.9,1,2023-06-30,
6621,U1272,1138,Gaming Console,Entertainment,view,,0,2024-03-11,22.0
6622,U0937,3823,Epilator,Personal Care,purchase,4.2,1,2023-06-11,
6623,U0095,2184,Automatic Pet Water Fountain,Pet,purchase,2.8,1,2023-11-15,
6624,U0897,680,Angle Grinder,Tools,purchase,4.4,1,2023-11-06,
6625,U1310,2068,Landline Phone,Smart Home,view,,0,2023-09-16,165.0
6626,U0873,3122,Gas Stove,Kitchen,view,,0,2023-09-10,148.0
6627,U0651,2329,Portable Air Conditioner,Climate,add_to_cart,,0,2023-06-18,
6628,U1674,778,Lawn Mower,Tools,add_to_cart,,0,2024-11-22,
6629,U1439,1159,Range Hood,Kitchen,view,,0,2024-02-17,26.0
6630,U1698,1529,Hand Mixer,Kitchen,purchase,4.1,1,2023-08-22,
6631,U0433,547,Smart Thermostat,Climate,add_to_cart,,0,2024-01-11,
6632,U0639,559,Panini Press,Kitchen,wishlist,2.6,0,2023-03-16,
6633,U1214,3235,Portable Air Conditioner,Climate,purchase,4.4,1,2024-10-20,
6634,U0734,2815,Electric Pressure Cooker,Kitchen,add_to_cart,,0,2024-04-03,
6635,U1415,3827,Security Camera,Security,view,,0,2023-02-22,26.0
6636,U1884,4629,Window Cleaner Robot,Cleaning,view,,0,2024-10-09,91.0
6637,U0077,3865,Massager,Personal Care,wishlist,4.1,0,2023-05-04,
6638,U1828,1441,Wall Clock,Decor,view,,0,2023-04-09,122.0
6639,U1077,1682,Clock,Decor,view,,0,2023-07-24,19.0
6640,U0047,999,Voltage Stabilizer,Power,wishlist,3.4,0,2023-07-26,
6641,U1026,274,Slow Cooker,Kitchen,view,,0,2023-02-04,212.0
6642,U0105,776,Iron,Laundry,purchase,4.6,1,2024-08-02,
6643,U1725,2188,Bathroom Exhaust Fan,Bathroom,view,,0,2023-05-25,46.0
6644,U0043,878,Can Opener,Kitchen,purchase,4.5,1,2024-04-19,
6645,U0974,3184,Booster Pump,Outdoor,view,,0,2023-12-25,253.0
6646,U0079,4027,Boot Warmer,Laundry,wishlist,3.1,0,2023-12-12,
6647,U1680,82,Home Server,Networking,view,,0,2024-08-27,0.0
6648,U1224,2738,Cotton Candy Machine,Hobby,wishlist,2.9,0,2024-09-22,
6649,U0820,3776,Paper Shredder,Tools,add_to_cart,,0,2023-03-25,
6650,U0528,4143,Terrarium Heater,Pet,view,,0,2023-04-21,196.0
6651,U0435,347,Built In Dishwasher,Kitchen,add_to_cart,,0,2023-11-19,
6652,U0676,3474,Aquarium Heater,Pet,add_to_cart,,0,2024-08-04,
6653,U0353,4900,Washer Dryer Combo,Laundry,view,,0,2024-07-09,44.0
6654,U0145,2547,Wall Clock,Decor,add_to_cart,,0,2023-10-19,
6655,U1621,1819,Refrigerator,Kitchen,purchase,4.8,1,2023-05-17,
6656,U0069,4633,Tea Maker,Kitchen,add_to_cart,,0,2024-12-03,
6657,U1403,797,Misting Fan,Climate,view,,0,2023-08-09,39.0
6658,U1938,2911,Network Attached Storage,Networking,wishlist,4.9,0,2023-03-05,
6659,U0136,4003,Electric Blanket,Personal Care,purchase,4.3,1,2024-02-22,
6660,U1862,4907,Air Cooler,Climate,purchase,5.0,1,2023-03-10,
6661,U0274,2174,Water Pump,Outdoor,purchase,5.0,1,2023-09-26,
6662,U1894,728,Water Boiler,Kitchen,view,,0,2023-02-02,73.0
6663,U1205,2403,Smart Switch,Smart Home,view,,0,2024-06-18,8.0
6664,U1148,3336,Dishwasher,Cleaning,view,,0,2024-12-23,167.0
6665,U1889,2778,Trash Compactor,Kitchen,purchase,3.4,1,2024-10-11,
6666,U0089,4023,Foot Massager,Personal Care,view,,0,2023-07-03,64.0
6667,U0003,4228,Hair Curler,Personal Care,view,,0,2024-11-20,79.0
6668,U1646,3228,Dough Maker,Kitchen,view,,0,2023-07-12,88.0
6669,U0373,1194,Smart Garage Door Opener,Security,purchase,4.6,1,2024-04-17,
6670,U1622,1119,CCTV System,Security,purchase,4.5,1,2023-10-30,
6671,U0416,4013,Network Attached Storage,Networking,wishlist,4.6,0,2024-02-01,
6672,U0098,2238,Induction Cooktop,Kitchen,view,,0,2023-09-26,121.0
6673,U0117,3495,Can Opener,Kitchen,add_to_cart,,0,2023-06-17,
6674,U0015,3155,Blender,Kitchen,purchase,5.0,1,2024-06-10,
6675,U0153,1838,Water Flosser,Personal Care,add_to_cart,,0,2024-04-21,
6676,U0760,1526,Solar Water Heater,Power,add_to_cart,,0,2024-10-28,
6677,U0236,3067,Projector,Entertainment,add_to_cart,,0,2024-06-20,
6678,U1074,1607,Countertop Dishwasher,Cleaning,view,,0,2023-06-25,123.0
6679,U1699,3796,Clothesline Dryer,Laundry,view,,0,2024-12-05,234.0
6680,U0976,4122,Water Flosser,Personal Care,purchase,5.0,1,2023-11-11,
6681,U1912,3892,Smart Oven,Kitchen,view,,0,2023-05-02,88.0
6682,U1729,41,Router,Networking,purchase,3.8,1,2024-01-14,
6683,U0760,735,Electric Grill,Kitchen,view,,0,2023-06-04,12.0
6684,U0036,243,Speakers,Entertainment,view,,0,2024-05-10,10.0
6685,U0845,3274,Bladeless Fan,Climate,view,,0,2023-10-29,48.0
6686,U1408,1321,Inverter,Power,view,,0,2024-09-05,26.0
6687,U0955,1108,Garbage Disposal,Kitchen,purchase,4.1,1,2023-12-08,
6688,U0219,564,Hair Straightener,Personal Care,view,,0,2023-10-31,58.0
6689,U1414,2267,Carpet Cleaner,Cleaning,purchase,3.6,1,2024-05-27,
6690,U0679,125,Kombucha Maker,Hobby,purchase,3.3,1,2024-02-09,
6691,U0546,1077,Smart Switch,Smart Home,wishlist,3.7,0,2024-07-30,
6692,U1869,3604,Heating Pad,Personal Care,view,,0,2024-02-02,82.0
6693,U1563,2554,Bottle Sterilizer,Kitchen,purchase,4.9,1,2023-05-03,
6694,U1418,2398,Microwave Oven,Kitchen,purchase,5.0,1,2024-01-16,
6695,U1565,2176,Smart Switch,Smart Home,wishlist,4.5,0,2023-10-27,
6696,U0997,1166,Treadmill,Fitness,view,,0,2023-06-12,261.0
6697,U0734,2636,Smart Bulb,Smart Home,add_to_cart,,0,2023-04-23,
6698,U1451,45,Table Fan,Climate,purchase,3.2,1,2023-12-03,
6699,U1247,4464,Fabric Shaver,Laundry,view,,0,2023-11-21,250.0
6700,U1334,733,Range Hood,Kitchen,add_to_cart,,0,2023-09-13,
6701,U1706,454,WiFi Extender,Networking,view,,0,2023-02-07,79.0
6702,U0535,4833,Chainsaw,Tools,view,,0,2023-12-24,318.0
6703,U0900,3802,Washer Dryer Combo,Laundry,view,,0,2023-05-04,69.0
6704,U0539,4133,Portable Dishwasher,Cleaning,add_to_cart,,0,2024-11-16,
6705,U1907,852,Electric Knife,Kitchen,view,,0,2023-09-20,7.0
6706,U0738,3635,Electric Shaver,Personal Care,purchase,3.6,1,2023-04-09,
6707,U1750,96,Electric Shaver,Personal Care,view,,0,2023-01-21,92.0
6708,U1213,3230,Electric Oven,Kitchen,add_to_cart,,0,2023-11-30,
6709,U1622,3274,Bladeless Fan,Climate,view,,0,2023-02-28,154.0
6710,U1781,3284,Thermostat,Climate,view,,0,2023-05-01,167.0
6711,U0674,4435,Steam Cleaner,Cleaning,add_to_cart,,0,2024-07-16,
6712,U0529,3698,Soundbar,Entertainment,view,,0,2024-06-10,16.0
6713,U1313,159,Smart Washer,Laundry,purchase,2.9,1,2024-05-12,
6714,U0053,600,Electric Toothbrush,Personal Care,view,,0,2024-02-03,122.0
6715,U0380,2231,Misting Fan,Climate,add_to_cart,,0,2024-05-19,
6716,U1344,55,Smart Door Lock,Security,view,,0,2023-10-29,14.0
6717,U0756,1926,Video Doorbell,Security,purchase,5.0,1,2024-09-29,
6718,U0513,1563,Wall Clock,Decor,purchase,3.4,1,2024-07-24,
6719,U1264,1002,UV Water Purifier,Bathroom,purchase,5.0,1,2023-04-16,
6720,U0015,3851,CCTV System,Security,add_to_cart,,0,2024-04-23,
6721,U0904,2903,Carpet Cleaner,Cleaning,purchase,4.3,1,2023-04-20,
6722,U1871,261,Clock,Decor,view,,0,2024-06-11,612.0
6723,U0592,3119,Paper Shredder,Tools,purchase,3.9,1,2024-03-30,
6724,U0174,177,Smart Plug,Smart Home,add_to_cart,,0,2024-09-06,
6725,U0090,3919,Bidet Seat,Bathroom,add_to_cart,,0,2023-04-16,
6726,U1542,786,Hair Dryer,Personal Care,view,,0,2024-05-17,45.0
6727,U1010,1754,Toaster Oven,Kitchen,wishlist,4.9,0,2023-02-05,
6728,U1586,4549,Router,Networking,wishlist,4.4,0,2023-04-11,
6729,U0261,3655,Built In Microwave,Kitchen,add_to_cart,,0,2024-02-06,
6730,U0424,1885,Home Brewing Kit,Hobby,add_to_cart,,0,2023-10-22,
6731,U1998,3851,CCTV System,Security,purchase,4.7,1,2023-01-17,
6732,U1896,4661,Foot Massager,Personal Care,view,,0,2024-08-16,209.0
6733,U1572,3033,Home Server,Networking,wishlist,4.1,0,2023-04-20,
6734,U1683,2840,UV Water Purifier,Bathroom,view,,0,2023-04-15,540.0
6735,U1254,825,Window Cleaner Robot,Cleaning,purchase,5.0,1,2024-10-05,
6736,U1233,1383,Waffle Maker,Kitchen,add_to_cart,,0,2023-06-16,
6737,U0400,2949,Dishwasher,Cleaning,view,,0,2023-06-28,34.0
6738,U0060,2023,Wall Clock,Decor,add_to_cart,,0,2024-12-11,
6739,U1257,1670,Electric Tandoor,Kitchen,purchase,4.3,1,2023-02-06,
6740,U1083,2930,Jacuzzi Pump,Bathroom,add_to_cart,,0,2024-05-27,
6741,U0491,1472,Slow Cooker,Kitchen,view,,0,2023-06-11,153.0
6742,U1092,4949,Home Automation Controller,Networking,view,,0,2024-02-02,153.0
6743,U1400,697,Smart Plug,Smart Home,view,,0,2024-08-18,9.0
6744,U0245,2964,Terrarium Heater,Pet,view,,0,2023-06-10,95.0
6745,U0307,2849,Projector,Entertainment,purchase,2.1,1,2024-03-15,
6746,U1554,1182,Cooktop,Kitchen,view,,0,2023-04-12,13.0
6747,U1837,2582,Meat Grinder,Kitchen,purchase,3.2,1,2023-07-27,
6748,U0014,778,Lawn Mower,Tools,add_to_cart,,0,2023-10-07,
6749,U0814,4818,Heater,Climate,purchase,4.8,1,2024-02-29,
6750,U0264,3570,Electric Oven,Kitchen,purchase,4.2,1,2023-06-23,
6751,U0750,4819,Hedge Trimmer,Tools,view,,0,2024-11-28,18.0
6752,U1664,960,Epilator,Personal Care,add_to_cart,,0,2024-11-08,
6753,U0366,1435,Exhaust Fan,Climate,wishlist,5.0,0,2024-10-12,
6754,U0785,138,Built In Microwave,Kitchen,view,,0,2023-07-30,35.0
6755,U1805,3803,DVD Player,Entertainment,view,,0,2023-06-14,305.0
6756,U0021,4258,Handheld Vacuum,Cleaning,view,,0,2023-12-06,76.0
6757,U1028,1493,Coffee Grinder,Kitchen,wishlist,5.0,0,2023-01-30,
6758,U1291,2742,Water Softener,Bathroom,add_to_cart,,0,2023-04-21,
6759,U0877,1223,Label Maker,Tools,wishlist,4.9,0,2024-05-17,
6760,U1887,4034,Wall Clock,Decor,purchase,4.9,1,2023-01-31,
6761,U1581,2858,Milk Frother,Kitchen,view,,0,2024-11-26,45.0
6762,U1662,2610,Massager,Personal Care,purchase,4.2,1,2024-12-21,
6763,U1186,3133,Booster Pump,Outdoor,add_to_cart,,0,2024-09-21,
6764,U0422,3197,Electric Shaver,Personal Care,view,,0,2024-08-04,29.0
6765,U0688,2789,Exhaust Fan,Climate,purchase,4.4,1,2023-12-18,
6766,U1041,2505,Countertop Dishwasher,Cleaning,add_to_cart,,0,2023-12-27,
6767,U1171,1472,Slow Cooker,Kitchen,purchase,4.3,1,2023-05-30,
6768,U0141,1690,Clothesline Dryer,Laundry,view,,0,2024-03-28,472.0
6769,U1267,4534,Alarm Clock,Decor,add_to_cart,,0,2023-10-30,
6770,U0348,4003,Electric Blanket,Personal Care,view,,0,2024-03-11,28.0
6771,U1136,641,Massage Chair,Personal Care,purchase,4.5,1,2024-05-22,
6772,U0801,4270,Aquarium Heater,Pet,add_to_cart,,0,2024-10-22,
6773,U0356,4890,Pool Heater,Outdoor,add_to_cart,,0,2023-03-02,
6774,U0595,4431,Tea Maker,Kitchen,purchase,2.8,1,2024-11-23,
6775,U0630,2769,Smoke Detector,Security,add_to_cart,,0,2023-07-13,
6776,U1075,4649,Bathroom Exhaust Fan,Bathroom,purchase,4.2,1,2023-02-06,
6777,U0381,1072,Automatic Pet Water Fountain,Pet,wishlist,5.0,0,2024-06-05,
6778,U1040,2862,Air Conditioner,Climate,add_to_cart,,0,2023-07-13,
6779,U0785,777,Clock,Decor,view,,0,2024-11-02,48.0
6780,U0766,4269,Pool Pump,Outdoor,view,,0,2023-06-21,6.0
6781,U1222,219,Home Brewing Kit,Hobby,purchase,2.4,1,2024-07-14,
6782,U1235,2904,Air Purifier,Climate,view,,0,2023-03-08,125.0
6783,U0521,1439,Sprinkler System,Tools,purchase,5.0,1,2024-04-15,
6784,U1293,8,Hair Curler,Personal Care,view,,0,2023-11-03,3.0
6785,U0794,1537,Smart Lock,Security,wishlist,5.0,0,2023-08-02,
6786,U1583,1563,Wall Clock,Decor,purchase,3.4,1,2023-04-24,
6787,U1723,4362,Electric Oven,Kitchen,purchase,2.7,1,2023-11-12,
6788,U0018,4582,Exhaust Fan,Climate,wishlist,4.0,0,2023-11-07,
6789,U0642,4541,Iron,Laundry,purchase,3.5,1,2024-08-23,
6790,U1889,1163,Home Sauna,Fitness,add_to_cart,,0,2023-02-23,
6791,U0742,314,Pressure Washer,Cleaning,view,,0,2024-06-29,17.0
6792,U0016,3285,Toaster Oven,Kitchen,add_to_cart,,0,2023-02-20,
6793,U1984,204,Smart Garage Door Opener,Security,wishlist,3.7,0,2024-01-16,
6794,U1257,4799,Trimmer,Personal Care,view,,0,2024-12-02,35.0
6795,U0780,4682,Smart Washer,Laundry,purchase,5.0,1,2024-08-24,
6796,U0539,2301,Smart Door Lock,Security,purchase,4.5,1,2024-05-30,
6797,U1624,3073,Electric Skillet,Kitchen,view,,0,2023-01-06,116.0
6798,U0776,1871,Heating Pad,Personal Care,purchase,4.3,1,2023-09-24,
6799,U0871,3140,Weather Station,Smart Home,view,,0,2024-04-29,287.0
6800,U0910,1384,Robot Vacuum,Cleaning,add_to_cart,,0,2024-03-13,
6801,U0227,4166,Blu Ray Player,Entertainment,view,,0,2023-10-05,322.0
6802,U0023,4164,Chainsaw,Tools,purchase,5.0,1,2024-12-22,
6803,U0679,796,RO Purifier,Bathroom,wishlist,4.3,0,2024-05-04,
6804,U0600,617,Printer,Tools,add_to_cart,,0,2024-02-17,
6805,U0851,3361,Geyser,Bathroom,wishlist,4.4,0,2023-03-14,
6806,U0425,789,Induction Oven,Kitchen,add_to_cart,,0,2023-03-31,
6807,U0094,4058,Trimmer,Personal Care,view,,0,2024-11-27,91.0
6808,U0028,1241,Foot Massager,Personal Care,add_to_cart,,0,2023-05-27,
6809,U1319,3640,Digital Photo Frame,Entertainment,add_to_cart,,0,2024-10-23,
6810,U1653,3032,Tankless Water Heater,Bathroom,purchase,3.8,1,2024-08-22,
6811,U0744,313,Bread Maker,Kitchen,view,,0,2023-05-25,21.0
6812,U0746,2140,3D Printer,Hobby,add_to_cart,,0,2024-07-29,
6813,U0741,4903,RO Purifier,Bathroom,view,,0,2023-03-28,41.0
6814,U0020,3940,Air Quality Monitor,Smart Home,purchase,5.0,1,2023-02-23,
6815,U1065,1186,Steam Cleaner,Cleaning,wishlist,4.0,0,2024-08-19,
6816,U1068,1321,Inverter,Power,view,,0,2024-07-02,147.0
6817,U0176,489,Wine Cooler,Kitchen,view,,0,2024-10-12,23.0
6818,U0396,853,Aquarium Heater,Pet,purchase,4.0,1,2023-09-26,
6819,U0876,1864,Ice Crusher,Kitchen,view,,0,2023-12-25,431.0
6820,U1623,4049,Set Top Box,Entertainment,wishlist,4.2,0,2024-02-06,
6821,U0980,4933,Pressure Cooker,Kitchen,view,,0,2024-07-12,146.0
6822,U0395,818,Electric Tandoor,Kitchen,add_to_cart,,0,2024-06-11,
6823,U0014,46,Bottle Sterilizer,Kitchen,wishlist,3.7,0,2024-05-05,
6824,U0446,3040,Hot Plate,Kitchen,add_to_cart,,0,2023-02-11,
6825,U1681,3516,Countertop Dishwasher,Cleaning,purchase,3.2,1,2023-11-06,
6826,U0115,2166,Landline Phone,Smart Home,purchase,3.0,1,2023-10-07,
6827,U1774,4181,Water Heater,Bathroom,view,,0,2023-07-13,3.0
6828,U0210,1132,Video Doorbell,Security,view,,0,2024-09-24,76.0
6829,U1641,3921,DVD Player,Entertainment,view,,0,2023-02-23,50.0
6830,U1867,4848,Pool Heater,Outdoor,view,,0,2023-10-02,125.0
6831,U0346,3659,Iron,Laundry,add_to_cart,,0,2024-08-31,
6832,U0297,3834,Electric Scooter Charger,Power,view,,0,2023-08-29,149.0
6833,U1462,4001,Built In Dishwasher,Kitchen,add_to_cart,,0,2024-03-01,
6834,U1863,3606,Knitting Machine,Hobby,add_to_cart,,0,2023-03-18,
6835,U1183,1641,Power Strip,Power,wishlist,5.0,0,2023-07-01,
6836,U1491,3376,Microwave Oven,Kitchen,add_to_cart,,0,2024-11-20,
6837,U1492,1319,Electric Vehicle Charger,Power,purchase,3.3,1,2024-09-25,
6838,U0563,2680,Electric Vehicle Charger,Power,purchase,5.0,1,2024-05-15,
6839,U1925,2225,Electric Oven,Kitchen,purchase,4.1,1,2024-04-03,
6840,U0234,4499,Vacuum Sealer,Kitchen,view,,0,2024-08-16,43.0
6841,U0473,4320,Mini Fridge,Kitchen,view,,0,2024-04-27,15.0
6842,U0263,1439,Sprinkler System,Tools,view,,0,2023-01-23,1.0
6843,U0120,3052,Juicer,Kitchen,wishlist,1.8,0,2023-07-15,
6844,U1176,3489,Clock,Decor,add_to_cart,,0,2023-02-04,
6845,U1091,2918,Pet Feeder,Pet,view,,0,2023-12-28,143.0
6846,U0179,3609,Robot Vacuum,Cleaning,purchase,3.0,1,2023-08-13,
6847,U0309,2474,Elliptical Trainer,Fitness,purchase,2.6,1,2024-11-25,
6848,U1306,3208,Digital Photo Frame,Entertainment,add_to_cart,,0,2024-10-04,
6849,U0394,4733,Smart Refrigerator,Kitchen,view,,0,2023-02-11,6.0
6850,U0716,3917,Coffee Maker,Kitchen,view,,0,2024-07-22,11.0
6851,U1343,3455,Wall Clock,Decor,view,,0,2024-02-16,98.0
6852,U1236,4164,Chainsaw,Tools,add_to_cart,,0,2023-11-27,
6853,U0693,3042,Door Intercom,Security,add_to_cart,,0,2024-03-25,
6854,U1172,3550,3D Printer,Hobby,view,,0,2023-10-05,5.0
6855,U0315,3796,Clothesline Dryer,Laundry,view,,0,2024-08-30,25.0
6856,U0648,2286,Water Heater,Bathroom,view,,0,2023-07-31,156.0
6857,U0576,2695,Video Doorbell,Security,view,,0,2023-08-17,89.0
6858,U1065,905,Electric Shaver,Personal Care,wishlist,4.3,0,2024-03-10,
6859,U0797,4321,Washer Dryer Combo,Laundry,purchase,4.1,1,2023-09-07,
6860,U1625,1584,Electric Stove,Kitchen,view,,0,2023-02-18,774.0
6861,U1989,1662,Leaf Blower,Tools,purchase,2.9,1,2023-06-11,
6862,U1850,4672,Massager,Personal Care,purchase,3.0,1,2023-11-11,
6863,U1031,3908,Heating Pad,Personal Care,add_to_cart,,0,2023-08-24,
6864,U1661,366,Window Air Conditioner,Climate,purchase,4.3,1,2024-08-01,
6865,U0957,72,Chapati Maker,Kitchen,wishlist,3.4,0,2024-11-04,
6866,U0689,4686,Central Vacuum System,Cleaning,add_to_cart,,0,2023-08-10,
6867,U0723,4898,Angle Grinder,Tools,view,,0,2023-09-22,108.0
6868,U0609,1336,Portable Dishwasher,Cleaning,purchase,4.9,1,2023-05-26,
6869,U1906,785,Angle Grinder,Tools,add_to_cart,,0,2023-07-23,
6870,U1523,198,Smart Switch,Smart Home,view,,0,2024-01-09,50.0
6871,U1270,1243,Massager,Personal Care,purchase,2.3,1,2023-09-05,
6872,U1696,1085,Bottle Sterilizer,Kitchen,view,,0,2023-01-07,611.0
6873,U1404,4330,Wine Cooler,Kitchen,wishlist,5.0,0,2024-01-25,
6874,U1944,4796,Food Dehydrator,Kitchen,purchase,3.9,1,2024-04-25,
6875,U1068,937,DVD Player,Entertainment,purchase,4.5,1,2024-12-28,
6876,U0553,1012,Smart TV,Entertainment,purchase,4.3,1,2023-04-14,
6877,U0366,697,Smart Plug,Smart Home,purchase,4.4,1,2024-12-23,
6878,U0523,4459,Electric Mop,Cleaning,wishlist,4.1,0,2023-12-06,
6879,U1681,259,Blu Ray Player,Entertainment,wishlist,2.6,0,2024-12-15,
6880,U1464,4017,Electric Drill,Tools,add_to_cart,,0,2023-02-17,
6881,U1764,1384,Robot Vacuum,Cleaning,purchase,4.3,1,2024-11-15,
6882,U0123,1575,Aquarium Heater,Pet,wishlist,5.0,0,2024-05-31,
6883,U1434,2081,Smart Washer,Laundry,view,,0,2024-12-20,14.0
6884,U1385,2392,Geyser,Bathroom,purchase,4.5,1,2024-01-01,
6885,U1483,1601,Humidifier,Climate,purchase,3.3,1,2023-08-03,
6886,U0089,2990,Emergency Light,Security,purchase,5.0,1,2023-03-03,
6887,U1910,1729,Attic Fan,Climate,add_to_cart,,0,2023-05-08,
6888,U0938,1576,Blu Ray Player,Entertainment,purchase,4.3,1,2023-09-01,
6889,U1502,323,Landline Phone,Smart Home,purchase,5.0,1,2024-06-24,
6890,U0887,2452,Smart Switch,Smart Home,wishlist,3.0,0,2024-04-29,
6891,U1983,2313,CCTV System,Security,purchase,3.7,1,2024-09-18,
6892,U0932,3236,Home Automation Controller,Networking,view,,0,2024-09-22,124.0
6893,U0686,2654,Home Server,Networking,add_to_cart,,0,2023-06-12,
6894,U1027,1701,Aquarium Filter,Pet,view,,0,2023-06-12,88.0
6895,U1341,1730,Smart Plug,Smart Home,view,,0,2024-04-03,232.0
6896,U0580,473,Steam Cleaner,Cleaning,add_to_cart,,0,2023-10-05,
6897,U1089,3709,Electric Stove,Kitchen,wishlist,4.8,0,2023-05-31,
6898,U1927,1426,Smart Hub,Networking,purchase,3.6,1,2024-05-15,
6899,U0500,1896,Citrus Juicer,Kitchen,wishlist,3.0,0,2024-09-03,
6900,U1771,1008,Smart Washer,Laundry,purchase,3.2,1,2023-10-19,
6901,U1993,1547,Carbon Monoxide Detector,Security,purchase,3.6,1,2024-07-24,
6902,U0354,3431,Streaming Device,Entertainment,purchase,4.2,1,2023-07-21,
6903,U0501,2933,Misting Fan,Climate,view,,0,2023-09-15,305.0
6904,U1842,601,Carbon Monoxide Detector,Security,view,,0,2023-02-28,175.0
6905,U0695,808,Electric Toothbrush,Personal Care,add_to_cart,,0,2024-01-02,
6906,U0600,3662,Heating Pad,Personal Care,add_to_cart,,0,2023-10-27,
6907,U1027,4773,Solar Panel Inverter,Power,view,,0,2023-10-15,79.0
6908,U0610,394,Smart Vacuum,Cleaning,wishlist,3.6,0,2024-02-10,
6909,U0005,444,Smart Garage Door Opener,Security,purchase,4.3,1,2024-10-04,
6910,U1514,176,Range Hood,Kitchen,purchase,3.5,1,2023-08-17,
6911,U1175,753,Jacuzzi Pump,Bathroom,purchase,3.4,1,2023-12-29,
6912,U1349,479,Cold Press Juicer,Kitchen,view,,0,2023-08-29,35.0
6913,U1045,508,Carpet Cleaner,Cleaning,view,,0,2023-07-25,24.0
6914,U1122,4512,Router,Networking,purchase,4.1,1,2023-06-18,
6915,U1136,4257,Electric Shaver,Personal Care,purchase,4.0,1,2024-07-09,
6916,U1409,2876,Smart Switch,Smart Home,wishlist,3.6,0,2024-08-14,
6917,U0420,493,Smart Plug,Smart Home,add_to_cart,,0,2023-02-08,
6918,U0978,1065,Hot Plate,Kitchen,wishlist,4.0,0,2023-01-08,
6919,U0683,128,Paper Shredder,Tools,view,,0,2024-08-19,98.0
6920,U0604,1651,Floor Polisher,Cleaning,wishlist,3.6,0,2023-10-27,
6921,U1835,3249,Set Top Box,Entertainment,purchase,4.0,1,2024-11-27,
6922,U1630,3541,Electric Blanket,Personal Care,purchase,3.6,1,2024-05-12,
6923,U1038,1389,Network Attached Storage,Networking,add_to_cart,,0,2023-12-22,
6924,U0216,4850,Cold Press Juicer,Kitchen,add_to_cart,,0,2023-06-18,
6925,U0168,228,Chapati Maker,Kitchen,purchase,4.3,1,2024-10-24,
6926,U0155,3627,Paper Shredder,Tools,view,,0,2024-03-28,70.0
6927,U1701,324,Power Strip,Power,purchase,4.9,1,2024-06-09,
6928,U1238,754,Handheld Vacuum,Cleaning,view,,0,2024-11-27,38.0
6929,U0480,3623,Dehumidifier,Climate,view,,0,2024-06-21,201.0
6930,U0504,1088,Air Quality Monitor,Smart Home,view,,0,2024-01-15,61.0
6931,U0579,788,Carpet Cleaner,Cleaning,purchase,3.5,1,2023-09-25,
6932,U1058,4282,Kombucha Maker,Hobby,purchase,3.2,1,2024-05-27,
6933,U0330,2491,Crepe Maker,Kitchen,wishlist,5.0,0,2023-02-15,
6934,U0442,1575,Aquarium Heater,Pet,view,,0,2023-01-18,126.0
6935,U1634,1095,Electric Oven,Kitchen,purchase,4.3,1,2023-03-23,
6936,U1000,616,Sandwich Maker,Kitchen,purchase,3.6,1,2024-12-18,
6937,U1893,608,Rice Cooker,Kitchen,view,,0,2023-05-13,117.0
6938,U0469,1253,Smart Refrigerator,Kitchen,add_to_cart,,0,2023-07-04,
6939,U0051,4325,Drip Coffee Maker,Kitchen,add_to_cart,,0,2023-04-14,
6940,U1854,3716,Mini Fridge,Kitchen,view,,0,2023-07-17,26.0
6941,U0528,524,Ice Crusher,Kitchen,view,,0,2023-09-06,96.0
6942,U0841,4064,Smart Dryer,Laundry,view,,0,2023-10-11,153.0
6943,U1857,1623,UV Water Purifier,Bathroom,view,,0,2024-11-13,627.0
6944,U0405,1702,Pet Feeder,Pet,add_to_cart,,0,2024-04-03,
6945,U1723,2269,Cold Press Juicer,Kitchen,add_to_cart,,0,2024-06-03,
6946,U0843,3863,Trimmer,Personal Care,purchase,4.6,1,2024-07-31,
6947,U1412,4403,Dishwasher,Cleaning,wishlist,4.6,0,2024-07-03,
6948,U1683,4140,Electric Mop,Cleaning,add_to_cart,,0,2024-11-26,
6949,U1521,2628,Meat Grinder,Kitchen,purchase,3.8,1,2024-05-15,
6950,U1116,4105,UPS,Power,view,,0,2023-06-11,200.0
6951,U0634,3235,Portable Air Conditioner,Climate,purchase,4.1,1,2023-12-19,
6952,U1154,4547,Angle Grinder,Tools,purchase,4.0,1,2023-11-15,
6953,U1108,4071,Garment Steamer,Laundry,wishlist,3.8,0,2024-10-26,
6954,U1314,3607,Scanner,Tools,wishlist,4.3,0,2024-03-22,
6955,U1636,902,Hot Dog Maker,Kitchen,add_to_cart,,0,2023-12-13,
6956,U1648,2006,Home Automation Controller,Networking,purchase,3.6,1,2024-07-08,
6957,U1774,375,Smart Lock,Security,add_to_cart,,0,2024-04-19,
6958,U0743,2581,Wall Clock,Decor,view,,0,2024-05-07,171.0
6959,U1075,3057,Knitting Machine,Hobby,add_to_cart,,0,2023-11-06,
6960,U1837,2113,Leaf Blower,Tools,view,,0,2023-05-24,179.0
6961,U0559,95,Washing Machine,Laundry,purchase,5.0,1,2023-05-05,
6962,U1430,3820,Chainsaw,Tools,wishlist,3.9,0,2023-07-26,
6963,U1724,164,Landline Phone,Smart Home,purchase,4.3,1,2023-01-24,
6964,U0669,3823,Epilator,Personal Care,wishlist,5.0,0,2024-09-03,
6965,U0759,3841,Clock,Decor,purchase,4.3,1,2024-02-20,
6966,U1088,2158,Leaf Blower,Tools,add_to_cart,,0,2024-03-02,
6967,U1874,1519,UV Water Purifier,Bathroom,add_to_cart,,0,2024-08-14,
6968,U0349,3302,Epilator,Personal Care,purchase,3.3,1,2024-06-22,
6969,U1267,4361,Landline Phone,Smart Home,add_to_cart,,0,2024-10-21,
6970,U1559,715,Vacuum Cleaner,Cleaning,view,,0,2024-05-13,304.0
6971,U1624,2077,Home Server,Networking,view,,0,2023-10-07,36.0
6972,U0714,766,Massage Chair,Personal Care,purchase,3.8,1,2024-02-10,
6973,U0062,365,Milk Frother,Kitchen,view,,0,2024-01-14,226.0
6974,U1690,4613,Water Filter,Bathroom,purchase,4.1,1,2024-07-10,
6975,U1783,1180,Countertop Dishwasher,Cleaning,wishlist,4.3,0,2024-06-20,
6976,U1578,1739,Carbon Monoxide Detector,Security,view,,0,2024-04-24,269.0
6977,U1718,3913,Hot Dog Maker,Kitchen,add_to_cart,,0,2023-09-04,
6978,U1143,3133,Booster Pump,Outdoor,view,,0,2023-10-30,162.0
6979,U1819,371,Alarm Clock,Decor,wishlist,4.4,0,2023-10-09,
6980,U0589,3270,Cotton Candy Machine,Hobby,view,,0,2024-04-23,164.0
6981,U1901,4919,Towel Warmer,Bathroom,wishlist,4.0,0,2024-03-03,
6982,U0153,2667,Electric Shaver,Personal Care,view,,0,2024-08-02,26.0
6983,U1650,1603,Electric Toothbrush,Personal Care,view,,0,2024-04-03,69.0
6984,U0328,1030,Fan,Climate,purchase,5.0,1,2024-05-22,
6985,U1086,1719,Extension Cord,Power,wishlist,5.0,0,2023-05-25,
6986,U1142,4014,Trimmer,Personal Care,view,,0,2024-04-28,186.0
6987,U0865,3362,CCTV System,Security,view,,0,2024-03-10,78.0
6988,U0456,1836,Smart Thermostat,Climate,add_to_cart,,0,2023-06-02,
6989,U1808,4274,Tower Fan,Climate,add_to_cart,,0,2023-08-03,
6990,U1929,3777,Table Fan,Climate,view,,0,2024-01-16,94.0
6991,U1131,4787,Tea Maker,Kitchen,purchase,4.0,1,2024-06-25,
6992,U0700,1334,Jacuzzi Pump,Bathroom,add_to_cart,,0,2024-07-09,
6993,U1069,3831,Dehumidifier,Climate,add_to_cart,,0,2024-01-13,
6994,U0805,524,Ice Crusher,Kitchen,purchase,3.2,1,2023-08-16,
6995,U0127,3131,Electric Vehicle Charger,Power,add_to_cart,,0,2023-06-05,
6996,U0014,4470,Attic Fan,Climate,purchase,5.0,1,2023-02-07,
6997,U0347,3878,Garment Steamer,Laundry,add_to_cart,,0,2023-11-25,
6998,U1035,4088,Video Doorbell,Security,wishlist,4.9,0,2024-10-28,
6999,U0461,2496,Built In Microwave,Kitchen,purchase,2.2,1,2024-11-18,
7000,U0960,589,Electric Shaver,Personal Care,view,,0,2023-08-23,295.0
7001,U1375,3586,Washer Dryer Combo,Laundry,purchase,3.9,1,2023-11-23,
7002,U0033,549,Smart Lock,Security,view,,0,2024-06-25,63.0
7003,U1069,2259,Handheld Vacuum,Cleaning,add_to_cart,,0,2023-10-03,
7004,U0484,235,Booster Pump,Outdoor,purchase,3.9,1,2023-01-08,
7005,U0778,497,Smart Bulb,Smart Home,view,,0,2023-07-31,103.0
7006,U1327,1699,Range Hood,Kitchen,add_to_cart,,0,2023-10-07,
7007,U1367,2172,CCTV System,Security,view,,0,2024-12-14,348.0
7008,U1897,3789,Smart Switch,Smart Home,view,,0,2023-12-24,175.0
7009,U0794,4611,Aquarium Filter,Pet,view,,0,2024-08-29,397.0
7010,U1896,1897,UV Water Purifier,Bathroom,view,,0,2024-09-01,148.0
7011,U1577,2580,WiFi Extender,Networking,purchase,4.8,1,2024-02-14,
7012,U1196,537,Hair Straightener,Personal Care,view,,0,2023-02-08,107.0
7013,U1972,2239,Built In Dishwasher,Kitchen,purchase,3.5,1,2023-08-08,
7014,U1467,2789,Exhaust Fan,Climate,purchase,4.8,1,2023-04-02,
7015,U1524,3222,Kitchen Chimney,Kitchen,purchase,4.0,1,2023-05-18,
7016,U0014,1525,WiFi Extender,Networking,wishlist,4.4,0,2023-10-24,
7017,U0364,2071,Smart Hub,Networking,purchase,4.0,1,2024-12-24,
7018,U1494,3949,Booster Pump,Outdoor,purchase,4.8,1,2023-04-05,
7019,U0892,3749,Hair Curler,Personal Care,purchase,4.7,1,2024-04-14,
7020,U0935,139,Bladeless Fan,Climate,purchase,4.8,1,2024-01-06,
7021,U0326,232,Juicer,Kitchen,purchase,4.2,1,2023-02-26,
7022,U1234,2279,Extension Cord,Power,view,,0,2023-01-29,16.0
7023,U0941,213,Coffee Grinder,Kitchen,purchase,4.9,1,2024-01-28,
7024,U0305,1603,Electric Toothbrush,Personal Care,view,,0,2024-08-16,580.0
7025,U0933,4568,Espresso Machine,Kitchen,add_to_cart,,0,2024-05-02,
7026,U0681,259,Blu Ray Player,Entertainment,add_to_cart,,0,2023-08-19,
7027,U0331,3575,Heater,Climate,wishlist,4.2,0,2024-03-27,
7028,U0686,4634,Drip Coffee Maker,Kitchen,view,,0,2023-04-11,12.0
7029,U0680,3086,Weather Station,Smart Home,purchase,4.7,1,2023-02-05,
7030,U0350,1251,Sandwich Maker,Kitchen,view,,0,2024-04-21,127.0
7031,U0008,2638,Tankless Water Heater,Bathroom,purchase,2.4,1,2024-08-05,
7032,U1547,1128,Sump Pump,Outdoor,view,,0,2023-05-13,59.0
7033,U0697,4234,Exhaust Fan,Climate,wishlist,3.5,0,2024-01-15,
7034,U1017,3739,Built In Oven,Kitchen,wishlist,2.6,0,2023-03-02,
7035,U0778,4582,Exhaust Fan,Climate,purchase,3.5,1,2023-04-02,
7036,U1845,3881,Trash Compactor,Kitchen,purchase,4.5,1,2024-07-10,
7037,U0661,306,Massager,Personal Care,wishlist,5.0,0,2024-07-17,
7038,U0059,929,Heater,Climate,wishlist,3.9,0,2023-04-21,
7039,U1689,1451,Hot Dog Maker,Kitchen,view,,0,2023-01-24,57.0
7040,U1196,1046,Air Fryer,Kitchen,purchase,4.3,1,2024-06-12,
7041,U0662,2421,Water Heater,Bathroom,view,,0,2024-04-07,117.0
7042,U1469,118,Electric Knife,Kitchen,view,,0,2024-10-09,3.0
7043,U0688,4845,Boot Warmer,Laundry,add_to_cart,,0,2024-03-08,
7044,U0544,4401,Lint Remover,Laundry,view,,0,2024-07-21,278.0
7045,U0220,2176,Smart Switch,Smart Home,view,,0,2023-09-25,189.0
7046,U0677,2349,Pressure Washer,Cleaning,purchase,4.3,1,2024-04-01,
7047,U1150,3613,Electric Mop,Cleaning,purchase,4.9,1,2023-09-03,
7048,U1112,3601,Mixer Grinder,Kitchen,wishlist,4.0,0,2023-10-31,
7049,U1506,2196,Space Heater,Climate,add_to_cart,,0,2024-09-17,
7050,U1090,2684,Laminator,Tools,purchase,5.0,1,2023-01-05,
7051,U0920,4192,Fabric Shaver,Laundry,purchase,3.2,1,2023-10-14,
7052,U1716,539,Bathroom Exhaust Fan,Bathroom,add_to_cart,,0,2024-04-23,
7053,U1678,642,Door Intercom,Security,add_to_cart,,0,2024-04-14,
7054,U0238,1852,Automatic Pet Water Fountain,Pet,view,,0,2023-09-09,133.0
7055,U0275,1755,Lawn Mower,Tools,purchase,3.3,1,2024-12-14,
7056,U0255,708,Smart Plug,Smart Home,purchase,4.2,1,2024-03-19,
7057,U0808,2926,Smart Plug,Smart Home,add_to_cart,,0,2024-11-15,
7058,U1287,1444,RO Purifier,Bathroom,add_to_cart,,0,2024-12-22,
7059,U0235,1080,Baby Food Maker,Kitchen,view,,0,2023-07-28,38.0
7060,U1246,846,Bottle Sterilizer,Kitchen,view,,0,2023-10-09,17.0
7061,U0996,2540,Lawn Mower,Tools,view,,0,2024-01-13,47.0
7062,U1419,561,UV Water Purifier,Bathroom,view,,0,2024-03-12,251.0
7063,U0535,3383,Massage Chair,Personal Care,add_to_cart,,0,2024-09-26,
7064,U1697,628,Door Intercom,Security,wishlist,4.2,0,2024-07-12,
7065,U0422,4323,Massage Chair,Personal Care,wishlist,4.8,0,2023-12-06,
7066,U0393,3802,Washer Dryer Combo,Laundry,add_to_cart,,0,2024-01-06,
7067,U0075,2322,Slush Machine,Hobby,purchase,4.3,1,2023-09-21,
7068,U1422,1699,Range Hood,Kitchen,wishlist,3.2,0,2024-08-17,
7069,U1838,2191,Weather Station,Smart Home,view,,0,2023-10-21,70.0
7070,U0467,2973,Inverter,Power,view,,0,2024-07-24,143.0
7071,U0870,4308,Heating Pad,Personal Care,view,,0,2023-05-01,18.0
7072,U0830,1490,Ceiling Fan,Climate,view,,0,2023-02-12,10.0
7073,U1032,952,Clock,Decor,wishlist,2.6,0,2024-10-18,
7074,U1878,2780,Towel Warmer,Bathroom,view,,0,2023-05-03,247.0
7075,U0312,2810,Alarm Clock,Decor,add_to_cart,,0,2023-12-05,
7076,U1123,3900,Pressure Cooker,Kitchen,view,,0,2023-12-17,150.0
7077,U0764,4278,Water Boiler,Kitchen,view,,0,2023-09-18,105.0
7078,U0131,4885,Central Vacuum System,Cleaning,purchase,4.6,1,2024-06-03,
7079,U1756,4709,Smart Lock,Security,purchase,4.3,1,2023-02-10,
7080,U1205,1180,Countertop Dishwasher,Cleaning,view,,0,2024-07-05,15.0
7081,U0767,2746,Weather Station,Smart Home,add_to_cart,,0,2024-07-22,
7082,U0140,2553,Pool Heater,Outdoor,view,,0,2024-05-22,1194.0
7083,U0952,1373,Air Purifier,Climate,view,,0,2023-07-31,14.0
7084,U1424,2465,Lint Remover,Laundry,view,,0,2023-08-30,98.0
7085,U0267,2990,Emergency Light,Security,view,,0,2023-06-17,133.0
7086,U0086,1302,Landline Phone,Smart Home,view,,0,2024-07-30,119.0
7087,U0885,482,Home Automation Controller,Networking,purchase,5.0,1,2024-10-20,
7088,U0637,3379,Trash Compactor,Kitchen,purchase,4.1,1,2024-09-24,
7089,U1235,3812,Hand Mixer,Kitchen,purchase,4.7,1,2024-03-27,
7090,U0189,1042,Door Intercom,Security,wishlist,4.6,0,2024-12-10,
7091,U1784,4378,Television,Entertainment,view,,0,2024-07-18,119.0
7092,U1047,216,Electric Shaver,Personal Care,wishlist,4.4,0,2023-08-09,
7093,U0213,4526,Portable Dishwasher,Cleaning,purchase,3.1,1,2024-10-16,
7094,U1171,4917,Rice Cooker,Kitchen,purchase,2.3,1,2023-10-21,
7095,U0257,4644,Handheld Vacuum,Cleaning,add_to_cart,,0,2023-05-13,
7096,U0755,482,Home Automation Controller,Networking,add_to_cart,,0,2024-12-21,
7097,U0416,2191,Weather Station,Smart Home,add_to_cart,,0,2023-05-03,
7098,U0758,923,Grill Microwave,Kitchen,view,,0,2023-01-24,99.0
7099,U1639,369,Water Softener,Bathroom,add_to_cart,,0,2023-05-16,
7100,U0463,527,Heating Pad,Personal Care,add_to_cart,,0,2024-07-16,
7101,U1097,316,Streaming Device,Entertainment,purchase,4.5,1,2024-08-18,
7102,U1503,3150,Smart Garage Door Opener,Security,view,,0,2024-08-04,88.0
7103,U1061,1333,Massager,Personal Care,view,,0,2024-11-25,134.0
7104,U1226,342,Hair Curler,Personal Care,add_to_cart,,0,2023-05-22,
7105,U1193,3936,Massager,Personal Care,view,,0,2024-04-11,10.0
7106,U0942,4738,Aquarium Filter,Pet,view,,0,2024-02-11,241.0
7107,U0236,4386,Air Cooler,Climate,purchase,2.9,1,2024-01-29,
7108,U1030,3966,Electric Tandoor,Kitchen,wishlist,2.6,0,2024-01-06,
7109,U1988,2840,UV Water Purifier,Bathroom,purchase,3.7,1,2023-06-25,
7110,U0253,4275,Electric Mop,Cleaning,purchase,4.9,1,2023-01-04,
7111,U0399,1508,Pet Feeder,Pet,wishlist,4.1,0,2024-12-01,
7112,U1295,2216,Water Pump,Outdoor,purchase,4.2,1,2024-02-23,
7113,U0356,1701,Aquarium Filter,Pet,view,,0,2023-03-31,437.0
7114,U0491,1182,Cooktop,Kitchen,view,,0,2024-04-08,494.0
7115,U1485,3192,Panini Press,Kitchen,purchase,3.0,1,2023-04-08,
7116,U0403,1696,Dishwasher,Cleaning,add_to_cart,,0,2024-05-04,
7117,U0764,1939,Smart Switch,Smart Home,view,,0,2023-08-30,405.0
7118,U1351,353,Smart TV,Entertainment,purchase,4.7,1,2024-01-14,
7119,U0350,3623,Dehumidifier,Climate,view,,0,2024-08-05,90.0
7120,U0249,3578,Water Flosser,Personal Care,view,,0,2024-03-21,35.0
7121,U1969,3523,Yogurt Maker,Kitchen,view,,0,2023-04-05,131.0
7122,U0545,4829,Water Heater,Bathroom,wishlist,4.3,0,2024-10-06,
7123,U1800,4761,Angle Grinder,Tools,purchase,5.0,1,2024-03-04,
7124,U0873,2344,Digital Safe,Security,purchase,4.3,1,2023-01-28,
7125,U1403,4313,Portable Air Conditioner,Climate,view,,0,2023-01-02,64.0
7126,U0325,2439,Carpet Cleaner,Cleaning,purchase,3.3,1,2024-02-15,
7127,U1798,55,Smart Door Lock,Security,wishlist,3.1,0,2023-09-21,
7128,U1896,2150,Terrarium Heater,Pet,view,,0,2023-11-28,51.0
7129,U0293,4896,Kombucha Maker,Hobby,purchase,4.0,1,2024-08-06,
7130,U1459,640,Egg Cooker,Kitchen,view,,0,2024-03-14,77.0
7131,U1365,3740,Cooktop,Kitchen,purchase,2.8,1,2024-03-11,
7132,U1379,1305,Electric Drill,Tools,view,,0,2024-03-01,35.0
7133,U1557,2980,Massage Chair,Personal Care,purchase,4.1,1,2024-12-30,
7134,U1542,1401,Portable Air Conditioner,Climate,view,,0,2023-05-17,187.0
7135,U0725,1959,Window Cleaner Robot,Cleaning,view,,0,2024-02-21,17.0
7136,U0753,1441,Wall Clock,Decor,view,,0,2023-11-12,20.0
7137,U1873,3368,Electric Drill,Tools,view,,0,2023-10-16,507.0
7138,U1905,4274,Tower Fan,Climate,add_to_cart,,0,2023-11-25,
7139,U0204,1993,Scanner,Tools,view,,0,2024-03-09,25.0
7140,U0040,1136,Kegerator,Hobby,view,,0,2024-10-20,49.0
7141,U1332,1960,Chainsaw,Tools,wishlist,2.4,0,2023-10-11,
7142,U1120,4567,Carbon Monoxide Detector,Security,add_to_cart,,0,2023-07-12,
7143,U1630,3706,Modem,Networking,purchase,5.0,1,2024-11-27,
7144,U0598,2024,Chainsaw,Tools,add_to_cart,,0,2023-01-24,
7145,U0199,1651,Floor Polisher,Cleaning,add_to_cart,,0,2024-05-17,
7146,U0594,3537,Aquarium Filter,Pet,add_to_cart,,0,2024-02-16,
7147,U0047,4749,Smart Bulb,Smart Home,add_to_cart,,0,2023-04-19,
7148,U1384,3842,Panini Press,Kitchen,add_to_cart,,0,2024-11-27,
7149,U0555,1924,Smart Switch,Smart Home,add_to_cart,,0,2024-04-16,
7150,U0734,2769,Smoke Detector,Security,view,,0,2024-07-09,98.0
7151,U0014,4706,Slush Machine,Hobby,view,,0,2023-10-31,6.0
7152,U0602,3635,Electric Shaver,Personal Care,view,,0,2023-10-15,322.0
7153,U1861,4953,Smart Speaker,Entertainment,view,,0,2023-07-19,70.0
7154,U0404,3816,Smart Curtain Motor,Smart Home,view,,0,2024-08-04,114.0
7155,U1113,3463,Home Automation Controller,Networking,view,,0,2023-05-11,23.0
7156,U0625,4329,Smart Door Lock,Security,view,,0,2024-10-25,123.0
7157,U0315,2976,Stand Mixer,Kitchen,wishlist,3.6,0,2024-08-20,
7158,U0708,2354,Hair Curler,Personal Care,add_to_cart,,0,2024-07-21,
7159,U0851,232,Juicer,Kitchen,view,,0,2023-07-22,38.0
7160,U0530,3947,Portable Dishwasher,Cleaning,add_to_cart,,0,2023-12-19,
7161,U1436,1109,Home Automation Controller,Networking,add_to_cart,,0,2023-10-02,
7162,U1835,1901,Toaster,Kitchen,purchase,3.1,1,2023-04-12,
7163,U1895,3478,Basement Dehumidifier,Outdoor,view,,0,2024-05-16,35.0
7164,U0488,2997,Jacuzzi Pump,Bathroom,purchase,4.5,1,2024-09-01,
7165,U0938,3147,Floor Polisher,Cleaning,add_to_cart,,0,2023-05-23,
7166,U0577,4361,Landline Phone,Smart Home,wishlist,5.0,0,2023-11-22,
7167,U1292,1036,Hair Curler,Personal Care,view,,0,2024-07-29,51.0
7168,U1379,2553,Pool Heater,Outdoor,view,,0,2024-04-27,60.0
7169,U1911,2610,Massager,Personal Care,add_to_cart,,0,2023-02-13,
7170,U0893,2040,Central Vacuum System,Cleaning,add_to_cart,,0,2023-12-11,
7171,U0158,2069,Aquarium Heater,Pet,view,,0,2024-02-09,8.0
7172,U1402,1342,Dishwasher,Cleaning,view,,0,2024-01-24,350.0
7173,U0808,4828,Grill Microwave,Kitchen,wishlist,2.8,0,2023-05-26,
7174,U0621,2404,WiFi Extender,Networking,purchase,4.3,1,2023-11-29,
7175,U1889,599,Pressure Washer,Cleaning,view,,0,2023-04-28,77.0
7176,U1011,2997,Jacuzzi Pump,Bathroom,wishlist,5.0,0,2024-04-24,
7177,U0078,761,Massager,Personal Care,purchase,5.0,1,2024-06-07,
7178,U0696,2899,Grill Microwave,Kitchen,add_to_cart,,0,2023-07-08,
7179,U1962,2778,Trash Compactor,Kitchen,add_to_cart,,0,2024-01-24,
7180,U0187,4377,Cotton Candy Machine,Hobby,add_to_cart,,0,2024-08-18,
7181,U0032,2737,Hedge Trimmer,Tools,view,,0,2023-04-28,161.0
7182,U1400,832,Washing Machine,Laundry,purchase,5.0,1,2023-12-31,
7183,U1080,3029,Gas Stove,Kitchen,purchase,3.8,1,2023-09-16,
7184,U0685,277,Massage Chair,Personal Care,view,,0,2024-02-26,146.0
7185,U0254,2764,Hot Dog Maker,Kitchen,wishlist,4.3,0,2024-05-10,
7186,U0684,364,RO Purifier,Bathroom,purchase,5.0,1,2024-03-10,
7187,U1525,4326,Smart Display,Entertainment,add_to_cart,,0,2023-07-20,
7188,U1008,2448,Washer Dryer Combo,Laundry,view,,0,2024-02-21,123.0
7189,U0088,4876,Built In Oven,Kitchen,view,,0,2024-08-23,519.0
7190,U1717,653,Electric Pressure Cooker,Kitchen,purchase,4.3,1,2023-10-16,
7191,U1226,3562,Electric Shaver,Personal Care,wishlist,5.0,0,2023-09-27,
7192,U0991,411,Scanner,Tools,purchase,4.9,1,2024-04-27,
7193,U0865,4131,Baby Food Maker,Kitchen,purchase,3.9,1,2024-05-28,
7194,U0991,2201,Angle Grinder,Tools,view,,0,2023-09-06,345.0
7195,U0485,2246,Slush Machine,Hobby,view,,0,2023-09-30,50.0
7196,U0549,2636,Smart Bulb,Smart Home,view,,0,2023-09-23,18.0
7197,U1895,3356,Printer,Tools,purchase,4.1,1,2024-01-29,
7198,U1961,3504,Elliptical Trainer,Fitness,view,,0,2024-03-17,297.0
7199,U0980,1839,Slush Machine,Hobby,purchase,5.0,1,2024-04-02,
7200,U0117,689,Juicer,Kitchen,view,,0,2023-08-09,200.0
7201,U0573,3108,Water Flosser,Personal Care,wishlist,5.0,0,2023-02-10,
7202,U0611,257,Alarm Clock,Decor,view,,0,2024-01-22,292.0
7203,U1931,4605,Thermostat,Climate,view,,0,2024-03-20,88.0
7204,U0039,4847,Knitting Machine,Hobby,view,,0,2023-09-29,64.0
7205,U1552,4829,Water Heater,Bathroom,purchase,5.0,1,2023-01-10,
7206,U0006,2960,Smart Plug,Smart Home,purchase,4.0,1,2024-09-24,
7207,U0594,1225,Range Hood,Kitchen,wishlist,3.4,0,2024-04-15,
7208,U1919,2081,Smart Washer,Laundry,view,,0,2023-02-02,27.0
7209,U0897,3003,Smart Bulb,Smart Home,wishlist,3.1,0,2023-05-15,
7210,U1979,4361,Landline Phone,Smart Home,purchase,4.6,1,2024-10-13,
7211,U1231,1976,Sous Vide Cooker,Kitchen,purchase,4.0,1,2023-11-02,
7212,U0976,1995,Espresso Machine,Kitchen,wishlist,5.0,0,2023-12-16,
7213,U0507,3170,Towel Warmer,Bathroom,view,,0,2023-05-11,103.0
7214,U0571,1077,Smart Switch,Smart Home,view,,0,2023-05-24,13.0
7215,U0409,4274,Tower Fan,Climate,view,,0,2024-01-26,20.0
7216,U1469,1176,Juicer,Kitchen,purchase,4.1,1,2024-07-23,
7217,U0471,2509,Range Hood,Kitchen,purchase,3.6,1,2023-07-14,
7218,U1209,1439,Sprinkler System,Tools,purchase,4.4,1,2024-07-27,
7219,U1018,2101,Home Server,Networking,add_to_cart,,0,2024-03-09,
7220,U0914,3268,Food Dehydrator,Kitchen,purchase,4.2,1,2023-11-03,
7221,U1945,1729,Attic Fan,Climate,purchase,3.7,1,2023-01-27,
7222,U0926,1412,Bidet Seat,Bathroom,add_to_cart,,0,2023-07-07,
7223,U1525,3958,Gas Stove,Kitchen,view,,0,2023-01-28,163.0
7224,U0896,1052,Citrus Juicer,Kitchen,add_to_cart,,0,2024-03-26,
7225,U0129,1350,Router,Networking,view,,0,2024-03-01,160.0
7226,U1215,576,Water Heater,Bathroom,view,,0,2023-06-24,120.0
7227,U0662,4860,Wall Clock,Decor,purchase,4.1,1,2023-07-29,
7228,U0689,3463,Home Automation Controller,Networking,add_to_cart,,0,2024-12-13,
7229,U0165,3013,Aquarium Filter,Pet,view,,0,2024-02-17,125.0
7230,U0778,2503,Smart Dryer,Laundry,add_to_cart,,0,2023-02-15,
7231,U0974,1667,Heating Pad,Personal Care,view,,0,2023-04-22,129.0
7232,U1145,3975,Handheld Vacuum,Cleaning,purchase,3.9,1,2024-03-20,
7233,U1806,3921,DVD Player,Entertainment,view,,0,2023-01-08,12.0
7234,U1489,3694,Window Cleaner Robot,Cleaning,purchase,3.3,1,2023-12-12,
7235,U0008,3594,Smart Curtain Motor,Smart Home,view,,0,2024-09-26,40.0
7236,U0517,929,Heater,Climate,view,,0,2024-11-24,21.0
7237,U1390,3277,Pressure Washer,Cleaning,view,,0,2023-10-02,10.0
7238,U0688,1710,Subwoofer,Entertainment,purchase,5.0,1,2024-12-19,
7239,U1175,4664,Kegerator,Hobby,view,,0,2023-05-02,139.0
7240,U1413,4382,Printer,Tools,purchase,2.7,1,2023-07-18,
7241,U1406,2117,Tower Fan,Climate,purchase,2.2,1,2023-09-27,
7242,U0153,3831,Dehumidifier,Climate,purchase,4.4,1,2024-07-13,
7243,U0018,3658,Vacuum Cleaner,Cleaning,purchase,4.2,1,2023-03-20,
7244,U0108,4829,Water Heater,Bathroom,view,,0,2023-06-12,86.0
7245,U1840,1371,Hair Curler,Personal Care,view,,0,2024-05-31,160.0
7246,U0375,2795,Garment Steamer,Laundry,wishlist,4.8,0,2024-12-28,
7247,U0939,1323,Air Purifier,Climate,add_to_cart,,0,2023-03-02,
7248,U1231,1444,RO Purifier,Bathroom,wishlist,4.5,0,2023-07-02,
7249,U1032,4219,Clock,Decor,add_to_cart,,0,2024-12-13,
7250,U1514,3593,Paper Shredder,Tools,view,,0,2023-05-06,113.0
7251,U0494,1913,Induction Cooktop,Kitchen,view,,0,2023-02-01,191.0
7252,U0926,828,Label Maker,Tools,view,,0,2023-01-12,65.0
7253,U1865,1969,Sewing Machine,Hobby,add_to_cart,,0,2024-09-12,
7254,U1670,337,Electric Oven,Kitchen,add_to_cart,,0,2024-09-21,
7255,U0084,4078,Smart Curtain Motor,Smart Home,purchase,3.1,1,2023-01-01,
7256,U1037,2636,Smart Bulb,Smart Home,view,,0,2024-04-29,50.0
7257,U0910,1390,Home Automation Controller,Networking,view,,0,2023-06-11,84.0
7258,U0849,3169,Rice Cooker,Kitchen,add_to_cart,,0,2023-09-11,
7259,U1157,3388,Geyser,Bathroom,add_to_cart,,0,2023-06-21,
7260,U0768,4160,Mini Fridge,Kitchen,purchase,3.2,1,2023-10-02,
7261,U0136,3336,Dishwasher,Cleaning,add_to_cart,,0,2024-09-21,
7262,U1793,951,Built In Refrigerator,Kitchen,add_to_cart,,0,2023-05-20,
7263,U1398,2030,Aquarium Heater,Pet,wishlist,4.4,0,2024-05-06,
7264,U1631,1504,Iron,Laundry,view,,0,2023-09-06,125.0
7265,U0728,4816,Fabric Shaver,Laundry,view,,0,2023-02-23,15.0
7266,U1151,3179,Electric Drill,Tools,purchase,3.4,1,2024-06-05,
7267,U0225,4554,Toaster,Kitchen,view,,0,2023-11-26,125.0
7268,U0215,2172,CCTV System,Security,view,,0,2023-11-17,287.0
7269,U0695,4202,Handheld Vacuum,Cleaning,view,,0,2024-01-12,359.0
7270,U1475,411,Scanner,Tools,wishlist,4.9,0,2024-09-29,
7271,U1112,415,Speakers,Entertainment,purchase,4.3,1,2023-12-06,
7272,U0136,4244,Soundbar,Entertainment,view,,0,2024-06-09,28.0
7273,U0918,75,Clock,Decor,purchase,4.3,1,2023-06-27,
7274,U1018,1211,Electric Stove,Kitchen,view,,0,2024-04-28,827.0
7275,U0917,1007,Modem,Networking,wishlist,4.5,0,2023-04-02,
7276,U0027,708,Smart Plug,Smart Home,purchase,4.2,1,2024-05-14,
7277,U1667,4809,RO Purifier,Bathroom,view,,0,2024-10-20,39.0
7278,U0133,4916,Bathroom Exhaust Fan,Bathroom,add_to_cart,,0,2024-04-08,
7279,U0084,1426,Smart Hub,Networking,add_to_cart,,0,2023-11-06,
7280,U1993,1622,Tea Maker,Kitchen,add_to_cart,,0,2024-05-21,
7281,U1751,3059,Landline Phone,Smart Home,wishlist,5.0,0,2024-02-06,
7282,U1207,3317,Air Conditioner,Climate,purchase,4.5,1,2023-02-10,
7283,U1395,2785,Fan,Climate,add_to_cart,,0,2023-04-25,
7284,U1469,4793,Space Heater,Climate,add_to_cart,,0,2024-07-02,
7285,U1628,714,Wall Clock,Decor,view,,0,2023-10-07,132.0
7286,U0168,4703,Pool Pump,Outdoor,view,,0,2024-09-20,130.0
7287,U1540,4989,Electric Lunch Box,Kitchen,view,,0,2024-11-06,466.0
7288,U0639,453,Home Sauna,Fitness,purchase,4.1,1,2024-02-12,
7289,U1906,1456,Window Cleaner Robot,Cleaning,view,,0,2023-12-27,0.0
7290,U0475,3196,Ceiling Fan,Climate,add_to_cart,,0,2024-02-06,
7291,U0975,1414,Scanner,Tools,add_to_cart,,0,2023-10-24,
7292,U0200,1449,Leaf Blower,Tools,view,,0,2023-02-05,111.0
7293,U0879,3244,Ice Cream Maker,Kitchen,view,,0,2024-02-02,462.0
7294,U0278,3654,Aquarium Filter,Pet,purchase,3.6,1,2023-12-04,
7295,U0994,1186,Steam Cleaner,Cleaning,purchase,4.6,1,2023-12-07,
7296,U1714,4533,Air Conditioner,Climate,view,,0,2024-12-04,25.0
7297,U1168,1254,Electric Tandoor,Kitchen,purchase,5.0,1,2024-05-16,
7298,U0608,2901,Voltage Stabilizer,Power,view,,0,2024-03-22,5.0
7299,U1168,2731,Ceiling Fan,Climate,view,,0,2023-06-06,136.0
7300,U0908,3976,Subwoofer,Entertainment,add_to_cart,,0,2024-08-25,
7301,U1527,3292,Air Cooler,Climate,view,,0,2023-05-31,119.0
7302,U1240,3895,Alarm Clock,Decor,purchase,4.0,1,2023-12-17,
7303,U1664,2297,Trimmer,Personal Care,view,,0,2024-01-08,11.0
7304,U0099,3168,Milk Frother,Kitchen,add_to_cart,,0,2023-01-10,
7305,U1952,3005,Terrarium Heater,Pet,view,,0,2024-12-12,198.0
7306,U1867,4988,Air Conditioner,Climate,add_to_cart,,0,2023-08-11,
7307,U0229,1189,Smart Bulb,Smart Home,purchase,4.0,1,2023-05-27,
7308,U0026,100,Bidet Seat,Bathroom,purchase,3.9,1,2024-08-10,
7309,U0933,3031,Water Dispenser,Kitchen,view,,0,2023-02-12,121.0
7310,U0574,3231,Dough Maker,Kitchen,view,,0,2024-01-22,161.0
7311,U0447,3761,Laminator,Tools,wishlist,4.6,0,2023-09-25,
7312,U0961,1787,Hedge Trimmer,Tools,view,,0,2024-11-28,94.0
7313,U0933,3578,Water Flosser,Personal Care,view,,0,2024-03-18,47.0
7314,U1407,4383,Water Boiler,Kitchen,wishlist,4.8,0,2023-08-25,
7315,U1759,2087,Electric Toothbrush,Personal Care,view,,0,2023-05-16,92.0
7316,U1000,975,Smart Display,Entertainment,view,,0,2024-11-28,412.0
7317,U1306,4013,Network Attached Storage,Networking,purchase,4.3,1,2023-03-12,
7318,U0273,3026,Smart Vacuum,Cleaning,add_to_cart,,0,2023-02-07,
7319,U0933,4980,Smart Curtain Motor,Smart Home,view,,0,2023-06-21,260.0
7320,U1257,110,Electric Kettle,Kitchen,add_to_cart,,0,2024-09-21,
7321,U0232,2048,Cotton Candy Machine,Hobby,purchase,5.0,1,2024-11-30,
7322,U0553,4687,Toaster Oven,Kitchen,view,,0,2024-02-09,0.0
7323,U0121,3605,Dishwasher,Cleaning,view,,0,2024-10-17,97.0
7324,U1806,1283,Smart Oven,Kitchen,purchase,5.0,1,2024-01-11,
7325,U1158,929,Heater,Climate,wishlist,3.3,0,2024-05-05,
7326,U0609,3637,Television,Entertainment,view,,0,2023-10-22,373.0
7327,U1221,2408,Vacuum Sealer,Kitchen,add_to_cart,,0,2024-09-03,
7328,U0690,2089,Smart Garage Door Opener,Security,view,,0,2024-06-19,431.0
7329,U1162,2695,Video Doorbell,Security,view,,0,2024-08-01,373.0
7330,U1930,3064,Sump Pump,Outdoor,view,,0,2024-11-07,114.0
7331,U0682,1084,Air Quality Monitor,Smart Home,purchase,3.2,1,2023-02-24,
7332,U0135,3170,Towel Warmer,Bathroom,view,,0,2023-01-31,36.0
7333,U1071,3449,Water Filter,Bathroom,view,,0,2024-08-25,15.0
7334,U0422,953,Epilator,Personal Care,view,,0,2024-08-24,17.0
7335,U0469,252,Vacuum Cleaner,Cleaning,wishlist,5.0,0,2024-06-14,
7336,U1128,216,Electric Shaver,Personal Care,view,,0,2023-01-22,122.0
7337,U0352,1546,Electric Scooter Charger,Power,add_to_cart,,0,2024-06-05,
7338,U0276,4860,Wall Clock,Decor,purchase,4.2,1,2023-09-07,
7339,U0436,4449,Space Heater,Climate,view,,0,2023-04-02,69.0
7340,U0051,988,Sous Vide Cooker,Kitchen,purchase,4.9,1,2024-09-22,
7341,U1403,3446,Gas Stove,Kitchen,view,,0,2023-08-06,141.0
7342,U0446,1158,Smart Oven,Kitchen,view,,0,2024-06-03,93.0
7343,U0875,1409,Carpet Cleaner,Cleaning,purchase,2.0,1,2024-12-26,
7344,U1925,4961,Deep Fryer,Kitchen,view,,0,2023-05-22,40.0
7345,U0374,4470,Attic Fan,Climate,add_to_cart,,0,2024-04-25,
7346,U1839,2503,Smart Dryer,Laundry,purchase,4.2,1,2024-03-19,
7347,U1608,3110,Window Cleaner Robot,Cleaning,wishlist,2.7,0,2023-06-15,
7348,U0684,2287,Freezer,Kitchen,purchase,5.0,1,2023-04-27,
7349,U1657,2964,Terrarium Heater,Pet,view,,0,2023-02-20,14.0
7350,U0116,3030,Smart Plug,Smart Home,view,,0,2024-01-06,430.0
7351,U0035,3066,Induction Cooktop,Kitchen,view,,0,2023-09-29,48.0
7352,U1263,4787,Tea Maker,Kitchen,view,,0,2024-02-19,17.0
7353,U1436,4107,Air Fryer,Kitchen,purchase,4.6,1,2023-03-09,
7354,U1890,2510,Hot Plate,Kitchen,view,,0,2024-06-10,4.0
7355,U0850,194,RO Purifier,Bathroom,view,,0,2024-10-25,20.0
7356,U1450,1065,Hot Plate,Kitchen,purchase,3.8,1,2024-10-30,
7357,U1631,3010,Electric Shaver,Personal Care,add_to_cart,,0,2023-08-08,
7358,U0711,3798,Window Cleaner Robot,Cleaning,view,,0,2023-03-21,71.0
7359,U1483,2587,Bottle Sterilizer,Kitchen,purchase,3.8,1,2023-11-15,
7360,U0256,53,Smart Door Lock,Security,add_to_cart,,0,2024-04-15,
7361,U1090,1730,Smart Plug,Smart Home,view,,0,2024-06-12,71.0
7362,U1856,1969,Sewing Machine,Hobby,purchase,2.3,1,2024-09-12,
7363,U0585,4582,Exhaust Fan,Climate,view,,0,2023-09-07,116.0
7364,U0303,2266,Smart Washer,Laundry,view,,0,2024-11-27,199.0
7365,U0995,1093,Smart Lock,Security,view,,0,2023-03-30,36.0
7366,U0514,3933,Lint Remover,Laundry,wishlist,2.3,0,2024-02-08,
7367,U1252,2643,Electric Mop,Cleaning,add_to_cart,,0,2024-09-08,
7368,U1864,309,Electric Mop,Cleaning,purchase,3.6,1,2023-12-18,
7369,U0552,4668,Steam Cleaner,Cleaning,add_to_cart,,0,2023-01-30,
7370,U0311,2146,Water Boiler,Kitchen,purchase,4.8,1,2024-09-14,
7371,U1573,1542,WiFi Extender,Networking,view,,0,2024-06-17,84.0
7372,U0297,4913,Treadmill,Fitness,view,,0,2024-01-18,610.0
7373,U0557,4749,Smart Bulb,Smart Home,add_to_cart,,0,2023-07-09,
7374,U0760,262,Electric Scooter Charger,Power,view,,0,2023-07-25,186.0
7375,U0449,1598,Hot Plate,Kitchen,purchase,4.4,1,2023-10-05,
7376,U1754,3515,Electric Tandoor,Kitchen,wishlist,5.0,0,2024-10-22,
7377,U1636,1883,Citrus Juicer,Kitchen,purchase,4.5,1,2024-01-07,
7378,U0938,3229,Misting Fan,Climate,purchase,4.4,1,2023-07-01,
7379,U1393,1189,Smart Bulb,Smart Home,purchase,3.6,1,2024-08-04,
7380,U0170,101,Label Maker,Tools,wishlist,3.8,0,2023-06-10,
7381,U0859,1680,Tankless Water Heater,Bathroom,view,,0,2024-02-19,143.0
7382,U0109,4013,Network Attached Storage,Networking,purchase,4.7,1,2024-07-18,
7383,U0046,2997,Jacuzzi Pump,Bathroom,view,,0,2024-03-18,315.0
7384,U0864,1563,Wall Clock,Decor,add_to_cart,,0,2024-07-25,
7385,U0577,2022,Hot Dog Maker,Kitchen,add_to_cart,,0,2024-01-11,
7386,U0922,3917,Coffee Maker,Kitchen,wishlist,4.2,0,2024-01-16,
7387,U0417,70,Smart Lock,Security,purchase,5.0,1,2023-05-26,
7388,U0897,1098,Automatic Pet Water Fountain,Pet,add_to_cart,,0,2024-05-20,
7389,U0967,503,Aquarium Filter,Pet,purchase,4.9,1,2023-07-20,
7390,U0124,524,Ice Crusher,Kitchen,view,,0,2024-02-12,115.0
7391,U1478,2573,Dough Maker,Kitchen,purchase,4.7,1,2023-05-29,
7392,U0950,3057,Knitting Machine,Hobby,view,,0,2023-03-17,135.0
7393,U1084,1386,Electric Drill,Tools,view,,0,2024-02-03,53.0
7394,U0673,3794,Aquarium Filter,Pet,view,,0,2024-09-20,96.0
7395,U0554,3915,OTG Oven,Kitchen,purchase,3.6,1,2023-02-01,
7396,U0790,4653,Mini Fridge,Kitchen,purchase,4.8,1,2024-12-07,
7397,U0401,24,Sprinkler System,Tools,purchase,4.7,1,2023-03-31,
7398,U1517,3490,Smart TV,Entertainment,purchase,4.2,1,2023-07-19,
7399,U0982,777,Clock,Decor,purchase,5.0,1,2023-08-17,
7400,U1877,1236,Built In Microwave,Kitchen,purchase,4.1,1,2024-05-15,
7401,U1974,340,Jacuzzi Pump,Bathroom,view,,0,2023-04-01,64.0
7402,U0289,1951,Electric Mop,Cleaning,view,,0,2023-01-08,28.0
7403,U0377,3775,Scanner,Tools,wishlist,4.4,0,2023-09-09,
7404,U0321,4898,Angle Grinder,Tools,add_to_cart,,0,2023-06-30,
7405,U0188,3119,Paper Shredder,Tools,purchase,4.3,1,2023-01-21,
7406,U1439,2747,Smart Hub,Networking,add_to_cart,,0,2023-08-23,
7407,U0386,4105,UPS,Power,view,,0,2024-03-14,69.0
7408,U1425,4589,Blu Ray Player,Entertainment,wishlist,4.2,0,2023-12-17,
7409,U1220,4285,Leaf Blower,Tools,add_to_cart,,0,2023-04-23,
7410,U0444,4771,Sandwich Maker,Kitchen,view,,0,2023-07-14,50.0
7411,U1783,2637,Water Boiler,Kitchen,purchase,4.8,1,2023-01-29,
7412,U0943,1077,Smart Switch,Smart Home,add_to_cart,,0,2024-09-11,
7413,U0715,4405,Weather Station,Smart Home,view,,0,2024-09-18,885.0
7414,U1686,3552,Range Hood,Kitchen,view,,0,2023-11-06,83.0
7415,U1643,4884,Handheld Vacuum,Cleaning,purchase,4.8,1,2023-11-25,
7416,U0491,3864,WiFi Extender,Networking,view,,0,2023-08-26,108.0
7417,U1028,2464,Heater,Climate,view,,0,2023-12-23,90.0
7418,U0714,1990,Carpet Cleaner,Cleaning,purchase,4.9,1,2023-02-23,
7419,U0453,1174,Aquarium Filter,Pet,purchase,5.0,1,2023-07-07,
7420,U0580,2524,Steam Iron,Laundry,purchase,4.8,1,2023-01-29,
7421,U0157,2677,Clothes Dryer,Laundry,add_to_cart,,0,2023-02-09,
7422,U0048,1771,Water Flosser,Personal Care,add_to_cart,,0,2023-06-26,
7423,U0219,3357,Smart Air Conditioner,Climate,view,,0,2024-11-17,386.0
7424,U0012,2056,Bidet Seat,Bathroom,view,,0,2024-02-20,47.0
7425,U0435,98,Lawn Mower,Tools,purchase,3.1,1,2023-11-29,
7426,U1602,1920,Smart Thermostat,Climate,add_to_cart,,0,2023-12-23,
7427,U0024,4822,Automatic Pet Water Fountain,Pet,view,,0,2024-05-07,39.0
7428,U1151,3633,Pressure Washer,Cleaning,purchase,4.9,1,2024-12-21,
7429,U0595,495,Label Maker,Tools,add_to_cart,,0,2024-10-02,
7430,U0742,2391,Ice Crusher,Kitchen,wishlist,4.6,0,2024-03-27,
7431,U1035,4050,Home Automation Controller,Networking,view,,0,2023-11-29,65.0
7432,U0982,3635,Electric Shaver,Personal Care,purchase,4.1,1,2023-02-10,
7433,U0195,1726,Router,Networking,purchase,4.4,1,2024-07-08,
7434,U1806,3235,Portable Air Conditioner,Climate,purchase,4.4,1,2024-09-29,
7435,U0432,3234,Smart Garage Door Opener,Security,add_to_cart,,0,2024-12-12,
7436,U0249,2741,Aquarium Filter,Pet,purchase,4.3,1,2024-01-26,
7437,U0736,2241,Wall Clock,Decor,purchase,4.6,1,2024-04-11,
7438,U0164,3407,Electric Shaver,Personal Care,purchase,2.8,1,2023-04-15,
7439,U0522,2076,Pet Feeder,Pet,wishlist,4.3,0,2023-01-30,
7440,U0910,1435,Exhaust Fan,Climate,purchase,4.2,1,2024-09-23,
7441,U0424,232,Juicer,Kitchen,purchase,3.4,1,2023-07-09,
7442,U1915,2768,Refrigerator,Kitchen,view,,0,2023-05-20,349.0
7443,U0846,599,Pressure Washer,Cleaning,purchase,3.8,1,2023-07-30,
7444,U1623,862,Security Camera,Security,purchase,5.0,1,2023-02-03,
7445,U1985,4664,Kegerator,Hobby,view,,0,2024-04-30,73.0
7446,U0838,1951,Electric Mop,Cleaning,add_to_cart,,0,2024-07-03,
7447,U1436,1781,WiFi Extender,Networking,view,,0,2024-06-02,0.0
7448,U1401,3267,Air Quality Monitor,Smart Home,view,,0,2023-05-10,53.0
7449,U1130,3335,Security Camera,Security,add_to_cart,,0,2023-11-06,
7450,U0184,1227,Hair Curler,Personal Care,add_to_cart,,0,2024-05-09,
7451,U0022,904,Water Pump,Outdoor,view,,0,2024-08-26,54.0
7452,U1980,1455,Garbage Disposal,Kitchen,purchase,4.0,1,2023-11-14,
7453,U1292,1948,Floor Polisher,Cleaning,add_to_cart,,0,2024-09-25,
7454,U0258,2944,Garage Door Motor,Outdoor,add_to_cart,,0,2023-03-26,
7455,U0312,299,Door Intercom,Security,view,,0,2023-11-14,60.0
7456,U0898,255,Electric Fireplace,Climate,view,,0,2023-04-08,69.0
7457,U1859,1635,Router,Networking,purchase,3.3,1,2023-10-30,
7458,U0398,1677,Smart Door Lock,Security,view,,0,2023-05-17,324.0
7459,U0369,2108,Thermostat,Climate,purchase,3.9,1,2023-03-20,
7460,U1385,1109,Home Automation Controller,Networking,add_to_cart,,0,2023-04-24,
7461,U0833,285,WiFi Extender,Networking,wishlist,3.2,0,2023-10-27,
7462,U0975,2028,Digital Safe,Security,add_to_cart,,0,2024-07-11,
7463,U0390,1435,Exhaust Fan,Climate,view,,0,2024-08-08,25.0
7464,U1831,441,Water Filter,Bathroom,purchase,3.4,1,2023-10-16,
7465,U1204,1021,Sewing Machine,Hobby,add_to_cart,,0,2024-03-07,
7466,U0922,3546,Network Attached Storage,Networking,view,,0,2024-12-27,28.0
7467,U0193,1705,Electric Drill,Tools,purchase,5.0,1,2023-04-03,
7468,U0405,511,Weather Station,Smart Home,wishlist,4.1,0,2023-10-02,
7469,U0799,4885,Central Vacuum System,Cleaning,purchase,4.8,1,2024-11-03,
7470,U0458,1020,Chainsaw,Tools,view,,0,2024-04-08,25.0
7471,U1105,3393,Smart Door Lock,Security,add_to_cart,,0,2024-08-01,
7472,U0223,976,Espresso Machine,Kitchen,purchase,4.5,1,2024-04-21,
7473,U1236,1143,Convection Microwave,Kitchen,purchase,3.7,1,2023-06-03,
7474,U1899,4153,Electric Pressure Cooker,Kitchen,add_to_cart,,0,2023-12-05,
7475,U1158,3220,Smart Vacuum,Cleaning,view,,0,2023-03-17,165.0
7476,U1178,964,Panini Press,Kitchen,add_to_cart,,0,2024-06-26,
7477,U1859,4805,Leaf Blower,Tools,purchase,4.5,1,2023-11-28,
7478,U0243,4444,Hair Curler,Personal Care,purchase,4.9,1,2024-12-17,
7479,U0821,473,Steam Cleaner,Cleaning,view,,0,2023-04-24,22.0
7480,U0696,2349,Pressure Washer,Cleaning,add_to_cart,,0,2023-04-27,
7481,U1663,1427,Bladeless Fan,Climate,purchase,3.2,1,2023-01-16,
7482,U0629,1508,Pet Feeder,Pet,purchase,3.0,1,2023-06-03,
7483,U1987,7,Mixer Grinder,Kitchen,wishlist,2.6,0,2024-07-27,
7484,U1914,3266,Bread Maker,Kitchen,purchase,3.5,1,2023-09-23,
7485,U1512,2553,Pool Heater,Outdoor,view,,0,2024-05-18,67.0
7486,U1618,1844,Automatic Pet Water Fountain,Pet,add_to_cart,,0,2023-02-26,
7487,U0703,2755,Heating Pad,Personal Care,add_to_cart,,0,2023-02-15,
7488,U1336,3423,Mini Fridge,Kitchen,view,,0,2024-10-03,286.0
7489,U1138,4968,Steam Iron,Laundry,purchase,3.7,1,2024-01-27,
7490,U0137,1673,Angle Grinder,Tools,purchase,3.3,1,2024-10-06,
7491,U1911,3875,Smart Hub,Networking,wishlist,3.6,0,2024-04-11,
7492,U0831,4911,Electric Shaver,Personal Care,purchase,4.5,1,2023-04-03,
7493,U0589,4879,UPS,Power,add_to_cart,,0,2024-11-06,
7494,U1772,1423,Electric Kettle,Kitchen,view,,0,2024-07-27,44.0
7495,U0287,3491,Smart Garage Door Opener,Security,add_to_cart,,0,2024-06-07,
7496,U1265,3498,Laminator,Tools,view,,0,2023-09-28,102.0
7497,U1357,140,Modem,Networking,view,,0,2023-07-14,49.0
7498,U1810,1366,Bathroom Exhaust Fan,Bathroom,purchase,3.7,1,2024-07-12,
7499,U0596,901,Electric Mop,Cleaning,purchase,4.2,1,2023-01-14,
7500,U0041,4970,Smart Bulb,Smart Home,view,,0,2024-03-25,55.0
7501,U0462,621,Wine Cooler,Kitchen,purchase,3.1,1,2024-09-07,
7502,U0934,2992,Bidet Seat,Bathroom,view,,0,2024-10-04,81.0
7503,U0832,2494,Attic Fan,Climate,add_to_cart,,0,2024-11-23,
7504,U1067,1312,Portable Dishwasher,Cleaning,add_to_cart,,0,2024-10-14,
7505,U1917,1396,Water Filter,Bathroom,view,,0,2023-10-02,453.0
7506,U1987,1479,Electric Pressure Cooker,Kitchen,view,,0,2024-11-03,385.0
7507,U1541,2459,Kitchen Chimney,Kitchen,purchase,4.1,1,2024-07-20,
7508,U1019,4602,Aquarium Heater,Pet,wishlist,5.0,0,2023-04-30,
7509,U1548,4911,Electric Shaver,Personal Care,view,,0,2023-06-28,226.0
7510,U0781,3789,Smart Switch,Smart Home,add_to_cart,,0,2024-04-02,
7511,U1181,2437,Hair Dryer,Personal Care,purchase,3.1,1,2024-09-14,
7512,U1729,2643,Electric Mop,Cleaning,view,,0,2023-04-06,8.0
7513,U0537,4825,Electric Mop,Cleaning,view,,0,2023-07-03,28.0
7514,U0607,2078,Fermentation Crock,Hobby,view,,0,2024-10-08,14.0
7515,U0548,4101,Microwave Oven,Kitchen,add_to_cart,,0,2024-09-10,
7516,U0053,4607,Booster Pump,Outdoor,add_to_cart,,0,2024-03-20,
7517,U0827,452,Electric Vehicle Charger,Power,view,,0,2024-10-27,45.0
7518,U0804,1384,Robot Vacuum,Cleaning,view,,0,2023-06-26,75.0
7519,U0033,197,Alarm System,Security,purchase,4.3,1,2023-02-08,
7520,U1651,563,Panini Press,Kitchen,view,,0,2024-09-08,59.0
7521,U1403,3683,Aquarium Heater,Pet,purchase,4.2,1,2023-01-08,
7522,U1909,2755,Heating Pad,Personal Care,add_to_cart,,0,2023-01-13,
7523,U1264,718,Modem,Networking,add_to_cart,,0,2023-12-18,
7524,U1020,2829,Printer,Tools,wishlist,5.0,0,2023-01-08,
7525,U0866,4595,Cooktop,Kitchen,add_to_cart,,0,2024-12-28,
7526,U0046,2708,Air Cooler,Climate,purchase,4.8,1,2024-01-09,
7527,U1001,705,Hedge Trimmer,Tools,purchase,2.9,1,2023-01-25,
7528,U1110,3881,Trash Compactor,Kitchen,view,,0,2024-02-14,121.0
7529,U0270,3322,Refrigerator,Kitchen,purchase,4.5,1,2024-10-12,
7530,U0518,1149,Landline Phone,Smart Home,add_to_cart,,0,2024-12-30,
7531,U1659,1726,Router,Networking,view,,0,2024-08-21,58.0
7532,U1937,377,Air Quality Monitor,Smart Home,add_to_cart,,0,2023-08-29,
7533,U1980,2325,Soundbar,Entertainment,view,,0,2024-10-09,91.0
7534,U1014,997,Countertop Dishwasher,Cleaning,purchase,2.3,1,2023-08-30,
7535,U0563,4105,UPS,Power,view,,0,2024-11-09,23.0
7536,U0932,1145,Air Cooler,Climate,wishlist,4.0,0,2023-01-18,
7537,U1777,3537,Aquarium Filter,Pet,wishlist,2.9,0,2024-08-09,
7538,U1303,1767,Booster Pump,Outdoor,add_to_cart,,0,2023-01-06,
7539,U0116,1807,Emergency Light,Security,view,,0,2023-10-12,45.0
7540,U0549,2012,Terrarium Heater,Pet,add_to_cart,,0,2024-04-13,
7541,U1398,3457,Aquarium Filter,Pet,view,,0,2024-01-10,87.0
7542,U0584,2339,WiFi Extender,Networking,add_to_cart,,0,2023-07-11,
7543,U1091,3170,Towel Warmer,Bathroom,view,,0,2024-06-21,14.0
7544,U1032,4866,Soundbar,Entertainment,add_to_cart,,0,2024-01-28,
7545,U1357,674,Water Pump,Outdoor,wishlist,3.4,0,2023-12-07,
7546,U0145,2960,Smart Plug,Smart Home,view,,0,2024-12-20,190.0
7547,U1243,4420,Hair Straightener,Personal Care,purchase,4.8,1,2024-10-19,
7548,U0410,3968,Scanner,Tools,purchase,5.0,1,2023-03-03,
7549,U1190,2491,Crepe Maker,Kitchen,purchase,3.9,1,2024-10-14,
7550,U1451,3931,Humidifier,Climate,add_to_cart,,0,2023-11-11,
7551,U1089,4121,Deep Fryer,Kitchen,view,,0,2024-01-21,75.0
7552,U0213,22,Meat Grinder,Kitchen,view,,0,2024-04-23,65.0
7553,U1769,2547,Wall Clock,Decor,view,,0,2024-07-17,1.0
7554,U1008,736,Citrus Juicer,Kitchen,view,,0,2024-03-23,81.0
7555,U0282,2128,Pressure Washer,Cleaning,view,,0,2024-03-27,11.0
7556,U1176,2633,Booster Pump,Outdoor,add_to_cart,,0,2024-08-05,
7557,U0158,2782,Juicer,Kitchen,view,,0,2023-03-14,601.0
7558,U1714,410,Sandwich Maker,Kitchen,add_to_cart,,0,2023-11-16,
7559,U1933,2810,Alarm Clock,Decor,purchase,4.6,1,2024-06-21,
7560,U0812,4341,Air Fryer,Kitchen,add_to_cart,,0,2023-06-03,
7561,U1785,605,Emergency Light,Security,view,,0,2023-04-18,228.0
7562,U0957,844,Automatic Pet Water Fountain,Pet,view,,0,2024-12-15,603.0
7563,U1418,3581,Electric Oven,Kitchen,wishlist,3.1,0,2023-04-06,
7564,U1500,2803,Router,Networking,wishlist,1.7,0,2023-05-10,
7565,U1546,3719,Clock,Decor,view,,0,2024-06-29,47.0
7566,U0294,4581,Handheld Vacuum,Cleaning,view,,0,2023-07-03,34.0
7567,U0691,182,Central Vacuum System,Cleaning,view,,0,2023-09-06,7.0
7568,U0698,2188,Bathroom Exhaust Fan,Bathroom,view,,0,2024-10-09,35.0
7569,U0029,4073,Mixer Grinder,Kitchen,view,,0,2024-02-13,105.0
7570,U0698,2650,Terrarium Heater,Pet,purchase,4.5,1,2023-05-11,
7571,U1650,768,Modem,Networking,purchase,4.3,1,2023-12-01,
7572,U1881,3397,Streaming Device,Entertainment,view,,0,2024-10-20,210.0
7573,U1580,3148,Smart Plug,Smart Home,add_to_cart,,0,2024-05-17,
7574,U0479,3285,Toaster Oven,Kitchen,wishlist,4.5,0,2024-01-19,
7575,U1971,108,Cooktop,Kitchen,view,,0,2024-07-17,371.0
7576,U1774,3802,Washer Dryer Combo,Laundry,add_to_cart,,0,2024-03-09,
7577,U1818,2032,RO Purifier,Bathroom,purchase,4.6,1,2023-10-31,
7578,U0315,3118,Hair Dryer,Personal Care,wishlist,5.0,0,2023-02-04,
7579,U1796,3474,Aquarium Heater,Pet,view,,0,2023-10-14,112.0
7580,U0296,3662,Heating Pad,Personal Care,add_to_cart,,0,2024-12-11,
7581,U1360,1672,Electric Knife,Kitchen,wishlist,4.1,0,2023-08-17,
7582,U1579,4738,Aquarium Filter,Pet,wishlist,2.4,0,2024-07-12,
7583,U0270,1009,Rice Cooker,Kitchen,purchase,3.6,1,2023-10-28,
7584,U0272,1915,Angle Grinder,Tools,purchase,3.1,1,2024-12-02,
7585,U1780,2585,Toaster Oven,Kitchen,purchase,4.8,1,2023-06-14,
7586,U1212,225,Robot Vacuum,Cleaning,add_to_cart,,0,2023-03-21,
7587,U1546,2024,Chainsaw,Tools,view,,0,2023-07-16,135.0
7588,U1282,2503,Smart Dryer,Laundry,add_to_cart,,0,2024-07-02,
7589,U0495,3865,Massager,Personal Care,view,,0,2023-03-04,51.0
7590,U0783,1026,Refrigerator,Kitchen,view,,0,2023-03-18,318.0
7591,U1260,1941,Home Automation Controller,Networking,view,,0,2024-07-09,15.0
7592,U1294,1348,Pet Feeder,Pet,purchase,4.3,1,2024-11-21,
7593,U0130,362,Attic Fan,Climate,purchase,2.6,1,2024-08-05,
7594,U1246,235,Booster Pump,Outdoor,add_to_cart,,0,2024-03-11,
7595,U1872,2764,Hot Dog Maker,Kitchen,add_to_cart,,0,2023-11-26,
7596,U1183,4105,UPS,Power,add_to_cart,,0,2024-05-29,
7597,U1153,3507,Foot Massager,Personal Care,view,,0,2023-10-02,12.0
7598,U0407,3192,Panini Press,Kitchen,purchase,4.9,1,2023-12-29,
7599,U1437,910,Router,Networking,purchase,3.2,1,2024-04-04,
7600,U0777,1816,Modem,Networking,purchase,4.3,1,2024-10-07,
7601,U1130,4181,Water Heater,Bathroom,add_to_cart,,0,2023-02-23,
7602,U1735,2018,Home Server,Networking,purchase,4.2,1,2024-04-08,
7603,U0401,1467,Carpet Cleaner,Cleaning,view,,0,2023-06-07,35.0
7604,U1916,3550,3D Printer,Hobby,view,,0,2024-10-10,44.0
7605,U0611,667,Jacuzzi Pump,Bathroom,add_to_cart,,0,2023-10-02,
7606,U0087,4186,Epilator,Personal Care,view,,0,2024-06-19,25.0
7607,U0936,90,Cooktop,Kitchen,view,,0,2024-11-18,89.0
7608,U0184,4164,Chainsaw,Tools,view,,0,2023-05-19,117.0
7609,U0751,3065,Mini Fridge,Kitchen,view,,0,2024-08-16,43.0
7610,U0537,4825,Electric Mop,Cleaning,purchase,3.9,1,2024-01-30,
7611,U1897,4558,Citrus Juicer,Kitchen,add_to_cart,,0,2023-05-28,
7612,U1021,35,Sprinkler System,Tools,view,,0,2024-10-19,60.0
7613,U0803,1842,Humidifier,Climate,view,,0,2023-06-30,98.0
7614,U0502,1438,Popcorn Maker,Kitchen,purchase,4.8,1,2024-01-12,
7615,U0919,3588,Ice Crusher,Kitchen,view,,0,2024-12-29,84.0
7616,U1601,4583,UPS,Power,wishlist,4.9,0,2024-12-01,
7617,U1437,1121,Basement Dehumidifier,Outdoor,purchase,4.5,1,2023-01-08,
7618,U1789,487,Smart Dryer,Laundry,wishlist,3.1,0,2024-08-21,
7619,U1164,1976,Sous Vide Cooker,Kitchen,view,,0,2023-05-19,22.0
7620,U1582,2618,Garage Door Motor,Outdoor,view,,0,2024-01-28,131.0
7621,U1466,3075,Pool Heater,Outdoor,wishlist,4.2,0,2024-08-26,
7622,U0517,4105,UPS,Power,view,,0,2023-01-01,61.0
7623,U1878,225,Robot Vacuum,Cleaning,purchase,3.5,1,2024-09-08,
7624,U1821,2024,Chainsaw,Tools,purchase,4.4,1,2023-02-04,
7625,U0859,3993,Modem,Networking,wishlist,4.5,0,2024-10-19,
7626,U1415,4803,Floor Polisher,Cleaning,view,,0,2024-12-07,80.0
7627,U1506,4545,Kitchen Chimney,Kitchen,purchase,4.3,1,2024-05-18,
7628,U0305,2221,Panini Press,Kitchen,view,,0,2023-05-20,33.0
7629,U0350,792,Router,Networking,view,,0,2023-08-16,247.0
7630,U0685,533,Food Processor,Kitchen,purchase,4.0,1,2024-06-15,
7631,U1470,216,Electric Shaver,Personal Care,purchase,4.4,1,2024-09-07,
7632,U0867,2048,Cotton Candy Machine,Hobby,purchase,5.0,1,2024-11-10,
7633,U0807,4756,Countertop Dishwasher,Cleaning,view,,0,2023-07-16,135.0
7634,U1486,490,Smart Plug,Smart Home,purchase,4.4,1,2024-05-12,
7635,U0361,2081,Smart Washer,Laundry,view,,0,2024-09-30,38.0
7636,U1085,1619,Space Heater,Climate,view,,0,2024-10-10,143.0
7637,U1881,3826,Speakers,Entertainment,view,,0,2024-12-29,92.0
7638,U1072,3438,Air Purifier,Climate,view,,0,2024-12-20,35.0
7639,U1592,1349,Inverter,Power,wishlist,4.8,0,2024-12-10,
7640,U1354,2199,Power Strip,Power,view,,0,2024-03-05,242.0
7641,U0825,3460,Electric Fireplace,Climate,wishlist,4.2,0,2023-01-10,
7642,U0748,815,WiFi Extender,Networking,purchase,4.2,1,2023-07-22,
7643,U1264,2753,Weather Station,Smart Home,add_to_cart,,0,2024-03-31,
7644,U0589,2040,Central Vacuum System,Cleaning,view,,0,2024-08-09,240.0
7645,U1594,567,Lawn Mower,Tools,view,,0,2023-08-20,68.0
7646,U1938,4382,Printer,Tools,view,,0,2024-09-24,156.0
7647,U1329,2607,Knitting Machine,Hobby,purchase,4.6,1,2024-07-20,
7648,U1001,2644,Tea Maker,Kitchen,add_to_cart,,0,2024-07-12,
7649,U1390,3653,Network Attached Storage,Networking,purchase,4.2,1,2024-02-14,
7650,U0990,4140,Electric Mop,Cleaning,view,,0,2024-09-04,76.0
7651,U1916,3859,Dough Maker,Kitchen,purchase,4.1,1,2023-07-28,
7652,U0359,2220,Smart Oven,Kitchen,view,,0,2024-05-15,220.0
7653,U1573,4841,Kombucha Maker,Hobby,view,,0,2023-02-02,76.0
7654,U1870,1612,Sandwich Maker,Kitchen,purchase,4.2,1,2024-05-08,
7655,U0244,3357,Smart Air Conditioner,Climate,view,,0,2023-05-27,155.0
7656,U0419,2201,Angle Grinder,Tools,add_to_cart,,0,2024-07-29,
7657,U1508,3582,Wall Clock,Decor,add_to_cart,,0,2024-02-23,
7658,U0307,4357,Trimmer,Personal Care,view,,0,2023-05-20,17.0
7659,U0595,1079,Cooktop,Kitchen,view,,0,2023-05-30,12.0
7660,U1955,1930,Sewing Machine,Hobby,view,,0,2024-02-08,101.0
7661,U0062,2990,Emergency Light,Security,purchase,4.0,1,2024-08-16,
7662,U0364,193,Water Heater,Bathroom,view,,0,2023-03-05,46.0
7663,U1157,4623,Pet Feeder,Pet,purchase,4.6,1,2024-04-21,
7664,U1297,2260,Modem,Networking,add_to_cart,,0,2023-02-08,
7665,U1800,466,Weather Station,Smart Home,purchase,3.0,1,2023-08-13,
7666,U1368,4825,Electric Mop,Cleaning,purchase,3.5,1,2024-01-18,
7667,U0219,1673,Angle Grinder,Tools,wishlist,4.4,0,2023-12-09,
7668,U0184,4429,Gaming Console,Entertainment,view,,0,2023-11-24,90.0
7669,U0104,866,Fabric Shaver,Laundry,add_to_cart,,0,2024-09-23,
7670,U1071,727,Grill Microwave,Kitchen,view,,0,2024-04-24,135.0
7671,U1977,192,WiFi Extender,Networking,add_to_cart,,0,2023-11-16,
7672,U1311,633,Countertop Dishwasher,Cleaning,wishlist,5.0,0,2023-07-28,
7673,U1754,1430,Smart Washer,Laundry,purchase,5.0,1,2024-05-05,
7674,U1380,252,Vacuum Cleaner,Cleaning,purchase,4.8,1,2024-06-15,
7675,U0503,4664,Kegerator,Hobby,purchase,5.0,1,2023-09-20,
7676,U1004,1567,Bladeless Fan,Climate,add_to_cart,,0,2023-05-21,
7677,U1338,2307,Kitchen Chimney,Kitchen,purchase,4.3,1,2024-01-19,
7678,U1953,4644,Handheld Vacuum,Cleaning,purchase,5.0,1,2023-06-11,
7679,U0882,3051,Garbage Disposal,Kitchen,add_to_cart,,0,2023-05-03,
7680,U0617,717,Water Filter,Bathroom,purchase,4.7,1,2023-05-23,
7681,U1748,3957,Jacuzzi Pump,Bathroom,wishlist,4.5,0,2024-03-05,
7682,U1245,2946,Electric Mop,Cleaning,wishlist,3.7,0,2023-12-08,
7683,U1817,1949,Network Attached Storage,Networking,add_to_cart,,0,2023-02-08,
7684,U1766,4001,Built In Dishwasher,Kitchen,purchase,3.8,1,2024-03-17,
7685,U0356,3051,Garbage Disposal,Kitchen,add_to_cart,,0,2024-05-12,
7686,U1957,1767,Booster Pump,Outdoor,add_to_cart,,0,2024-10-15,
7687,U1282,225,Robot Vacuum,Cleaning,purchase,4.1,1,2023-02-05,
7688,U0203,343,Ice Cream Maker,Kitchen,view,,0,2023-01-22,147.0
7689,U0621,1856,Home Theater System,Entertainment,add_to_cart,,0,2023-04-01,
7690,U1315,4718,Electric Blanket,Personal Care,add_to_cart,,0,2023-10-21,
7691,U1824,2419,Automatic Pet Water Fountain,Pet,view,,0,2023-11-08,102.0
7692,U1863,3819,Kombucha Maker,Hobby,purchase,3.6,1,2023-04-17,
7693,U0047,2023,Wall Clock,Decor,wishlist,2.2,0,2024-03-31,
7694,U1897,4041,Roti Maker,Kitchen,add_to_cart,,0,2023-06-27,
7695,U0737,2650,Terrarium Heater,Pet,add_to_cart,,0,2023-03-12,
7696,U0639,351,Towel Warmer,Bathroom,view,,0,2024-08-05,145.0
7697,U1526,4055,Steam Iron,Laundry,purchase,4.4,1,2024-01-23,
7698,U0084,3100,Cooktop,Kitchen,view,,0,2023-05-28,19.0
7699,U0100,4285,Leaf Blower,Tools,wishlist,2.9,0,2024-03-01,
7700,U1071,4246,OTG Oven,Kitchen,view,,0,2023-11-30,225.0
7701,U0869,3691,Juicer,Kitchen,add_to_cart,,0,2024-03-13,
7702,U1698,1269,Pet Feeder,Pet,view,,0,2024-07-19,187.0
7703,U0147,4574,Electric Kettle,Kitchen,add_to_cart,,0,2024-01-02,
7704,U1785,4289,Pressure Washer,Cleaning,add_to_cart,,0,2024-02-22,
7705,U0266,133,Inverter,Power,view,,0,2023-11-11,214.0
7706,U1586,1222,Printer,Tools,purchase,3.8,1,2024-10-08,
7707,U1089,2441,UPS,Power,view,,0,2024-07-05,615.0
7708,U0392,3107,Water Softener,Bathroom,purchase,3.4,1,2023-07-15,
7709,U0454,4492,Voltage Stabilizer,Power,view,,0,2024-12-21,280.0
7710,U0475,1378,Knitting Machine,Hobby,purchase,4.0,1,2023-08-20,
7711,U1390,4989,Electric Lunch Box,Kitchen,purchase,3.7,1,2024-09-29,
7712,U1926,3476,Smart Refrigerator,Kitchen,view,,0,2024-10-06,378.0
7713,U0001,4089,Paper Shredder,Tools,wishlist,3.8,0,2023-08-27,
7714,U0424,3794,Aquarium Filter,Pet,wishlist,3.8,0,2023-07-17,
7715,U1306,3596,Sous Vide Cooker,Kitchen,view,,0,2024-01-03,93.0
7716,U0279,2864,Washer Dryer Combo,Laundry,purchase,4.4,1,2023-04-08,
7717,U1355,1483,Window Cleaner Robot,Cleaning,add_to_cart,,0,2023-06-14,
7718,U1457,3437,Window Cleaner Robot,Cleaning,add_to_cart,,0,2023-09-07,
7719,U0341,670,Smart Thermostat,Climate,purchase,2.5,1,2024-12-01,
7720,U0657,2892,Food Processor,Kitchen,add_to_cart,,0,2024-08-04,
7721,U0249,251,Landline Phone,Smart Home,view,,0,2023-11-09,468.0
7722,U1373,2604,Robot Vacuum,Cleaning,purchase,3.3,1,2023-05-22,
7723,U1779,708,Smart Plug,Smart Home,add_to_cart,,0,2023-04-23,
7724,U0627,3513,RO Purifier,Bathroom,add_to_cart,,0,2023-06-18,
7725,U1341,206,Handheld Vacuum,Cleaning,view,,0,2023-07-09,17.0
7726,U1938,165,Wall Clock,Decor,view,,0,2024-08-20,137.0
7727,U1672,4645,Smart Plug,Smart Home,view,,0,2024-12-05,304.0
7728,U0938,576,Water Heater,Bathroom,add_to_cart,,0,2024-08-20,
7729,U1351,1728,Built In Refrigerator,Kitchen,view,,0,2024-08-28,6.0
7730,U1747,4602,Aquarium Heater,Pet,wishlist,4.3,0,2023-07-12,
7731,U1254,705,Hedge Trimmer,Tools,view,,0,2023-07-02,93.0
7732,U0132,3194,Label Maker,Tools,view,,0,2023-11-27,239.0
7733,U1082,537,Hair Straightener,Personal Care,view,,0,2024-08-15,246.0
7734,U1816,1028,Wall Clock,Decor,purchase,3.4,1,2023-08-06,
7735,U1380,4551,Air Conditioner,Climate,add_to_cart,,0,2023-06-20,
7736,U1954,823,Blender,Kitchen,view,,0,2023-07-23,38.0
7737,U1298,4456,Cotton Candy Machine,Hobby,add_to_cart,,0,2024-10-17,
7738,U0232,4946,Home Brewing Kit,Hobby,purchase,4.2,1,2023-08-20,
7739,U1605,2763,Video Doorbell,Security,view,,0,2023-05-24,212.0
7740,U1181,4498,Landline Phone,Smart Home,add_to_cart,,0,2023-09-09,
7741,U1182,1667,Heating Pad,Personal Care,purchase,5.0,1,2024-08-16,
7742,U1170,3621,Carpet Cleaner,Cleaning,view,,0,2023-07-23,163.0
7743,U0712,1046,Air Fryer,Kitchen,purchase,4.5,1,2024-06-18,
7744,U0004,1223,Label Maker,Tools,add_to_cart,,0,2024-06-25,
7745,U1937,3748,Central Air Conditioner,Climate,view,,0,2024-07-19,73.0
7746,U0166,4838,Portable Air Conditioner,Climate,wishlist,4.1,0,2023-12-20,
7747,U0829,1130,Smart Thermostat,Climate,view,,0,2023-12-11,154.0
7748,U0967,3056,Washing Machine,Laundry,view,,0,2024-03-07,1.0
7749,U1677,2825,Induction Oven,Kitchen,view,,0,2024-12-11,13.0
7750,U1206,372,Food Dehydrator,Kitchen,view,,0,2024-01-17,51.0
7751,U1136,4451,Toaster Oven,Kitchen,view,,0,2024-02-15,67.0
7752,U0421,890,Basement Dehumidifier,Outdoor,purchase,4.6,1,2023-11-14,
7753,U1408,515,Portable Dishwasher,Cleaning,purchase,4.4,1,2024-02-17,
7754,U1984,2757,Angle Grinder,Tools,view,,0,2023-07-28,63.0
7755,U0024,2780,Towel Warmer,Bathroom,purchase,4.1,1,2024-05-31,
7756,U1311,2247,Central Vacuum System,Cleaning,add_to_cart,,0,2023-05-11,
7757,U0790,1508,Pet Feeder,Pet,view,,0,2024-10-06,288.0
7758,U0531,916,Ice Cream Maker,Kitchen,view,,0,2024-04-12,34.0
7759,U1943,245,Infrared Sauna,Fitness,purchase,3.2,1,2024-04-22,
7760,U0472,2974,Misting Fan,Climate,view,,0,2023-03-22,291.0
7761,U0171,4191,Smart Garage Door Opener,Security,view,,0,2024-12-19,252.0
7762,U1835,686,Emergency Light,Security,purchase,3.6,1,2023-09-12,
7763,U0025,1154,OTG Oven,Kitchen,purchase,4.0,1,2024-04-28,
7764,U1416,2639,Dehumidifier,Climate,add_to_cart,,0,2024-09-19,
7765,U0268,897,Freezer,Kitchen,view,,0,2023-12-20,37.0
7766,U0731,137,Knitting Machine,Hobby,purchase,2.9,1,2023-09-09,
7767,U1785,57,Toaster,Kitchen,view,,0,2023-07-10,114.0
7768,U0222,103,Massage Chair,Personal Care,view,,0,2024-04-25,446.0
7769,U0131,4546,Sous Vide Cooker,Kitchen,view,,0,2024-10-12,373.0
7770,U0547,4499,Vacuum Sealer,Kitchen,view,,0,2023-04-15,49.0
7771,U1474,4361,Landline Phone,Smart Home,purchase,4.8,1,2024-03-03,
7772,U0754,4418,RO Purifier,Bathroom,view,,0,2023-08-10,76.0
7773,U0259,4036,Hand Mixer,Kitchen,view,,0,2023-09-26,489.0
7774,U0982,4625,Smart Hub,Networking,purchase,3.0,1,2023-12-15,
7775,U0239,4573,Built In Refrigerator,Kitchen,view,,0,2024-12-31,95.0
7776,U0995,2308,Popcorn Maker,Kitchen,view,,0,2023-07-10,210.0
7777,U0051,2489,Drip Coffee Maker,Kitchen,add_to_cart,,0,2024-12-25,
7778,U1923,762,Smart Display,Entertainment,view,,0,2024-01-03,29.0
7779,U1619,3439,Electric Toothbrush,Personal Care,view,,0,2023-05-11,323.0
7780,U1924,4539,Electric Knife,Kitchen,purchase,3.0,1,2023-06-15,
7781,U0964,4335,Trimmer,Personal Care,view,,0,2024-06-30,123.0
7782,U0923,163,Bladeless Fan,Climate,view,,0,2023-06-15,138.0
7783,U0556,1200,Bread Maker,Kitchen,view,,0,2023-06-26,114.0
7784,U1421,8,Hair Curler,Personal Care,view,,0,2023-03-26,146.0
7785,U0899,3903,Modem,Networking,view,,0,2023-05-02,16.0
7786,U1627,3205,UPS,Power,purchase,3.4,1,2024-04-20,
7787,U1534,3943,Smart Thermostat,Climate,purchase,3.1,1,2023-03-13,
7788,U0321,1331,Water Dispenser,Kitchen,view,,0,2024-09-22,124.0
7789,U1853,1492,Scanner,Tools,view,,0,2024-02-09,41.0
7790,U0396,4218,Wall Clock,Decor,view,,0,2023-08-12,11.0
7791,U1394,449,Smart Garage Door Opener,Security,add_to_cart,,0,2024-12-04,
7792,U1523,2232,Smart Curtain Motor,Smart Home,wishlist,3.6,0,2023-09-19,
7793,U1333,4730,Crepe Maker,Kitchen,view,,0,2024-04-22,208.0
7794,U1786,1243,Massager,Personal Care,view,,0,2023-04-25,118.0
7795,U1633,291,Lawn Mower,Tools,view,,0,2024-08-28,148.0
7796,U1722,4443,Hot Plate,Kitchen,wishlist,3.4,0,2023-04-19,
7797,U0775,923,Grill Microwave,Kitchen,view,,0,2023-07-30,40.0
7798,U0558,2135,Ice Maker,Kitchen,view,,0,2024-08-22,177.0
7799,U1344,4161,Pressure Washer,Cleaning,view,,0,2024-07-07,58.0
7800,U0697,2538,Solar Panel Inverter,Power,wishlist,3.2,0,2024-07-07,
7801,U0714,3514,Roti Maker,Kitchen,view,,0,2024-10-26,0.0
7802,U0531,400,Panini Press,Kitchen,add_to_cart,,0,2024-12-15,
7803,U1398,2821,Label Maker,Tools,wishlist,4.7,0,2023-12-13,
7804,U0591,2880,Handheld Vacuum,Cleaning,add_to_cart,,0,2024-04-16,
7805,U1703,2087,Electric Toothbrush,Personal Care,purchase,3.9,1,2024-08-14,
7806,U0766,1121,Basement Dehumidifier,Outdoor,add_to_cart,,0,2024-10-10,
7807,U1961,2815,Electric Pressure Cooker,Kitchen,view,,0,2023-10-31,79.0
7808,U1056,255,Electric Fireplace,Climate,add_to_cart,,0,2024-10-09,
7809,U1285,3841,Clock,Decor,purchase,4.2,1,2023-05-03,
7810,U1033,299,Door Intercom,Security,view,,0,2024-09-29,25.0
7811,U0911,2892,Food Processor,Kitchen,view,,0,2023-08-08,108.0
7812,U1901,1680,Tankless Water Heater,Bathroom,add_to_cart,,0,2023-08-01,
7813,U1910,205,Smart Hub,Networking,view,,0,2023-04-17,171.0
7814,U1842,2840,UV Water Purifier,Bathroom,purchase,3.7,1,2024-06-30,
7815,U0689,4198,Chapati Maker,Kitchen,add_to_cart,,0,2024-05-16,
7816,U1833,2085,Electric Fireplace,Climate,purchase,4.3,1,2023-09-06,
7817,U0635,2901,Voltage Stabilizer,Power,add_to_cart,,0,2024-04-08,
7818,U0098,1356,3D Printer,Hobby,purchase,3.6,1,2024-03-07,
7819,U1844,802,Portable Air Conditioner,Climate,purchase,4.4,1,2023-11-20,
7820,U0916,533,Food Processor,Kitchen,wishlist,4.7,0,2023-06-17,
7821,U1707,3535,Clothes Dryer,Laundry,purchase,4.8,1,2023-07-19,
7822,U1109,442,Steam Cleaner,Cleaning,add_to_cart,,0,2024-12-27,
7823,U0059,3086,Weather Station,Smart Home,view,,0,2024-05-11,350.0
7824,U1419,1212,Slush Machine,Hobby,add_to_cart,,0,2024-04-25,
7825,U0356,1846,Toaster Oven,Kitchen,add_to_cart,,0,2024-04-03,
7826,U1954,978,Smart Curtain Motor,Smart Home,purchase,4.9,1,2023-12-07,
7827,U1777,1928,Alarm Clock,Decor,view,,0,2024-12-26,100.0
7828,U0650,17,Built In Oven,Kitchen,purchase,3.5,1,2023-08-17,
7829,U1510,4930,Electric Fireplace,Climate,view,,0,2024-10-30,4.0
7830,U1349,816,Home Automation Controller,Networking,purchase,3.3,1,2023-09-04,
7831,U1739,950,Power Strip,Power,view,,0,2023-05-06,127.0
7832,U1308,4432,Space Heater,Climate,view,,0,2023-01-29,24.0
7833,U1251,3804,Attic Fan,Climate,view,,0,2023-04-25,53.0
7834,U1273,1101,Emergency Light,Security,view,,0,2024-07-20,44.0
7835,U1718,4404,Electric Kettle,Kitchen,wishlist,3.9,0,2024-10-29,
7836,U0072,1815,Window Cleaner Robot,Cleaning,wishlist,4.4,0,2024-11-20,
7837,U0718,2384,Clock,Decor,view,,0,2024-11-02,18.0
7838,U1158,2830,Smart Garage Door Opener,Security,purchase,4.1,1,2024-11-25,
7839,U0058,441,Water Filter,Bathroom,purchase,2.9,1,2023-07-08,
7840,U1175,1953,RO Purifier,Bathroom,view,,0,2023-02-13,30.0
7841,U0783,1231,OTG Oven,Kitchen,purchase,3.9,1,2024-09-29,
7842,U1928,2069,Aquarium Heater,Pet,add_to_cart,,0,2024-04-03,
7843,U0936,4335,Trimmer,Personal Care,purchase,3.3,1,2023-10-04,
7844,U1581,4298,Aquarium Filter,Pet,view,,0,2024-02-18,104.0
7845,U1046,2087,Electric Toothbrush,Personal Care,purchase,4.4,1,2024-05-10,
7846,U0665,1793,Dishwasher,Cleaning,view,,0,2023-07-09,9.0
7847,U0158,2565,Automatic Pet Water Fountain,Pet,view,,0,2024-05-27,77.0
7848,U1873,3061,Laminator,Tools,wishlist,5.0,0,2024-06-27,
7849,U1845,2257,Electric Mop,Cleaning,view,,0,2023-08-29,169.0
7850,U1239,138,Built In Microwave,Kitchen,view,,0,2024-01-10,210.0
7851,U1867,1704,Digital Safe,Security,purchase,3.5,1,2023-04-15,
7852,U1351,2449,Washer Dryer Combo,Laundry,add_to_cart,,0,2024-09-11,
7853,U0987,251,Landline Phone,Smart Home,wishlist,3.9,0,2024-02-05,
7854,U1824,4128,Digital Photo Frame,Entertainment,add_to_cart,,0,2024-10-22,
7855,U1486,3478,Basement Dehumidifier,Outdoor,purchase,4.3,1,2023-05-22,
7856,U0269,1716,Network Attached Storage,Networking,wishlist,3.3,0,2024-05-21,
7857,U0887,4740,Landline Phone,Smart Home,view,,0,2023-04-12,38.0
7858,U1523,4959,Security Camera,Security,view,,0,2024-01-21,189.0
7859,U0782,2015,Security Camera,Security,wishlist,4.0,0,2023-11-02,
7860,U1807,665,Smart Lock,Security,view,,0,2024-12-19,271.0
7861,U0581,2378,Lint Remover,Laundry,purchase,3.1,1,2023-07-09,
7862,U0719,557,Vacuum Cleaner,Cleaning,view,,0,2024-08-02,16.0
7863,U0550,3958,Gas Stove,Kitchen,purchase,4.0,1,2023-02-12,
7864,U0750,3621,Carpet Cleaner,Cleaning,add_to_cart,,0,2024-08-02,
7865,U1765,675,Convection Microwave,Kitchen,view,,0,2023-10-12,211.0
7866,U0303,1583,Sprinkler System,Tools,view,,0,2023-09-22,146.0
7867,U0929,148,Smart Air Conditioner,Climate,purchase,4.4,1,2024-04-12,
7868,U0095,3327,Modem,Networking,view,,0,2023-04-05,89.0
7869,U0986,3679,Infrared Sauna,Fitness,add_to_cart,,0,2023-05-16,
7870,U1689,818,Electric Tandoor,Kitchen,add_to_cart,,0,2024-03-24,
7871,U1937,4126,Smoke Detector,Security,purchase,5.0,1,2023-07-05,
7872,U0754,2045,Washer Dryer Combo,Laundry,view,,0,2024-03-17,383.0
7873,U1986,4002,Blu Ray Player,Entertainment,add_to_cart,,0,2024-04-24,
7874,U0075,900,Alarm Clock,Decor,view,,0,2023-07-06,399.0
7875,U0425,1371,Hair Curler,Personal Care,view,,0,2024-05-29,227.0
7876,U0083,3246,Pet Feeder,Pet,view,,0,2024-01-19,5.0
7877,U1868,3001,Pressure Washer,Cleaning,view,,0,2024-11-15,330.0
7878,U1467,1216,RO Purifier,Bathroom,view,,0,2024-12-10,39.0
7879,U1148,4584,Hedge Trimmer,Tools,view,,0,2023-05-21,170.0
7880,U1160,4954,Pet Feeder,Pet,wishlist,5.0,0,2024-05-04,
7881,U0690,666,Induction Cooktop,Kitchen,add_to_cart,,0,2024-02-25,
7882,U1184,3582,Wall Clock,Decor,view,,0,2023-08-05,156.0
7883,U1533,1428,Washing Machine,Laundry,view,,0,2023-06-17,417.0
7884,U1263,1489,Egg Cooker,Kitchen,view,,0,2023-09-30,298.0
7885,U1186,371,Alarm Clock,Decor,purchase,4.9,1,2023-09-23,
7886,U0068,1687,Iron,Laundry,view,,0,2023-11-27,103.0
7887,U0573,150,Terrarium Heater,Pet,view,,0,2024-11-20,104.0
7888,U1493,4847,Knitting Machine,Hobby,add_to_cart,,0,2024-02-20,
7889,U1289,1564,Window Air Conditioner,Climate,purchase,4.0,1,2024-03-22,
7890,U1015,2934,Washing Machine,Laundry,wishlist,4.5,0,2023-10-10,
7891,U1238,2296,Deep Fryer,Kitchen,purchase,5.0,1,2023-09-24,
7892,U0156,4038,Smart Lock,Security,purchase,3.8,1,2023-09-20,
7893,U1206,3370,Blender,Kitchen,view,,0,2024-05-24,11.0
7894,U0793,4877,Toaster Oven,Kitchen,add_to_cart,,0,2023-02-04,
7895,U1607,3789,Smart Switch,Smart Home,view,,0,2024-01-08,264.0
7896,U1802,4107,Air Fryer,Kitchen,purchase,4.6,1,2024-10-20,
7897,U0587,2109,Weather Station,Smart Home,view,,0,2024-09-21,37.0
7898,U0554,4668,Steam Cleaner,Cleaning,add_to_cart,,0,2023-06-01,
7899,U0919,2541,Solar Panel Inverter,Power,purchase,3.8,1,2024-10-10,
7900,U1562,4167,Gaming Console,Entertainment,view,,0,2024-09-24,69.0
7901,U0569,4458,Mini Fridge,Kitchen,add_to_cart,,0,2024-12-01,
7902,U0978,1154,OTG Oven,Kitchen,wishlist,3.2,0,2023-05-24,
7903,U1654,3448,Video Doorbell,Security,purchase,4.9,1,2024-04-24,
7904,U1215,2237,Electric Tandoor,Kitchen,view,,0,2023-09-24,242.0
7905,U0074,4350,Smart Dryer,Laundry,view,,0,2024-04-24,53.0
7906,U1004,4392,Smart Lock,Security,view,,0,2024-10-26,98.0
7907,U1369,4668,Steam Cleaner,Cleaning,purchase,4.6,1,2023-06-10,
7908,U1109,1051,Central Vacuum System,Cleaning,purchase,3.0,1,2023-05-15,
7909,U0933,4565,Wall Clock,Decor,view,,0,2024-08-19,122.0
7910,U0453,3722,Air Quality Monitor,Smart Home,purchase,4.4,1,2023-06-22,
7911,U0850,346,Mixer Grinder,Kitchen,view,,0,2023-06-04,55.0
7912,U0380,3346,Paper Shredder,Tools,view,,0,2023-11-28,117.0
7913,U1491,2970,Vacuum Cleaner,Cleaning,purchase,3.5,1,2023-11-09,
7914,U0866,3107,Water Softener,Bathroom,view,,0,2023-11-20,75.0
7915,U0976,3590,Electric Skillet,Kitchen,add_to_cart,,0,2023-11-30,
7916,U1393,14,Heating Pad,Personal Care,add_to_cart,,0,2023-11-03,
7917,U0806,4776,Clock,Decor,view,,0,2024-03-20,32.0
7918,U1447,1636,Smart Oven,Kitchen,purchase,4.7,1,2023-10-14,
7919,U1867,2150,Terrarium Heater,Pet,view,,0,2023-01-02,123.0
7920,U1123,503,Aquarium Filter,Pet,add_to_cart,,0,2023-02-21,
7921,U0123,2062,Pressure Washer,Cleaning,view,,0,2024-10-25,1.0
7922,U1684,3274,Bladeless Fan,Climate,view,,0,2023-04-29,171.0
7923,U1515,4249,Water Filter,Bathroom,wishlist,3.3,0,2024-07-11,
7924,U1973,2147,Crepe Maker,Kitchen,purchase,3.5,1,2023-11-09,
7925,U0874,551,Router,Networking,wishlist,5.0,0,2024-10-06,
7926,U1882,1963,Infrared Sauna,Fitness,view,,0,2023-03-05,14.0
7927,U1666,3242,OTG Oven,Kitchen,view,,0,2023-12-29,16.0
7928,U0251,3319,Wall Clock,Decor,add_to_cart,,0,2023-05-12,
7929,U1147,717,Water Filter,Bathroom,view,,0,2023-06-01,230.0
7930,U0756,2695,Video Doorbell,Security,view,,0,2023-07-08,44.0
7931,U0592,2281,Induction Cooktop,Kitchen,purchase,4.1,1,2024-02-10,
7932,U0515,128,Paper Shredder,Tools,wishlist,4.8,0,2024-05-07,
7933,U0443,2473,Solar Water Heater,Power,add_to_cart,,0,2023-01-17,
7934,U0858,2632,Hot Plate,Kitchen,view,,0,2024-05-03,181.0
7935,U0637,2138,Cold Press Juicer,Kitchen,view,,0,2024-10-13,739.0
7936,U0099,548,Paper Shredder,Tools,view,,0,2024-05-06,61.0
7937,U1137,2413,Can Opener,Kitchen,add_to_cart,,0,2023-11-21,
7938,U0557,2780,Towel Warmer,Bathroom,view,,0,2023-04-18,57.0
7939,U1325,2130,Knitting Machine,Hobby,view,,0,2024-08-14,27.0
7940,U1394,2544,Kombucha Maker,Hobby,purchase,4.8,1,2024-08-22,
7941,U1056,4459,Electric Mop,Cleaning,add_to_cart,,0,2023-11-07,
7942,U0734,978,Smart Curtain Motor,Smart Home,purchase,4.5,1,2023-08-03,
7943,U1542,4441,Bathroom Exhaust Fan,Bathroom,view,,0,2023-01-17,48.0
7944,U0552,1108,Garbage Disposal,Kitchen,view,,0,2024-11-11,25.0
7945,U0340,771,Automatic Pet Water Fountain,Pet,wishlist,4.2,0,2024-02-09,
7946,U1260,44,Vacuum Cleaner,Cleaning,purchase,4.1,1,2024-03-04,
7947,U0726,3845,Home Sauna,Fitness,purchase,3.5,1,2024-10-03,
7948,U1836,1923,Water Heater,Bathroom,view,,0,2024-05-27,74.0
7949,U1598,641,Massage Chair,Personal Care,purchase,4.7,1,2023-03-18,
7950,U0747,4903,RO Purifier,Bathroom,add_to_cart,,0,2024-09-18,
7951,U0010,4368,Pool Pump,Outdoor,purchase,4.5,1,2024-10-22,
7952,U1083,1653,Water Filter,Bathroom,view,,0,2023-11-22,378.0
7953,U0617,3209,Slush Machine,Hobby,add_to_cart,,0,2023-01-30,
7954,U1505,628,Door Intercom,Security,wishlist,3.3,0,2023-06-28,
7955,U0955,1795,Waffle Maker,Kitchen,purchase,5.0,1,2023-11-16,
7956,U0684,1867,Electric Toothbrush,Personal Care,view,,0,2023-06-20,43.0
7957,U0638,1388,Air Cooler,Climate,purchase,4.3,1,2023-08-30,
7958,U1944,2518,Hair Straightener,Personal Care,view,,0,2024-05-25,149.0
7959,U0237,2536,Drip Coffee Maker,Kitchen,view,,0,2024-01-29,23.0
7960,U0570,3614,Sewing Machine,Hobby,add_to_cart,,0,2024-07-15,
7961,U1906,2726,Air Quality Monitor,Smart Home,purchase,2.7,1,2024-04-30,
7962,U0621,4756,Countertop Dishwasher,Cleaning,view,,0,2024-01-29,100.0
7963,U1031,2286,Water Heater,Bathroom,view,,0,2023-10-29,0.0
7964,U1110,539,Bathroom Exhaust Fan,Bathroom,add_to_cart,,0,2023-07-06,
7965,U1055,1595,Mini Fridge,Kitchen,add_to_cart,,0,2024-09-09,
7966,U1994,3196,Ceiling Fan,Climate,view,,0,2024-07-02,67.0
7967,U0764,984,Citrus Juicer,Kitchen,add_to_cart,,0,2023-10-26,
7968,U1303,4424,Bathroom Exhaust Fan,Bathroom,purchase,2.8,1,2024-04-26,
7969,U1652,898,Smart Bulb,Smart Home,purchase,4.8,1,2023-08-16,
7970,U0077,2684,Laminator,Tools,purchase,4.4,1,2023-10-23,
7971,U0450,4047,Geyser,Bathroom,add_to_cart,,0,2024-02-12,
7972,U1301,3292,Air Cooler,Climate,purchase,3.6,1,2023-02-22,
7973,U1457,4622,Home Automation Controller,Networking,purchase,4.4,1,2024-10-31,
7974,U0540,792,Router,Networking,add_to_cart,,0,2024-05-17,
7975,U1242,4657,Air Quality Monitor,Smart Home,wishlist,5.0,0,2023-07-12,
7976,U0020,630,Food Dehydrator,Kitchen,add_to_cart,,0,2023-04-25,
7977,U1529,4821,Smart Bulb,Smart Home,purchase,3.7,1,2024-11-08,
7978,U0484,4568,Espresso Machine,Kitchen,wishlist,4.2,0,2024-04-01,
7979,U1751,2650,Terrarium Heater,Pet,add_to_cart,,0,2024-03-27,
7980,U0908,2333,Television,Entertainment,view,,0,2024-05-03,202.0
7981,U1537,4482,Set Top Box,Entertainment,view,,0,2024-05-18,119.0
7982,U0142,4766,Towel Warmer,Bathroom,add_to_cart,,0,2024-01-22,
7983,U1229,1726,Router,Networking,purchase,4.8,1,2024-01-20,
7984,U0479,4686,Central Vacuum System,Cleaning,view,,0,2023-09-07,35.0
7985,U1760,490,Smart Plug,Smart Home,purchase,4.8,1,2024-08-01,
7986,U0233,1017,Shoe Dryer,Laundry,purchase,4.2,1,2024-11-23,
7987,U1035,41,Router,Networking,view,,0,2024-05-09,10.0
7988,U1805,4065,Digital Photo Frame,Entertainment,purchase,5.0,1,2024-05-27,
7989,U0617,2462,Hair Curler,Personal Care,add_to_cart,,0,2023-02-17,
7990,U0041,1563,Wall Clock,Decor,wishlist,5.0,0,2024-09-24,
7991,U1038,2923,Pressure Washer,Cleaning,add_to_cart,,0,2024-02-09,
7992,U0751,4016,Kombucha Maker,Hobby,wishlist,3.4,0,2024-02-07,
7993,U1798,4603,Electric Knife,Kitchen,add_to_cart,,0,2024-05-07,
7994,U0732,1089,Hand Mixer,Kitchen,purchase,4.7,1,2023-03-26,
7995,U0808,4270,Aquarium Heater,Pet,wishlist,4.8,0,2023-02-21,
7996,U0902,3497,Food Dehydrator,Kitchen,view,,0,2024-05-01,394.0
7997,U0629,2259,Handheld Vacuum,Cleaning,purchase,3.4,1,2023-12-20,
7998,U0263,3593,Paper Shredder,Tools,add_to_cart,,0,2024-11-22,
7999,U0661,1344,Aquarium Heater,Pet,purchase,3.2,1,2023-12-17,
8000,U1905,2993,Smart Bulb,Smart Home,add_to_cart,,0,2023-01-04,
8001,U0202,1529,Hand Mixer,Kitchen,purchase,3.7,1,2023-12-17,
8002,U0633,1771,Water Flosser,Personal Care,view,,0,2024-03-13,51.0
8003,U0342,3802,Washer Dryer Combo,Laundry,purchase,3.7,1,2023-05-20,
8004,U0262,3131,Electric Vehicle Charger,Power,purchase,3.2,1,2023-11-16,
8005,U1419,2913,Cotton Candy Machine,Hobby,add_to_cart,,0,2023-08-14,
8006,U1674,2404,WiFi Extender,Networking,purchase,4.5,1,2023-06-16,
8007,U0968,2134,Massage Chair,Personal Care,view,,0,2023-01-11,2.0
8008,U1607,1944,Ice Cream Maker,Kitchen,view,,0,2023-04-28,48.0
8009,U0437,4284,Paper Shredder,Tools,view,,0,2024-02-03,82.0
8010,U1728,709,Drip Coffee Maker,Kitchen,add_to_cart,,0,2024-05-19,
8011,U1204,4237,Vacuum Sealer,Kitchen,view,,0,2023-05-13,70.0
8012,U0248,3853,Fermentation Crock,Hobby,view,,0,2023-07-26,288.0
8013,U0346,3550,3D Printer,Hobby,view,,0,2023-09-04,48.0
8014,U0111,2024,Chainsaw,Tools,add_to_cart,,0,2023-03-16,
8015,U1934,2182,Basement Dehumidifier,Outdoor,view,,0,2023-11-08,223.0
8016,U1647,863,WiFi Extender,Networking,purchase,4.3,1,2023-01-17,
8017,U1995,1052,Citrus Juicer,Kitchen,wishlist,3.3,0,2023-11-12,
8018,U1081,4614,Milk Frother,Kitchen,add_to_cart,,0,2024-03-01,
8019,U0433,1881,Humidifier,Climate,wishlist,5.0,0,2024-07-27,
8020,U0977,1997,Electric Pressure Cooker,Kitchen,view,,0,2023-09-17,101.0
8021,U1024,2799,Exhaust Fan,Climate,view,,0,2023-12-12,92.0
8022,U0519,8,Hair Curler,Personal Care,add_to_cart,,0,2024-06-06,
8023,U1870,180,Bladeless Fan,Climate,add_to_cart,,0,2024-01-08,
8024,U0915,515,Portable Dishwasher,Cleaning,purchase,5.0,1,2023-02-13,
8025,U0821,4933,Pressure Cooker,Kitchen,view,,0,2024-04-14,19.0
8026,U0811,4905,DVD Player,Entertainment,view,,0,2024-09-21,193.0
8027,U1921,1312,Portable Dishwasher,Cleaning,add_to_cart,,0,2023-08-31,
8028,U0051,2508,Electric Knife,Kitchen,add_to_cart,,0,2023-04-24,
8029,U1564,3371,Electric Scooter Charger,Power,wishlist,4.4,0,2023-11-03,
8030,U1202,3936,Massager,Personal Care,view,,0,2023-11-22,79.0
8031,U1304,910,Router,Networking,add_to_cart,,0,2023-09-17,
8032,U1339,4565,Wall Clock,Decor,view,,0,2024-02-18,33.0
8033,U0250,4595,Cooktop,Kitchen,purchase,4.0,1,2023-03-04,
8034,U0082,3594,Smart Curtain Motor,Smart Home,purchase,4.3,1,2024-04-13,
8035,U0028,3059,Landline Phone,Smart Home,add_to_cart,,0,2023-09-12,
8036,U1008,1924,Smart Switch,Smart Home,wishlist,4.7,0,2023-07-27,
8037,U0018,4672,Massager,Personal Care,add_to_cart,,0,2024-02-29,
8038,U1809,3444,Home Sauna,Fitness,purchase,2.7,1,2023-07-04,
8039,U0066,561,UV Water Purifier,Bathroom,view,,0,2023-04-25,9.0
8040,U0025,1889,Smart Switch,Smart Home,add_to_cart,,0,2024-11-24,
8041,U1190,3854,Heating Pad,Personal Care,view,,0,2023-04-22,36.0
8042,U0552,1294,Chainsaw,Tools,view,,0,2023-09-04,0.0
8043,U1272,1911,Weather Station,Smart Home,add_to_cart,,0,2024-02-16,
8044,U1706,4721,Terrarium Heater,Pet,purchase,3.0,1,2024-12-18,
8045,U0199,2308,Popcorn Maker,Kitchen,view,,0,2024-09-07,80.0
8046,U1445,4321,Washer Dryer Combo,Laundry,add_to_cart,,0,2024-04-15,
8047,U1129,3236,Home Automation Controller,Networking,view,,0,2023-01-27,22.0
8048,U1501,600,Electric Toothbrush,Personal Care,purchase,4.4,1,2023-10-13,
8049,U0617,3298,Ice Cream Maker,Kitchen,purchase,5.0,1,2024-04-27,
8050,U0563,3841,Clock,Decor,purchase,4.3,1,2023-12-30,
8051,U0076,4378,Television,Entertainment,view,,0,2024-12-17,206.0
8052,U0158,1808,Terrarium Heater,Pet,add_to_cart,,0,2023-12-20,
8053,U1857,3161,UPS,Power,add_to_cart,,0,2023-12-27,
8054,U0645,1490,Ceiling Fan,Climate,purchase,4.4,1,2024-11-06,
8055,U0687,3416,Smart Dryer,Laundry,view,,0,2024-06-27,203.0
8056,U0149,3885,Electric Blanket,Personal Care,purchase,4.6,1,2024-02-29,
8057,U0498,1953,RO Purifier,Bathroom,view,,0,2023-02-17,16.0
8058,U1838,1185,Countertop Dishwasher,Cleaning,purchase,5.0,1,2023-06-03,
8059,U1529,3719,Clock,Decor,view,,0,2024-03-15,210.0
8060,U0842,2524,Steam Iron,Laundry,wishlist,4.8,0,2024-07-05,
8061,U0748,4845,Boot Warmer,Laundry,view,,0,2024-05-15,57.0
8062,U1253,352,Inverter,Power,view,,0,2023-04-09,183.0
8063,U0942,251,Landline Phone,Smart Home,purchase,3.4,1,2023-10-15,
8064,U0808,1588,Electric Drill,Tools,add_to_cart,,0,2024-02-12,
8065,U0075,4584,Hedge Trimmer,Tools,add_to_cart,,0,2024-04-26,
8066,U0678,3478,Basement Dehumidifier,Outdoor,view,,0,2023-08-26,122.0
8067,U1793,3078,Scanner,Tools,wishlist,4.8,0,2023-02-11,
8068,U1527,4838,Portable Air Conditioner,Climate,purchase,4.1,1,2024-04-09,
8069,U1125,763,Video Doorbell,Security,purchase,4.3,1,2024-11-17,
8070,U1787,1001,Pet Feeder,Pet,purchase,3.4,1,2023-02-05,
8071,U0687,3134,Carbon Monoxide Detector,Security,wishlist,2.0,0,2024-06-02,
8072,U0960,1214,Water Heater,Bathroom,add_to_cart,,0,2024-12-20,
8073,U1438,937,DVD Player,Entertainment,add_to_cart,,0,2024-11-28,
8074,U1799,4689,Streaming Device,Entertainment,add_to_cart,,0,2023-04-07,
8075,U1021,3001,Pressure Washer,Cleaning,view,,0,2023-07-01,353.0
8076,U1907,18,Roti Maker,Kitchen,purchase,4.8,1,2023-02-23,
8077,U1662,4361,Landline Phone,Smart Home,purchase,4.4,1,2023-11-27,
8078,U0592,64,Stand Mixer,Kitchen,add_to_cart,,0,2024-02-14,
8079,U1694,4287,Kombucha Maker,Hobby,purchase,4.8,1,2024-09-03,
8080,U1645,4096,Boot Warmer,Laundry,purchase,4.6,1,2024-03-12,
8081,U1679,2054,Grill Microwave,Kitchen,purchase,3.4,1,2024-07-26,
8082,U1995,1451,Hot Dog Maker,Kitchen,view,,0,2023-12-16,80.0
8083,U1365,1794,Electric Drill,Tools,add_to_cart,,0,2024-12-14,
8084,U1655,1588,Electric Drill,Tools,purchase,5.0,1,2023-05-10,
8085,U1209,3057,Knitting Machine,Hobby,view,,0,2023-12-16,210.0
8086,U1737,2396,Bathroom Exhaust Fan,Bathroom,purchase,4.5,1,2024-09-06,
8087,U1421,4980,Smart Curtain Motor,Smart Home,purchase,3.2,1,2023-10-11,
8088,U0346,641,Massage Chair,Personal Care,wishlist,4.1,0,2024-01-02,
8089,U0539,2820,Hot Plate,Kitchen,add_to_cart,,0,2024-05-04,
8090,U1853,50,Air Fryer,Kitchen,add_to_cart,,0,2023-10-05,
8091,U1603,4766,Towel Warmer,Bathroom,view,,0,2023-08-04,6.0
8092,U0660,1827,Trimmer,Personal Care,view,,0,2024-08-02,120.0
8093,U1307,2699,Ceiling Fan,Climate,view,,0,2024-12-07,1.0
8094,U0275,314,Pressure Washer,Cleaning,add_to_cart,,0,2023-01-11,
8095,U1712,4822,Automatic Pet Water Fountain,Pet,view,,0,2024-12-01,240.0
8096,U0924,1610,Air Quality Monitor,Smart Home,purchase,3.1,1,2023-09-12,
8097,U0186,457,Pressure Cooker,Kitchen,purchase,5.0,1,2023-06-22,
8098,U1269,4867,Mixer Grinder,Kitchen,view,,0,2024-04-02,40.0
8099,U1257,2396,Bathroom Exhaust Fan,Bathroom,purchase,4.1,1,2023-03-09,
8100,U1259,4534,Alarm Clock,Decor,add_to_cart,,0,2023-05-28,
8101,U1918,3466,Garment Steamer,Laundry,purchase,4.4,1,2024-08-18,
8102,U1743,2860,Smart Plug,Smart Home,view,,0,2024-04-09,11.0
8103,U1970,3995,Sandwich Maker,Kitchen,view,,0,2024-07-26,47.0
8104,U1470,4643,Induction Cooktop,Kitchen,purchase,4.3,1,2024-07-25,
8105,U1156,3772,Modem,Networking,purchase,3.8,1,2023-10-03,
8106,U1572,191,Smart Washer,Laundry,add_to_cart,,0,2024-01-16,
8107,U1775,3686,Electric Lunch Box,Kitchen,view,,0,2023-07-01,170.0
8108,U1477,1188,Portable Dishwasher,Cleaning,wishlist,4.8,0,2024-12-25,
8109,U1927,371,Alarm Clock,Decor,purchase,4.0,1,2024-01-31,
8110,U1792,2200,Extension Cord,Power,view,,0,2024-05-16,12.0
8111,U0094,3010,Electric Shaver,Personal Care,wishlist,3.0,0,2023-12-08,
8112,U0990,3300,Smart Vacuum,Cleaning,purchase,5.0,1,2023-09-23,
8113,U1351,3977,Central Vacuum System,Cleaning,add_to_cart,,0,2024-09-19,
8114,U1659,1442,Fan,Climate,purchase,2.9,1,2024-08-06,
8115,U1995,2759,Sandwich Maker,Kitchen,purchase,5.0,1,2023-02-03,
8116,U0090,2737,Hedge Trimmer,Tools,view,,0,2023-03-26,119.0
8117,U1667,770,Clock,Decor,purchase,3.3,1,2023-01-26,
8118,U0029,628,Door Intercom,Security,wishlist,4.1,0,2023-11-08,
8119,U0401,4038,Smart Lock,Security,purchase,3.8,1,2024-08-29,
8120,U0963,997,Countertop Dishwasher,Cleaning,view,,0,2023-06-09,79.0
8121,U0751,3081,Smart Washer,Laundry,purchase,4.8,1,2024-04-11,
8122,U0639,3883,Electric Fireplace,Climate,purchase,4.9,1,2023-08-03,
8123,U1372,3319,Wall Clock,Decor,wishlist,3.4,0,2024-12-29,
8124,U1958,2081,Smart Washer,Laundry,view,,0,2023-03-24,39.0
8125,U1034,2435,Aquarium Filter,Pet,purchase,3.8,1,2024-02-25,
8126,U1635,1739,Carbon Monoxide Detector,Security,add_to_cart,,0,2023-01-03,
8127,U0445,879,Ice Crusher,Kitchen,view,,0,2023-10-03,76.0
8128,U0529,1799,Sewing Machine,Hobby,wishlist,5.0,0,2023-06-12,
8129,U1590,34,Hot Dog Maker,Kitchen,view,,0,2024-06-02,347.0
8130,U0199,1107,Home Server,Networking,view,,0,2024-09-17,179.0
8131,U1071,3777,Table Fan,Climate,view,,0,2024-02-02,127.0
8132,U1373,4803,Floor Polisher,Cleaning,purchase,4.3,1,2023-11-30,
8133,U1318,754,Handheld Vacuum,Cleaning,view,,0,2024-12-25,198.0
8134,U1628,3015,Iron,Laundry,view,,0,2024-12-27,108.0
8135,U0694,3704,Coffee Maker,Kitchen,view,,0,2023-01-18,108.0
8136,U1758,4819,Hedge Trimmer,Tools,add_to_cart,,0,2023-04-08,
8137,U1931,959,Trimmer,Personal Care,add_to_cart,,0,2023-02-15,
8138,U1368,549,Smart Lock,Security,add_to_cart,,0,2024-01-17,
8139,U0102,503,Aquarium Filter,Pet,add_to_cart,,0,2024-08-16,
8140,U0673,3537,Aquarium Filter,Pet,view,,0,2023-07-06,72.0
8141,U0425,1333,Massager,Personal Care,view,,0,2024-03-16,106.0
8142,U1823,4534,Alarm Clock,Decor,purchase,4.5,1,2023-04-26,
8143,U1649,1374,Mini Washing Machine,Laundry,wishlist,5.0,0,2024-09-07,
8144,U0251,4059,Home Server,Networking,view,,0,2023-01-30,41.0
8145,U1282,264,Smart Plug,Smart Home,view,,0,2024-03-16,289.0
8146,U0239,3135,Roti Maker,Kitchen,view,,0,2023-03-17,35.0
8147,U0566,3163,Electric Shaver,Personal Care,view,,0,2023-08-23,379.0
8148,U1207,2290,Smart Lock,Security,purchase,4.1,1,2024-10-23,
8149,U0223,4541,Iron,Laundry,view,,0,2023-03-12,53.0
8150,U1918,956,Built In Oven,Kitchen,view,,0,2024-12-05,405.0
8151,U0742,3348,Built In Oven,Kitchen,purchase,4.2,1,2023-09-08,
8152,U1953,4752,Portable Dishwasher,Cleaning,purchase,4.4,1,2023-11-11,
8153,U1657,4745,Pet Feeder,Pet,purchase,3.3,1,2023-01-22,
8154,U1774,1926,Video Doorbell,Security,purchase,4.9,1,2023-10-20,
8155,U1691,4017,Electric Drill,Tools,view,,0,2023-10-19,404.0
8156,U1201,1439,Sprinkler System,Tools,view,,0,2024-06-05,291.0
8157,U0885,2351,Clothesline Dryer,Laundry,view,,0,2023-11-08,8.0
8158,U0403,3226,Food Processor,Kitchen,wishlist,4.3,0,2023-12-29,
8159,U0175,2990,Emergency Light,Security,view,,0,2023-06-19,30.0
8160,U0069,3212,Emergency Light,Security,purchase,5.0,1,2023-03-29,
8161,U0517,90,Cooktop,Kitchen,view,,0,2024-05-22,127.0
8162,U0669,2759,Sandwich Maker,Kitchen,purchase,4.8,1,2023-08-20,
8163,U1911,569,Countertop Dishwasher,Cleaning,view,,0,2024-05-23,329.0
8164,U0114,1723,Window Cleaner Robot,Cleaning,add_to_cart,,0,2023-12-14,
8165,U0879,4461,Range Hood,Kitchen,purchase,4.4,1,2023-02-12,
8166,U0146,2203,Egg Cooker,Kitchen,purchase,3.1,1,2024-04-30,
8167,U0919,2108,Thermostat,Climate,add_to_cart,,0,2023-11-16,
8168,U0592,365,Milk Frother,Kitchen,view,,0,2023-04-13,53.0
8169,U0726,2923,Pressure Washer,Cleaning,view,,0,2023-09-20,52.0
8170,U0306,2502,Leaf Blower,Tools,view,,0,2024-03-06,71.0
8171,U1913,2485,Toaster Oven,Kitchen,purchase,5.0,1,2024-08-16,
8172,U0423,32,Hand Mixer,Kitchen,purchase,4.6,1,2023-12-10,
8173,U1815,2241,Wall Clock,Decor,add_to_cart,,0,2024-03-22,
8174,U1644,430,Bottle Sterilizer,Kitchen,purchase,5.0,1,2024-02-27,
8175,U1221,405,Food Dehydrator,Kitchen,view,,0,2024-08-24,148.0
8176,U1258,4623,Pet Feeder,Pet,add_to_cart,,0,2024-04-15,
8177,U0842,423,Pet Feeder,Pet,purchase,4.2,1,2023-11-11,
8178,U1726,2032,RO Purifier,Bathroom,wishlist,4.4,0,2024-04-20,
8179,U1328,3878,Garment Steamer,Laundry,purchase,4.2,1,2023-09-26,
8180,U0074,4014,Trimmer,Personal Care,purchase,5.0,1,2024-04-29,
8181,U0085,1710,Subwoofer,Entertainment,view,,0,2024-08-12,30.0
8182,U1956,1154,OTG Oven,Kitchen,view,,0,2024-02-09,319.0
8183,U0680,4461,Range Hood,Kitchen,purchase,2.0,1,2023-04-20,
8184,U0160,2970,Vacuum Cleaner,Cleaning,add_to_cart,,0,2023-05-24,
8185,U0926,3194,Label Maker,Tools,add_to_cart,,0,2023-07-14,
8186,U1496,1255,Exercise Bike,Fitness,wishlist,4.8,0,2024-12-11,
8187,U0067,4086,Blender,Kitchen,wishlist,4.8,0,2023-06-26,
8188,U0043,4657,Air Quality Monitor,Smart Home,view,,0,2024-07-06,163.0
8189,U1728,3331,Electric Kettle,Kitchen,view,,0,2024-08-09,76.0
8190,U0701,4109,Smart Garage Door Opener,Security,view,,0,2024-07-30,131.0
8191,U0328,4025,Fabric Shaver,Laundry,add_to_cart,,0,2023-06-23,
8192,U1106,3233,Robot Vacuum,Cleaning,purchase,4.0,1,2024-02-22,
8193,U1932,3886,Basement Dehumidifier,Outdoor,purchase,3.3,1,2024-12-04,
8194,U0082,4625,Smart Hub,Networking,view,,0,2024-06-08,68.0
8195,U0564,2819,Smart Refrigerator,Kitchen,add_to_cart,,0,2024-07-21,
8196,U1015,4023,Foot Massager,Personal Care,view,,0,2024-10-21,58.0
8197,U1897,3129,Espresso Machine,Kitchen,add_to_cart,,0,2023-03-27,
8198,U0120,441,Water Filter,Bathroom,add_to_cart,,0,2024-11-07,
8199,U0848,223,Gas Stove,Kitchen,view,,0,2024-01-03,77.0
8200,U1917,2364,Fan,Climate,view,,0,2024-02-06,127.0
8201,U1307,3862,Smart Thermostat,Climate,purchase,4.2,1,2024-01-08,
8202,U0591,1518,Printer,Tools,view,,0,2024-11-20,41.0
8203,U1045,876,Electric Mop,Cleaning,add_to_cart,,0,2023-08-24,
8204,U0610,3269,WiFi Extender,Networking,view,,0,2024-10-16,55.0
8205,U1453,2060,Alarm Clock,Decor,view,,0,2024-10-08,16.0
8206,U0092,2868,Home Automation Controller,Networking,wishlist,4.2,0,2023-10-11,
8207,U0079,496,Floor Polisher,Cleaning,add_to_cart,,0,2023-08-31,
8208,U1502,2358,Carpet Cleaner,Cleaning,add_to_cart,,0,2023-09-22,
8209,U0210,789,Induction Oven,Kitchen,view,,0,2023-12-28,18.0
8210,U1457,3612,Security Camera,Security,view,,0,2024-07-05,161.0
8211,U0415,614,Coffee Maker,Kitchen,view,,0,2023-09-09,12.0
8212,U0318,1303,Steam Iron,Laundry,add_to_cart,,0,2024-08-04,
8213,U1677,383,Built In Oven,Kitchen,view,,0,2023-06-09,23.0
8214,U0508,246,Modem,Networking,wishlist,4.7,0,2023-02-28,
8215,U0151,1162,Handheld Vacuum,Cleaning,view,,0,2024-04-21,175.0
8216,U1356,1487,Smart Plug,Smart Home,view,,0,2023-12-30,18.0
8217,U0596,128,Paper Shredder,Tools,add_to_cart,,0,2024-08-11,
8218,U0898,2778,Trash Compactor,Kitchen,purchase,3.5,1,2023-08-12,
8219,U1554,4059,Home Server,Networking,purchase,2.5,1,2024-10-09,
8220,U0787,2396,Bathroom Exhaust Fan,Bathroom,purchase,5.0,1,2024-01-16,
8221,U0457,1277,Electric Skillet,Kitchen,view,,0,2024-07-13,6.0
8222,U0616,1538,Portable Air Conditioner,Climate,view,,0,2024-09-15,510.0
8223,U0544,4132,Cooktop,Kitchen,add_to_cart,,0,2023-12-15,
8224,U1251,215,Emergency Light,Security,view,,0,2023-12-19,123.0
8225,U1250,4203,Countertop Dishwasher,Cleaning,wishlist,4.5,0,2024-07-29,
8226,U1238,1067,Hand Mixer,Kitchen,add_to_cart,,0,2023-02-02,
8227,U0986,3629,Smart Air Conditioner,Climate,view,,0,2023-05-30,473.0
8228,U1191,504,Booster Pump,Outdoor,purchase,4.6,1,2023-12-06,
8229,U1413,2629,Air Purifier,Climate,purchase,4.1,1,2024-07-20,
8230,U0961,600,Electric Toothbrush,Personal Care,view,,0,2024-12-07,261.0
8231,U1441,2546,Steam Cleaner,Cleaning,wishlist,4.1,0,2024-12-10,
8232,U0875,1622,Tea Maker,Kitchen,view,,0,2023-11-06,77.0
8233,U0669,2382,Milk Frother,Kitchen,view,,0,2023-09-16,63.0
8234,U0935,1532,Electric Oven,Kitchen,purchase,5.0,1,2023-06-14,
8235,U1928,4346,Iron,Laundry,view,,0,2024-03-07,35.0
8236,U0817,4661,Foot Massager,Personal Care,add_to_cart,,0,2024-03-15,
8237,U0790,2650,Terrarium Heater,Pet,wishlist,4.9,0,2024-07-11,
8238,U1734,331,Solar Water Heater,Power,view,,0,2023-08-29,395.0
8239,U1698,956,Built In Oven,Kitchen,view,,0,2024-05-29,203.0
8240,U1402,2246,Slush Machine,Hobby,add_to_cart,,0,2023-08-03,
8241,U1827,354,Air Purifier,Climate,view,,0,2023-06-14,159.0
8242,U1100,2999,Clothesline Dryer,Laundry,wishlist,5.0,0,2024-12-16,
8243,U0469,3977,Central Vacuum System,Cleaning,add_to_cart,,0,2024-07-14,
8244,U0957,3339,Crepe Maker,Kitchen,add_to_cart,,0,2023-02-18,
8245,U1843,2754,Set Top Box,Entertainment,view,,0,2023-07-22,177.0
8246,U1347,1750,Smoke Detector,Security,view,,0,2024-05-31,3.0
8247,U0353,3826,Speakers,Entertainment,add_to_cart,,0,2024-01-09,
8248,U1753,4050,Home Automation Controller,Networking,purchase,4.2,1,2024-03-14,
8249,U1593,345,Shoe Dryer,Laundry,view,,0,2024-10-09,407.0
8250,U1318,189,Water Heater,Bathroom,purchase,4.5,1,2024-08-26,
8251,U0507,3405,Smart Plug,Smart Home,view,,0,2024-04-10,127.0
8252,U0040,3873,Kegerator,Hobby,wishlist,5.0,0,2024-09-07,
8253,U1761,3595,Home Server,Networking,view,,0,2023-02-11,75.0
8254,U0033,4164,Chainsaw,Tools,wishlist,4.6,0,2024-08-03,
8255,U0936,3648,Sandwich Maker,Kitchen,purchase,3.3,1,2023-11-09,
8256,U1595,4835,Solo Microwave,Kitchen,wishlist,1.8,0,2024-11-05,
8257,U0202,1646,Wall Clock,Decor,wishlist,4.9,0,2023-02-21,
8258,U1352,3976,Subwoofer,Entertainment,view,,0,2023-10-07,18.0
8259,U1818,2123,Portable Air Conditioner,Climate,add_to_cart,,0,2023-09-04,
8260,U0066,3723,Window Cleaner Robot,Cleaning,purchase,2.3,1,2023-03-29,
8261,U0241,4657,Air Quality Monitor,Smart Home,wishlist,4.2,0,2024-10-09,
8262,U1595,1632,Built In Refrigerator,Kitchen,add_to_cart,,0,2024-06-19,
8263,U1812,4757,Smart TV,Entertainment,wishlist,5.0,0,2023-11-07,
8264,U1069,4882,Vacuum Cleaner,Cleaning,purchase,4.0,1,2024-04-25,
8265,U0959,388,Electric Skillet,Kitchen,add_to_cart,,0,2023-06-17,
8266,U1707,2341,Rowing Machine,Fitness,wishlist,3.5,0,2024-08-05,
8267,U1926,2272,Range Hood,Kitchen,purchase,4.4,1,2023-07-19,
8268,U1681,3738,Wall Clock,Decor,view,,0,2024-06-20,60.0
8269,U0488,2610,Massager,Personal Care,add_to_cart,,0,2024-07-21,
8270,U0306,3802,Washer Dryer Combo,Laundry,purchase,4.2,1,2023-08-29,
8271,U1829,1964,Network Attached Storage,Networking,view,,0,2023-09-11,139.0
8272,U0220,2427,Smart Refrigerator,Kitchen,view,,0,2024-11-20,12.0
8273,U0850,1443,Knitting Machine,Hobby,view,,0,2024-05-20,155.0
8274,U0204,270,Kitchen Chimney,Kitchen,add_to_cart,,0,2024-02-15,
8275,U1478,3478,Basement Dehumidifier,Outdoor,purchase,4.4,1,2023-12-01,
8276,U1718,627,Sump Pump,Outdoor,view,,0,2024-02-29,168.0
8277,U1501,2194,Central Vacuum System,Cleaning,wishlist,3.5,0,2024-03-26,
8278,U0219,1605,Bidet Seat,Bathroom,view,,0,2024-05-03,308.0
8279,U1276,411,Scanner,Tools,add_to_cart,,0,2024-10-20,
8280,U0081,1389,Network Attached Storage,Networking,view,,0,2024-09-12,227.0
8281,U0080,2908,Pool Pump,Outdoor,view,,0,2023-06-29,213.0
8282,U1729,4013,Network Attached Storage,Networking,purchase,5.0,1,2023-10-02,
8283,U0535,1495,Emergency Light,Security,add_to_cart,,0,2024-01-25,
8284,U0330,503,Aquarium Filter,Pet,wishlist,4.1,0,2024-09-25,
8285,U1258,4597,Mixer Grinder,Kitchen,add_to_cart,,0,2023-10-04,
8286,U1525,887,Coffee Maker,Kitchen,view,,0,2024-03-05,600.0
8287,U0470,626,Tower Fan,Climate,add_to_cart,,0,2023-09-22,
8288,U1120,3858,Handheld Vacuum,Cleaning,add_to_cart,,0,2023-12-16,
8289,U0461,770,Clock,Decor,wishlist,1.9,0,2024-11-17,
8290,U1067,4952,Hedge Trimmer,Tools,view,,0,2024-03-17,20.0
8291,U1155,1432,Window Air Conditioner,Climate,view,,0,2024-09-28,36.0
8292,U1827,2203,Egg Cooker,Kitchen,add_to_cart,,0,2023-03-29,
8293,U0688,565,Wine Cooler,Kitchen,view,,0,2024-05-10,199.0
8294,U0882,150,Terrarium Heater,Pet,add_to_cart,,0,2024-01-05,
8295,U0338,230,Smart Switch,Smart Home,add_to_cart,,0,2023-12-30,
8296,U1622,2868,Home Automation Controller,Networking,purchase,5.0,1,2023-03-14,
8297,U1650,3662,Heating Pad,Personal Care,add_to_cart,,0,2023-06-11,
8298,U1149,2135,Ice Maker,Kitchen,wishlist,4.8,0,2024-04-28,
8299,U1962,2702,Countertop Dishwasher,Cleaning,purchase,4.4,1,2023-06-14,
8300,U0688,902,Hot Dog Maker,Kitchen,purchase,4.1,1,2024-10-22,
8301,U1167,3899,Automatic Pet Water Fountain,Pet,view,,0,2024-04-17,41.0
8302,U0845,3156,Bidet Seat,Bathroom,view,,0,2024-11-24,307.0
8303,U0416,1196,3D Printer,Hobby,view,,0,2023-03-20,270.0
8304,U1241,2911,Network Attached Storage,Networking,wishlist,4.4,0,2024-12-12,
8305,U0364,2524,Steam Iron,Laundry,add_to_cart,,0,2023-05-03,
8306,U1672,2241,Wall Clock,Decor,wishlist,4.2,0,2023-08-15,
8307,U1064,2715,Ceiling Fan,Climate,purchase,4.5,1,2023-05-23,
8308,U0811,1135,Smart Air Conditioner,Climate,view,,0,2023-02-27,117.0
8309,U1910,2978,Water Flosser,Personal Care,view,,0,2023-06-27,512.0
8310,U0560,4729,Printer,Tools,view,,0,2024-04-09,19.0
8311,U1969,1586,Rice Cooker,Kitchen,purchase,4.4,1,2024-06-10,
8312,U0894,2657,Alarm Clock,Decor,wishlist,4.3,0,2024-08-29,
8313,U1229,1182,Cooktop,Kitchen,view,,0,2023-02-20,49.0
8314,U1420,1773,Trash Compactor,Kitchen,view,,0,2024-10-31,59.0
8315,U1857,670,Smart Thermostat,Climate,view,,0,2023-08-15,45.0
8316,U0462,3000,Waffle Maker,Kitchen,view,,0,2024-03-23,253.0
8317,U1288,1105,Smart Curtain Motor,Smart Home,view,,0,2024-08-15,67.0
8318,U1981,2345,Weather Station,Smart Home,view,,0,2023-11-15,22.0
8319,U0023,444,Smart Garage Door Opener,Security,purchase,3.6,1,2023-02-05,
8320,U0791,3471,Smart Vacuum,Cleaning,purchase,4.2,1,2023-03-15,
8321,U0303,3193,Security Camera,Security,wishlist,2.5,0,2023-06-27,
8322,U1989,4013,Network Attached Storage,Networking,view,,0,2023-01-25,148.0
8323,U0289,3387,Emergency Light,Security,view,,0,2024-05-09,54.0
8324,U1304,3226,Food Processor,Kitchen,purchase,3.7,1,2024-02-14,
8325,U0828,4286,Label Maker,Tools,view,,0,2023-11-23,0.0
8326,U1114,1027,Air Conditioner,Climate,view,,0,2024-02-06,10.0
8327,U1643,4964,Deep Fryer,Kitchen,view,,0,2024-03-04,159.0
8328,U0496,3109,Central Air Conditioner,Climate,view,,0,2023-06-14,14.0
8329,U0802,4278,Water Boiler,Kitchen,view,,0,2023-11-26,102.0
8330,U1850,4294,Cooktop,Kitchen,view,,0,2023-11-17,29.0
8331,U1511,3921,DVD Player,Entertainment,view,,0,2024-03-18,59.0
8332,U0233,1567,Bladeless Fan,Climate,view,,0,2023-10-12,57.0
8333,U1503,708,Smart Plug,Smart Home,add_to_cart,,0,2024-09-24,
8334,U0463,2156,Bathroom Exhaust Fan,Bathroom,add_to_cart,,0,2024-11-15,
8335,U1025,2899,Grill Microwave,Kitchen,add_to_cart,,0,2023-03-29,
8336,U1002,317,Vacuum Sealer,Kitchen,purchase,4.1,1,2023-11-30,
8337,U0258,4290,Home Sauna,Fitness,add_to_cart,,0,2023-03-25,
8338,U0963,2125,Carpet Cleaner,Cleaning,purchase,4.6,1,2023-05-22,
8339,U0328,3191,Paper Shredder,Tools,wishlist,3.2,0,2023-12-19,
8340,U0787,1190,Infrared Sauna,Fitness,add_to_cart,,0,2024-06-07,
8341,U1163,4697,Landline Phone,Smart Home,view,,0,2024-03-23,116.0
8342,U0290,3852,Treadmill,Fitness,purchase,4.2,1,2023-04-02,
8343,U0686,4844,Water Flosser,Personal Care,view,,0,2024-03-30,101.0
8344,U0595,2208,Lawn Mower,Tools,view,,0,2023-10-28,95.0
8345,U1070,3859,Dough Maker,Kitchen,wishlist,4.3,0,2023-01-04,
8346,U0214,2615,Router,Networking,wishlist,4.2,0,2024-06-13,
8347,U1135,1142,Built In Oven,Kitchen,view,,0,2023-11-01,19.0
8348,U0347,2540,Lawn Mower,Tools,purchase,3.8,1,2024-01-11,
8349,U1270,2712,Water Flosser,Personal Care,view,,0,2023-03-25,41.0
8350,U0194,3828,Infrared Sauna,Fitness,purchase,3.5,1,2023-06-03,
8351,U0123,2297,Trimmer,Personal Care,view,,0,2024-05-22,6.0
8352,U1768,4945,Network Attached Storage,Networking,wishlist,4.4,0,2023-07-17,
8353,U0244,2010,Electric Knife,Kitchen,add_to_cart,,0,2023-09-17,
8354,U1972,2728,Electric Tandoor,Kitchen,view,,0,2024-02-05,110.0
8355,U0557,1303,Steam Iron,Laundry,view,,0,2023-09-04,45.0
8356,U0995,1439,Sprinkler System,Tools,purchase,5.0,1,2024-03-13,
8357,U1793,4389,Modem,Networking,view,,0,2024-07-18,32.0
8358,U0620,2050,Cooktop,Kitchen,view,,0,2023-10-28,117.0
8359,U1552,842,Humidifier,Climate,view,,0,2023-06-05,698.0
8360,U0139,3785,Leaf Blower,Tools,purchase,4.1,1,2023-10-18,
8361,U1306,3251,Sump Pump,Outdoor,purchase,4.3,1,2024-07-19,
8362,U1674,4456,Cotton Candy Machine,Hobby,view,,0,2023-01-31,191.0
8363,U0020,2638,Tankless Water Heater,Bathroom,view,,0,2024-08-16,3.0
8364,U1878,85,DVD Player,Entertainment,purchase,5.0,1,2023-02-02,
8365,U0977,4315,Water Dispenser,Kitchen,view,,0,2023-08-25,9.0
8366,U1693,3346,Paper Shredder,Tools,view,,0,2024-03-03,65.0
8367,U0857,1041,Angle Grinder,Tools,purchase,2.6,1,2024-03-05,
8368,U0094,4429,Gaming Console,Entertainment,purchase,3.0,1,2024-09-27,
8369,U1891,2795,Garment Steamer,Laundry,purchase,4.8,1,2024-01-31,
8370,U0992,1982,Power Strip,Power,view,,0,2023-05-16,92.0
8371,U1281,4074,Sprinkler System,Tools,wishlist,4.1,0,2024-07-27,
8372,U1923,1149,Landline Phone,Smart Home,view,,0,2023-06-27,209.0
8373,U1882,274,Slow Cooker,Kitchen,view,,0,2024-04-14,35.0
8374,U0411,3378,Hot Dog Maker,Kitchen,view,,0,2024-07-10,28.0
8375,U0312,905,Electric Shaver,Personal Care,view,,0,2024-01-13,112.0
8376,U0401,2351,Clothesline Dryer,Laundry,add_to_cart,,0,2024-08-09,
8377,U0953,3572,DVD Player,Entertainment,wishlist,3.8,0,2024-03-25,
8378,U0228,132,Cotton Candy Machine,Hobby,purchase,4.9,1,2023-08-04,
8379,U1596,2285,Electric Kettle,Kitchen,view,,0,2024-07-08,450.0
8380,U0865,3318,Foot Massager,Personal Care,wishlist,4.6,0,2023-02-17,
8381,U1190,4285,Leaf Blower,Tools,view,,0,2024-10-31,29.0
8382,U1829,3258,Security Camera,Security,view,,0,2023-08-01,41.0
8383,U0115,3452,Boot Warmer,Laundry,purchase,4.3,1,2024-08-29,
8384,U1334,3033,Home Server,Networking,view,,0,2023-07-28,216.0
8385,U0800,4304,Television,Entertainment,view,,0,2024-03-12,359.0
8386,U1276,1896,Citrus Juicer,Kitchen,view,,0,2023-01-13,213.0
8387,U1722,238,Aquarium Filter,Pet,view,,0,2023-03-16,33.0
8388,U1033,3388,Geyser,Bathroom,view,,0,2024-12-24,40.0
8389,U0611,1223,Label Maker,Tools,purchase,4.9,1,2023-11-25,
8390,U0377,1493,Coffee Grinder,Kitchen,wishlist,4.5,0,2023-09-26,
8391,U0427,2254,Sprinkler System,Tools,view,,0,2024-08-08,303.0
8392,U1619,4882,Vacuum Cleaner,Cleaning,purchase,5.0,1,2023-08-30,
8393,U0268,2740,Kitchen Chimney,Kitchen,purchase,5.0,1,2024-07-11,
8394,U1930,1675,Tankless Water Heater,Bathroom,purchase,4.8,1,2024-09-07,
8395,U0906,766,Massage Chair,Personal Care,purchase,4.6,1,2024-06-26,
8396,U1903,2172,CCTV System,Security,view,,0,2024-02-15,139.0
8397,U1373,4309,Television,Entertainment,view,,0,2024-12-27,342.0
8398,U1039,2313,CCTV System,Security,purchase,4.0,1,2023-04-24,
8399,U0212,2780,Towel Warmer,Bathroom,view,,0,2023-05-31,168.0
8400,U1372,4310,Cold Press Juicer,Kitchen,wishlist,3.4,0,2024-02-12,
8401,U1987,1456,Window Cleaner Robot,Cleaning,view,,0,2024-08-19,60.0
8402,U1862,3121,Landline Phone,Smart Home,view,,0,2023-10-20,119.0
8403,U1871,2810,Alarm Clock,Decor,view,,0,2023-03-07,220.0
8404,U0889,378,Video Doorbell,Security,add_to_cart,,0,2023-02-13,
8405,U1460,11,Clothes Dryer,Laundry,view,,0,2024-01-02,210.0
8406,U0741,4613,Water Filter,Bathroom,add_to_cart,,0,2023-11-20,
8407,U1028,2735,Foot Massager,Personal Care,purchase,2.9,1,2024-09-30,
8408,U0639,688,Induction Oven,Kitchen,wishlist,3.5,0,2024-09-23,
8409,U0893,295,Gaming Console,Entertainment,view,,0,2023-10-28,69.0
8410,U1552,3064,Sump Pump,Outdoor,purchase,4.1,1,2023-10-25,
8411,U1522,2135,Ice Maker,Kitchen,view,,0,2024-03-06,49.0
8412,U0406,624,Projector,Entertainment,purchase,1.5,1,2024-05-24,
8413,U1324,4283,Floor Polisher,Cleaning,add_to_cart,,0,2024-06-24,
8414,U0038,2643,Electric Mop,Cleaning,purchase,4.6,1,2024-08-20,
8415,U0979,2089,Smart Garage Door Opener,Security,view,,0,2024-05-10,101.0
8416,U1524,4415,Alarm System,Security,purchase,2.9,1,2024-07-04,
8417,U0190,4537,Booster Pump,Outdoor,purchase,2.0,1,2023-04-17,
8418,U0762,1149,Landline Phone,Smart Home,purchase,2.2,1,2023-05-05,
8419,U1373,1394,Electric Shaver,Personal Care,wishlist,3.3,0,2023-05-22,
8420,U1690,4657,Air Quality Monitor,Smart Home,view,,0,2023-06-18,15.0
8421,U1215,3248,Can Opener,Kitchen,view,,0,2024-03-19,573.0
8422,U1205,565,Wine Cooler,Kitchen,add_to_cart,,0,2024-07-17,
8423,U0309,245,Infrared Sauna,Fitness,wishlist,2.7,0,2024-06-21,
8424,U1882,956,Built In Oven,Kitchen,view,,0,2024-06-17,61.0
8425,U1439,4868,Smart Door Lock,Security,view,,0,2024-02-13,117.0
8426,U1589,4459,Electric Mop,Cleaning,view,,0,2023-01-16,7.0
8427,U0517,4593,Garbage Disposal,Kitchen,purchase,3.3,1,2024-06-24,
8428,U1722,592,Foot Massager,Personal Care,view,,0,2023-07-14,251.0
8429,U0904,3391,Milk Frother,Kitchen,view,,0,2024-03-12,2.0
8430,U0095,4130,Router,Networking,wishlist,4.3,0,2024-08-13,
8431,U1923,4671,Blu Ray Player,Entertainment,view,,0,2024-01-03,40.0
8432,U1373,1391,Kitchen Chimney,Kitchen,view,,0,2023-12-17,1.0
8433,U0378,2725,Ice Cream Maker,Kitchen,purchase,4.5,1,2024-10-12,
8434,U0846,2969,Security Camera,Security,purchase,4.5,1,2024-07-19,
8435,U0237,2509,Range Hood,Kitchen,view,,0,2024-11-15,102.0
8436,U1756,6,Electric Scooter Charger,Power,add_to_cart,,0,2024-10-29,
8437,U1445,188,Smart Curtain Motor,Smart Home,purchase,4.5,1,2023-03-19,
8438,U1691,1673,Angle Grinder,Tools,purchase,3.5,1,2023-08-07,
8439,U1080,716,Paper Shredder,Tools,view,,0,2024-10-05,48.0
8440,U1514,1987,Digital Safe,Security,purchase,2.9,1,2023-11-07,
8441,U0364,1881,Humidifier,Climate,view,,0,2023-10-18,71.0
8442,U1141,4506,Mini Fridge,Kitchen,view,,0,2023-07-08,37.0
8443,U0343,1449,Leaf Blower,Tools,view,,0,2024-12-17,583.0
8444,U0828,2698,Mini Fridge,Kitchen,purchase,4.2,1,2024-01-25,
8445,U1146,122,Countertop Dishwasher,Cleaning,add_to_cart,,0,2024-05-05,
8446,U1949,441,Water Filter,Bathroom,view,,0,2023-12-21,102.0
8447,U1180,3645,UV Water Purifier,Bathroom,wishlist,5.0,0,2024-04-14,
8448,U1960,2286,Water Heater,Bathroom,add_to_cart,,0,2024-01-09,
8449,U1491,3038,Foot Massager,Personal Care,purchase,3.2,1,2023-04-17,
8450,U0573,4768,Air Conditioner,Climate,purchase,1.6,1,2024-03-03,
8451,U0695,1951,Electric Mop,Cleaning,view,,0,2023-10-17,229.0
8452,U1330,3859,Dough Maker,Kitchen,purchase,4.7,1,2024-02-29,
8453,U0538,2240,Toaster,Kitchen,view,,0,2024-11-19,118.0
8454,U0795,4150,Smoke Detector,Security,view,,0,2023-01-02,114.0
8455,U1240,853,Aquarium Heater,Pet,add_to_cart,,0,2023-08-19,
8456,U0623,4424,Bathroom Exhaust Fan,Bathroom,purchase,5.0,1,2023-02-01,
8457,U1939,384,Yogurt Maker,Kitchen,add_to_cart,,0,2024-02-28,
8458,U1410,3020,Cotton Candy Machine,Hobby,wishlist,4.7,0,2023-12-15,
8459,U0354,4440,DVD Player,Entertainment,view,,0,2023-03-22,57.0
8460,U0704,2554,Bottle Sterilizer,Kitchen,purchase,4.1,1,2024-02-24,
8461,U0873,1824,Hedge Trimmer,Tools,purchase,3.6,1,2023-03-26,
8462,U0496,2395,Electric Drill,Tools,add_to_cart,,0,2023-09-02,
8463,U0239,2177,Shoe Dryer,Laundry,view,,0,2023-07-22,83.0
8464,U0905,66,Smart Refrigerator,Kitchen,add_to_cart,,0,2024-04-27,
8465,U0594,3809,Hair Dryer,Personal Care,view,,0,2023-02-16,718.0
8466,U1008,4332,Laminator,Tools,view,,0,2023-01-10,155.0
8467,U1719,3112,Can Opener,Kitchen,view,,0,2023-07-11,45.0
8468,U0484,4512,Router,Networking,purchase,3.7,1,2024-08-10,
8469,U1981,3626,Exhaust Fan,Climate,view,,0,2023-11-19,123.0
8470,U1846,3886,Basement Dehumidifier,Outdoor,purchase,4.0,1,2023-06-15,
8471,U1150,754,Handheld Vacuum,Cleaning,view,,0,2023-12-17,162.0
8472,U1556,3627,Paper Shredder,Tools,view,,0,2023-01-08,172.0
8473,U0795,635,Hedge Trimmer,Tools,wishlist,4.6,0,2023-09-28,
8474,U1341,4171,Pressure Washer,Cleaning,wishlist,5.0,0,2024-12-21,
8475,U0401,1989,Tankless Water Heater,Bathroom,purchase,5.0,1,2024-07-01,
8476,U0010,1686,Basement Dehumidifier,Outdoor,purchase,4.3,1,2023-01-08,
8477,U0525,2851,Inverter,Power,view,,0,2024-06-07,4.0
8478,U0555,4055,Steam Iron,Laundry,purchase,4.6,1,2023-11-03,
8479,U0942,2241,Wall Clock,Decor,wishlist,4.8,0,2024-09-12,
8480,U0471,4587,Washer Dryer Combo,Laundry,purchase,4.7,1,2023-01-19,
8481,U1972,2256,Window Cleaner Robot,Cleaning,view,,0,2024-11-08,10.0
8482,U1941,3368,Electric Drill,Tools,add_to_cart,,0,2024-11-23,
8483,U0429,4158,Heating Pad,Personal Care,view,,0,2023-03-01,33.0
8484,U0597,4669,Smart Bulb,Smart Home,view,,0,2023-03-05,103.0
8485,U1345,2768,Refrigerator,Kitchen,view,,0,2024-06-18,98.0
8486,U1068,2244,Geyser,Bathroom,purchase,3.7,1,2023-09-17,
8487,U0892,2796,Electric Tandoor,Kitchen,view,,0,2023-08-22,48.0
8488,U1341,2265,Air Quality Monitor,Smart Home,purchase,3.5,1,2024-07-03,
8489,U0918,177,Smart Plug,Smart Home,purchase,3.5,1,2024-12-04,
8490,U1354,1002,UV Water Purifier,Bathroom,add_to_cart,,0,2023-04-30,
8491,U0842,4370,Water Filter,Bathroom,view,,0,2024-05-03,16.0
8492,U0958,2416,Massage Chair,Personal Care,view,,0,2023-10-09,126.0
8493,U1795,4543,Citrus Juicer,Kitchen,add_to_cart,,0,2023-03-31,
8494,U1073,991,Sewing Machine,Hobby,purchase,2.3,1,2023-03-03,
8495,U1544,3433,Rowing Machine,Fitness,purchase,4.8,1,2023-11-01,
8496,U1096,1078,Electric Mop,Cleaning,purchase,3.9,1,2023-10-04,
8497,U0262,1677,Smart Door Lock,Security,view,,0,2023-09-13,76.0
8498,U1719,3182,Induction Cooktop,Kitchen,purchase,4.9,1,2023-02-01,
8499,U0075,1465,Handheld Vacuum,Cleaning,purchase,4.2,1,2023-11-06,
8500,U0154,497,Smart Bulb,Smart Home,purchase,3.7,1,2023-03-15,
8501,U1907,424,Countertop Dishwasher,Cleaning,view,,0,2024-01-02,38.0
8502,U0576,1610,Air Quality Monitor,Smart Home,purchase,3.8,1,2024-08-10,
8503,U0809,4498,Landline Phone,Smart Home,view,,0,2024-12-29,11.0
8504,U0911,269,Solo Microwave,Kitchen,view,,0,2024-02-29,172.0
8505,U0200,2068,Landline Phone,Smart Home,purchase,4.4,1,2024-03-18,
8506,U0612,542,Solo Microwave,Kitchen,view,,0,2024-08-30,33.0
8507,U0133,4078,Smart Curtain Motor,Smart Home,view,,0,2023-02-02,95.0
8508,U0305,3151,Blender,Kitchen,view,,0,2023-09-11,7.0
8509,U1001,3086,Weather Station,Smart Home,purchase,4.3,1,2024-08-11,
8510,U0672,2485,Toaster Oven,Kitchen,purchase,4.5,1,2023-02-11,
8511,U0920,4920,Streaming Device,Entertainment,purchase,2.9,1,2024-06-11,
8512,U0761,3280,Egg Cooker,Kitchen,view,,0,2024-12-15,32.0
8513,U1081,760,Solo Microwave,Kitchen,add_to_cart,,0,2023-08-08,
8514,U1021,1726,Router,Networking,add_to_cart,,0,2023-03-28,
8515,U0115,2724,Video Doorbell,Security,purchase,4.6,1,2023-01-01,
8516,U0626,3940,Air Quality Monitor,Smart Home,purchase,5.0,1,2023-06-20,
8517,U1021,378,Video Doorbell,Security,view,,0,2023-08-02,64.0
8518,U0674,740,Aquarium Filter,Pet,view,,0,2023-04-28,709.0
8519,U1251,3148,Smart Plug,Smart Home,view,,0,2024-06-08,161.0
8520,U1364,4105,UPS,Power,add_to_cart,,0,2024-04-17,
8521,U0475,2057,Stand Mixer,Kitchen,add_to_cart,,0,2023-12-11,
8522,U0092,1918,Foot Massager,Personal Care,add_to_cart,,0,2024-09-19,
8523,U0145,908,Portable Dishwasher,Cleaning,add_to_cart,,0,2024-10-11,
8524,U1852,1091,Smart Bulb,Smart Home,view,,0,2024-01-22,37.0
8525,U0294,44,Vacuum Cleaner,Cleaning,view,,0,2023-06-21,100.0
8526,U0163,734,Electric Skillet,Kitchen,purchase,4.6,1,2024-09-24,
8527,U1258,4219,Clock,Decor,purchase,3.6,1,2024-02-18,
8528,U1286,1844,Automatic Pet Water Fountain,Pet,purchase,2.8,1,2023-05-04,
8529,U0817,2084,Electric Shaver,Personal Care,purchase,3.9,1,2023-11-20,
8530,U0286,4207,Clock,Decor,purchase,3.2,1,2023-04-25,
8531,U0668,771,Automatic Pet Water Fountain,Pet,purchase,5.0,1,2023-05-22,
8532,U0237,3289,Electric Skillet,Kitchen,add_to_cart,,0,2024-06-21,
8533,U0642,1798,Router,Networking,add_to_cart,,0,2023-11-30,
8534,U1761,2831,Induction Cooktop,Kitchen,wishlist,4.0,0,2024-06-27,
8535,U1344,3440,Door Intercom,Security,wishlist,3.1,0,2024-03-18,
8536,U1138,4703,Pool Pump,Outdoor,add_to_cart,,0,2023-07-31,
8537,U1315,336,Water Filter,Bathroom,view,,0,2023-02-22,305.0
8538,U0816,1664,Bladeless Fan,Climate,view,,0,2023-11-06,53.0
8539,U1319,3565,Set Top Box,Entertainment,view,,0,2023-08-09,232.0
8540,U0838,3140,Weather Station,Smart Home,purchase,3.8,1,2024-07-20,
8541,U0084,3414,Bottle Sterilizer,Kitchen,purchase,5.0,1,2023-05-18,
8542,U0685,4907,Air Cooler,Climate,add_to_cart,,0,2024-11-24,
8543,U0524,3653,Network Attached Storage,Networking,purchase,4.3,1,2024-10-02,
8544,U0711,1093,Smart Lock,Security,view,,0,2023-01-14,176.0
8545,U1138,4818,Heater,Climate,view,,0,2024-10-16,24.0
8546,U0868,3564,Electric Grill,Kitchen,view,,0,2023-10-28,91.0
8547,U0231,2664,Smart Bulb,Smart Home,view,,0,2023-09-16,56.0
8548,U0898,4283,Floor Polisher,Cleaning,view,,0,2024-05-19,12.0
8549,U0671,1448,Sandwich Maker,Kitchen,purchase,4.8,1,2023-05-03,
8550,U1920,2923,Pressure Washer,Cleaning,view,,0,2024-12-18,153.0
8551,U0866,4023,Foot Massager,Personal Care,wishlist,4.7,0,2023-10-28,
8552,U1168,1828,OTG Oven,Kitchen,view,,0,2023-07-20,909.0
8553,U0740,4766,Towel Warmer,Bathroom,wishlist,3.6,0,2023-12-07,
8554,U1532,1377,Door Intercom,Security,view,,0,2024-08-11,232.0
8555,U1165,2840,UV Water Purifier,Bathroom,view,,0,2023-05-25,76.0
8556,U1649,3098,Espresso Machine,Kitchen,purchase,4.1,1,2023-02-27,
8557,U0934,3653,Network Attached Storage,Networking,wishlist,4.9,0,2024-11-11,
8558,U1361,988,Sous Vide Cooker,Kitchen,purchase,4.7,1,2024-05-18,
8559,U1710,2158,Leaf Blower,Tools,purchase,4.2,1,2024-05-07,
8560,U1828,2034,Wall Clock,Decor,add_to_cart,,0,2024-11-11,
8561,U1506,4316,Smart Garage Door Opener,Security,wishlist,4.9,0,2024-01-29,
8562,U1079,707,Projector,Entertainment,view,,0,2024-04-26,30.0
8563,U0124,3586,Washer Dryer Combo,Laundry,purchase,4.6,1,2024-06-14,
8564,U1032,4332,Laminator,Tools,view,,0,2024-01-30,139.0
8565,U1143,4857,Slush Machine,Hobby,view,,0,2023-10-03,14.0
8566,U1414,815,WiFi Extender,Networking,purchase,4.7,1,2024-03-25,
8567,U0476,1002,UV Water Purifier,Bathroom,view,,0,2024-05-19,147.0
8568,U1277,4743,Television,Entertainment,wishlist,5.0,0,2023-10-31,
8569,U0808,1330,Massage Chair,Personal Care,add_to_cart,,0,2024-05-04,
8570,U1886,2396,Bathroom Exhaust Fan,Bathroom,view,,0,2024-05-12,224.0
8571,U1123,3559,Attic Fan,Climate,view,,0,2023-04-19,63.0
8572,U0371,4625,Smart Hub,Networking,view,,0,2024-06-20,9.0
8573,U0951,1084,Air Quality Monitor,Smart Home,view,,0,2024-12-12,4.0
8574,U0811,3668,Smart Refrigerator,Kitchen,view,,0,2024-09-19,304.0
8575,U1952,2334,Humidifier,Climate,wishlist,4.9,0,2023-05-09,
8576,U1687,4945,Network Attached Storage,Networking,view,,0,2024-12-13,346.0
8577,U1892,4601,Gaming Console,Entertainment,view,,0,2024-06-29,179.0
8578,U1659,1877,Portable Dishwasher,Cleaning,add_to_cart,,0,2024-01-19,
8579,U0675,3336,Dishwasher,Cleaning,add_to_cart,,0,2024-02-11,
8580,U0970,4815,Elliptical Trainer,Fitness,view,,0,2023-01-02,79.0
8581,U1879,4378,Television,Entertainment,view,,0,2024-11-30,196.0
8582,U0777,3366,Coffee Grinder,Kitchen,purchase,2.6,1,2024-07-12,
8583,U0094,2616,Meat Grinder,Kitchen,wishlist,3.1,0,2023-11-22,
8584,U0638,1249,Table Fan,Climate,purchase,4.2,1,2024-10-10,
8585,U1710,1348,Pet Feeder,Pet,add_to_cart,,0,2023-09-06,
8586,U0396,804,Sump Pump,Outdoor,view,,0,2023-08-17,83.0
8587,U1212,774,Carbon Monoxide Detector,Security,view,,0,2024-02-21,22.0
8588,U0338,766,Massage Chair,Personal Care,add_to_cart,,0,2023-02-27,
8589,U1723,4285,Leaf Blower,Tools,view,,0,2024-03-03,19.0
8590,U1173,2257,Electric Mop,Cleaning,purchase,3.0,1,2024-02-23,
8591,U1405,3189,Ceiling Fan,Climate,view,,0,2024-07-23,68.0
8592,U1836,4319,Smart Switch,Smart Home,view,,0,2023-10-02,359.0
8593,U1258,4124,Digital Photo Frame,Entertainment,add_to_cart,,0,2024-07-30,
8594,U1870,3015,Iron,Laundry,view,,0,2023-07-13,319.0
8595,U0672,4882,Vacuum Cleaner,Cleaning,purchase,5.0,1,2024-08-05,
8596,U0485,2647,Smart TV,Entertainment,wishlist,2.8,0,2024-12-25,
8597,U1892,4558,Citrus Juicer,Kitchen,add_to_cart,,0,2023-06-17,
8598,U1470,2384,Clock,Decor,add_to_cart,,0,2023-11-12,
8599,U0692,302,Popcorn Maker,Kitchen,wishlist,4.8,0,2024-09-24,
8600,U0339,96,Electric Shaver,Personal Care,view,,0,2023-04-28,91.0
8601,U0810,1411,Aquarium Heater,Pet,purchase,5.0,1,2023-07-23,
8602,U0399,581,Pet Feeder,Pet,add_to_cart,,0,2024-01-09,
8603,U1694,3161,UPS,Power,view,,0,2024-12-21,91.0
8604,U1075,4985,Bathroom Exhaust Fan,Bathroom,view,,0,2023-04-10,129.0
8605,U0311,2840,UV Water Purifier,Bathroom,add_to_cart,,0,2023-11-27,
8606,U1016,4834,Deep Fryer,Kitchen,add_to_cart,,0,2024-07-15,
8607,U1083,4606,Smart Vacuum,Cleaning,view,,0,2024-02-05,64.0
8608,U0939,4954,Pet Feeder,Pet,view,,0,2023-03-05,94.0
8609,U1235,4766,Towel Warmer,Bathroom,add_to_cart,,0,2023-04-22,
8610,U0968,3837,Gaming Console,Entertainment,wishlist,4.6,0,2023-12-16,
8611,U1716,865,Ice Maker,Kitchen,purchase,3.1,1,2023-12-17,
8612,U0767,4565,Wall Clock,Decor,wishlist,2.5,0,2024-10-13,
8613,U0706,1911,Weather Station,Smart Home,view,,0,2024-06-18,62.0
8614,U0547,4240,Smart Door Lock,Security,view,,0,2023-01-12,110.0
8615,U0097,1880,Printer,Tools,view,,0,2023-03-25,179.0
8616,U1217,1487,Smart Plug,Smart Home,purchase,3.3,1,2023-12-07,
8617,U1680,2926,Smart Plug,Smart Home,purchase,4.5,1,2023-06-14,
8618,U0302,4105,UPS,Power,add_to_cart,,0,2024-12-10,
8619,U1571,3055,Cooktop,Kitchen,add_to_cart,,0,2024-10-29,
8620,U1935,3879,Cold Press Juicer,Kitchen,view,,0,2023-04-25,112.0
8621,U1026,4980,Smart Curtain Motor,Smart Home,add_to_cart,,0,2023-08-09,
8622,U0072,434,Washer Dryer Combo,Laundry,purchase,5.0,1,2023-02-28,
8623,U0928,2566,Subwoofer,Entertainment,add_to_cart,,0,2023-08-12,
8624,U0344,2372,Electric Stove,Kitchen,add_to_cart,,0,2024-08-08,
8625,U1110,4342,Espresso Machine,Kitchen,add_to_cart,,0,2023-03-24,
8626,U0328,846,Bottle Sterilizer,Kitchen,add_to_cart,,0,2023-07-10,
8627,U0438,3050,Network Attached Storage,Networking,wishlist,3.0,0,2023-04-01,
8628,U1240,2755,Heating Pad,Personal Care,view,,0,2024-10-10,74.0
8629,U1492,553,Lawn Mower,Tools,view,,0,2023-07-15,23.0
8630,U0572,4724,Aquarium Heater,Pet,view,,0,2024-03-23,119.0
8631,U1971,4003,Electric Blanket,Personal Care,wishlist,4.3,0,2023-08-16,
8632,U1962,1508,Pet Feeder,Pet,view,,0,2023-04-22,54.0
8633,U1625,4202,Handheld Vacuum,Cleaning,view,,0,2023-05-30,54.0
8634,U1989,770,Clock,Decor,view,,0,2023-11-28,344.0
8635,U0700,1519,UV Water Purifier,Bathroom,view,,0,2023-05-02,13.0
8636,U1511,375,Smart Lock,Security,wishlist,4.0,0,2023-01-21,
8637,U0632,1919,Convection Microwave,Kitchen,add_to_cart,,0,2023-11-03,
8638,U0024,2254,Sprinkler System,Tools,wishlist,4.9,0,2023-06-29,
8639,U1117,4497,Smart Hub,Networking,view,,0,2023-02-25,103.0
8640,U0085,609,Smart Air Conditioner,Climate,view,,0,2023-08-07,18.0
8641,U0463,4344,Vacuum Sealer,Kitchen,view,,0,2024-03-04,91.0
8642,U0281,3825,Tower Fan,Climate,view,,0,2023-03-04,130.0
8643,U0499,524,Ice Crusher,Kitchen,add_to_cart,,0,2024-02-19,
8644,U0231,1001,Pet Feeder,Pet,view,,0,2024-06-03,19.0
8645,U0186,1622,Tea Maker,Kitchen,purchase,4.6,1,2024-06-20,
8646,U1597,2224,Inverter,Power,view,,0,2024-11-28,54.0
8647,U1153,3321,Air Fryer,Kitchen,view,,0,2023-07-06,25.0
8648,U0716,798,Ceiling Fan,Climate,view,,0,2024-05-12,36.0
8649,U1757,935,Pressure Washer,Cleaning,purchase,4.5,1,2023-09-07,
8650,U0053,804,Sump Pump,Outdoor,view,,0,2024-08-01,17.0
8651,U1690,3293,Aquarium Heater,Pet,view,,0,2024-12-29,40.0
8652,U0897,4118,Smart Bulb,Smart Home,view,,0,2024-12-21,611.0
8653,U1681,3067,Projector,Entertainment,view,,0,2024-04-16,148.0
8654,U0615,3628,Home Server,Networking,view,,0,2023-11-03,57.0
8655,U0731,2749,Home Automation Controller,Networking,view,,0,2023-01-05,203.0
8656,U0407,1585,Gas Stove,Kitchen,wishlist,4.5,0,2023-07-01,
8657,U0524,686,Emergency Light,Security,view,,0,2024-12-12,55.0
8658,U1074,935,Pressure Washer,Cleaning,purchase,5.0,1,2024-01-22,
8659,U0103,4283,Floor Polisher,Cleaning,view,,0,2024-12-23,6.0
8660,U0989,1571,Pool Heater,Outdoor,view,,0,2023-06-10,84.0
8661,U1131,3609,Robot Vacuum,Cleaning,view,,0,2023-12-12,158.0
8662,U1165,4209,Rowing Machine,Fitness,view,,0,2023-10-28,137.0
8663,U0395,1277,Electric Skillet,Kitchen,add_to_cart,,0,2024-06-24,
8664,U1823,1516,Espresso Machine,Kitchen,view,,0,2023-03-27,58.0
8665,U0035,3732,Crepe Maker,Kitchen,purchase,4.4,1,2024-10-31,
8666,U1593,1308,Power Strip,Power,wishlist,3.5,0,2023-12-14,
8667,U1122,377,Air Quality Monitor,Smart Home,add_to_cart,,0,2024-05-25,
8668,U1885,1588,Electric Drill,Tools,view,,0,2024-05-24,0.0
8669,U1903,611,Air Fryer,Kitchen,purchase,4.5,1,2023-11-01,
8670,U1741,1977,Electric Pressure Cooker,Kitchen,view,,0,2024-11-14,153.0
8671,U1557,2090,Ice Cream Maker,Kitchen,view,,0,2023-11-20,100.0
8672,U0166,667,Jacuzzi Pump,Bathroom,view,,0,2023-07-24,55.0
8673,U0666,465,Slush Machine,Hobby,view,,0,2023-09-30,10.0
8674,U0244,1405,Voltage Stabilizer,Power,purchase,5.0,1,2023-12-25,
8675,U1293,3974,Baby Food Maker,Kitchen,view,,0,2024-10-07,133.0
8676,U1035,2963,Home Server,Networking,view,,0,2024-09-08,123.0
8677,U0460,2769,Smoke Detector,Security,view,,0,2024-01-02,155.0
8678,U0602,3586,Washer Dryer Combo,Laundry,add_to_cart,,0,2023-01-20,
8679,U1508,4534,Alarm Clock,Decor,wishlist,4.1,0,2023-09-04,
8680,U1426,956,Built In Oven,Kitchen,add_to_cart,,0,2024-04-14,
8681,U1865,4115,Roti Maker,Kitchen,add_to_cart,,0,2023-08-15,
8682,U1781,1655,Cold Press Juicer,Kitchen,view,,0,2023-03-12,59.0
8683,U0113,4155,Cotton Candy Machine,Hobby,add_to_cart,,0,2024-02-29,
8684,U0257,832,Washing Machine,Laundry,purchase,5.0,1,2024-06-14,
8685,U1317,2830,Smart Garage Door Opener,Security,add_to_cart,,0,2024-06-06,
8686,U1781,1219,Heater,Climate,view,,0,2023-11-17,358.0
8687,U1935,3018,Blender,Kitchen,view,,0,2023-12-22,40.0
8688,U0463,2403,Smart Switch,Smart Home,view,,0,2024-04-21,144.0
8689,U0589,4876,Built In Oven,Kitchen,wishlist,4.9,0,2024-02-02,
8690,U1425,630,Food Dehydrator,Kitchen,purchase,5.0,1,2023-08-07,
8691,U1964,2657,Alarm Clock,Decor,add_to_cart,,0,2023-04-22,
8692,U0950,4699,Aquarium Filter,Pet,view,,0,2024-08-02,206.0
8693,U1998,988,Sous Vide Cooker,Kitchen,wishlist,5.0,0,2024-08-26,
8694,U1611,2466,Dishwasher,Cleaning,view,,0,2024-12-29,76.0
8695,U0646,1361,Slow Cooker,Kitchen,view,,0,2024-03-28,108.0
8696,U0476,955,Aquarium Heater,Pet,add_to_cart,,0,2023-09-27,
8697,U1643,3873,Kegerator,Hobby,view,,0,2023-03-03,34.0
8698,U0844,640,Egg Cooker,Kitchen,purchase,4.4,1,2023-09-06,
8699,U0656,998,Smart Air Conditioner,Climate,purchase,3.1,1,2024-02-03,
8700,U0249,994,Blender,Kitchen,purchase,3.4,1,2024-11-19,
8701,U0545,1550,Cooktop,Kitchen,purchase,3.0,1,2023-01-03,
8702,U0329,1776,Cotton Candy Machine,Hobby,view,,0,2023-07-21,21.0
8703,U1374,3520,Smart Garage Door Opener,Security,purchase,4.3,1,2024-11-03,
8704,U1514,2275,Lint Remover,Laundry,view,,0,2023-06-08,77.0
8705,U1023,3859,Dough Maker,Kitchen,view,,0,2024-02-29,23.0
8706,U0383,2003,Wall Clock,Decor,view,,0,2024-10-13,33.0
8707,U1268,1629,Smart Plug,Smart Home,purchase,5.0,1,2024-09-18,
8708,U0045,1721,Jacuzzi Pump,Bathroom,view,,0,2024-12-01,404.0
8709,U1743,2679,Smart Refrigerator,Kitchen,wishlist,4.4,0,2024-02-02,
8710,U1865,1339,Router,Networking,purchase,4.4,1,2024-12-08,
8711,U0020,2909,Subwoofer,Entertainment,purchase,4.2,1,2023-02-12,
8712,U0120,4439,Chainsaw,Tools,view,,0,2024-05-12,151.0
8713,U0721,4997,Kombucha Maker,Hobby,purchase,2.6,1,2023-06-11,
8714,U1854,2731,Ceiling Fan,Climate,add_to_cart,,0,2024-03-23,
8715,U0830,2172,CCTV System,Security,view,,0,2023-11-21,63.0
8716,U1138,2677,Clothes Dryer,Laundry,purchase,4.6,1,2024-05-17,
8717,U1270,4045,Trash Compactor,Kitchen,view,,0,2024-05-25,60.0
8718,U0530,3506,Stand Mixer,Kitchen,view,,0,2023-10-21,182.0
8719,U1413,2984,Handheld Vacuum,Cleaning,add_to_cart,,0,2023-12-26,
8720,U1382,12,Wall Clock,Decor,purchase,4.5,1,2023-01-13,
8721,U1388,600,Electric Toothbrush,Personal Care,view,,0,2024-10-18,51.0
8722,U1349,1211,Electric Stove,Kitchen,view,,0,2023-01-15,77.0
8723,U0475,1638,Humidifier,Climate,wishlist,4.9,0,2024-01-28,
8724,U0859,1621,Basement Dehumidifier,Outdoor,wishlist,5.0,0,2023-05-27,
8725,U0842,2781,Meat Grinder,Kitchen,purchase,4.4,1,2024-07-04,
8726,U0603,903,Aquarium Filter,Pet,view,,0,2024-09-22,69.0
8727,U0573,4980,Smart Curtain Motor,Smart Home,wishlist,3.3,0,2023-09-21,
8728,U1315,4533,Air Conditioner,Climate,view,,0,2023-05-07,115.0
8729,U1926,3789,Smart Switch,Smart Home,wishlist,2.0,0,2023-02-03,
8730,U1497,493,Smart Plug,Smart Home,add_to_cart,,0,2023-04-25,
8731,U1028,2297,Trimmer,Personal Care,view,,0,2023-10-10,335.0
8732,U0658,1512,Food Dehydrator,Kitchen,add_to_cart,,0,2024-12-04,
8733,U1533,2698,Mini Fridge,Kitchen,view,,0,2024-12-09,2.0
8734,U0594,138,Built In Microwave,Kitchen,wishlist,5.0,0,2024-06-29,
8735,U0337,1098,Automatic Pet Water Fountain,Pet,add_to_cart,,0,2023-07-28,
8736,U0666,651,Air Fryer,Kitchen,view,,0,2024-05-13,45.0
8737,U1447,1394,Electric Shaver,Personal Care,view,,0,2023-09-25,23.0
8738,U0798,3465,Juicer,Kitchen,view,,0,2024-12-05,3.0
8739,U0750,1425,Home Automation Controller,Networking,view,,0,2024-03-25,225.0
8740,U1669,2286,Water Heater,Bathroom,add_to_cart,,0,2024-01-10,
8741,U1854,1630,Smart Garage Door Opener,Security,view,,0,2024-03-20,20.0
8742,U1109,3944,Electric Grill,Kitchen,view,,0,2024-01-09,292.0
8743,U1011,906,Window Air Conditioner,Climate,add_to_cart,,0,2024-11-02,
8744,U1472,1920,Smart Thermostat,Climate,wishlist,3.7,0,2023-05-02,
8745,U0828,3350,Slush Machine,Hobby,purchase,4.5,1,2024-08-13,
8746,U0865,4710,Electric Tandoor,Kitchen,purchase,4.4,1,2023-06-24,
8747,U1207,2798,Central Air Conditioner,Climate,add_to_cart,,0,2024-09-30,
8748,U1946,3051,Garbage Disposal,Kitchen,view,,0,2024-12-07,4.0
8749,U1906,2503,Smart Dryer,Laundry,purchase,4.2,1,2023-10-06,
8750,U1744,1537,Smart Lock,Security,purchase,4.0,1,2024-06-11,
8751,U1290,4949,Home Automation Controller,Networking,wishlist,4.5,0,2023-04-14,
8752,U0431,1414,Scanner,Tools,purchase,3.2,1,2024-07-06,
8753,U0939,3859,Dough Maker,Kitchen,purchase,4.2,1,2024-04-03,
8754,U0590,306,Massager,Personal Care,purchase,5.0,1,2024-08-03,
8755,U0874,1370,Roti Maker,Kitchen,purchase,3.8,1,2024-11-19,
8756,U0949,3,Tea Maker,Kitchen,purchase,4.4,1,2024-06-06,
8757,U0193,2714,Bidet Seat,Bathroom,purchase,4.4,1,2023-06-24,
8758,U1908,3500,Dishwasher,Cleaning,view,,0,2023-08-30,26.0
8759,U0875,4662,Lawn Mower,Tools,purchase,4.0,1,2024-03-12,
8760,U0198,4378,Television,Entertainment,view,,0,2023-03-11,34.0
8761,U1593,1219,Heater,Climate,add_to_cart,,0,2023-08-30,
8762,U0105,1826,Massager,Personal Care,view,,0,2023-04-04,131.0
8763,U0002,2520,Hand Mixer,Kitchen,purchase,5.0,1,2023-05-07,
8764,U0765,3334,Knitting Machine,Hobby,view,,0,2023-10-10,40.0
8765,U0326,2191,Weather Station,Smart Home,add_to_cart,,0,2024-08-09,
8766,U0967,523,Pressure Washer,Cleaning,purchase,4.0,1,2023-07-24,
8767,U0163,4494,Meat Grinder,Kitchen,wishlist,3.2,0,2024-01-12,
8768,U0913,1813,Steam Iron,Laundry,add_to_cart,,0,2024-12-05,
8769,U1951,2254,Sprinkler System,Tools,wishlist,5.0,0,2023-04-16,
8770,U1532,1530,Lint Remover,Laundry,view,,0,2023-06-03,7.0
8771,U0830,3898,Bottle Sterilizer,Kitchen,add_to_cart,,0,2024-03-26,
8772,U1998,1990,Carpet Cleaner,Cleaning,purchase,3.9,1,2023-10-23,
8773,U0667,4355,WiFi Extender,Networking,purchase,5.0,1,2024-10-27,
8774,U1606,2304,Digital Safe,Security,purchase,4.5,1,2023-11-05,
8775,U0526,4039,Window Cleaner Robot,Cleaning,view,,0,2023-10-02,14.0
8776,U1350,372,Food Dehydrator,Kitchen,view,,0,2024-02-03,87.0
8777,U0001,4905,DVD Player,Entertainment,view,,0,2024-04-16,182.0
8778,U0544,194,RO Purifier,Bathroom,purchase,3.5,1,2023-01-28,
8779,U0114,1913,Induction Cooktop,Kitchen,add_to_cart,,0,2024-09-06,
8780,U1845,4467,Cooktop,Kitchen,add_to_cart,,0,2024-06-26,
8781,U0801,1386,Electric Drill,Tools,view,,0,2024-12-03,89.0
8782,U0332,3074,Smart Switch,Smart Home,add_to_cart,,0,2024-05-12,
8783,U0006,2403,Smart Switch,Smart Home,purchase,4.9,1,2024-06-28,
8784,U0443,1276,Hair Straightener,Personal Care,view,,0,2023-10-03,179.0
8785,U0163,4069,Coffee Maker,Kitchen,add_to_cart,,0,2024-02-23,
8786,U1625,4171,Pressure Washer,Cleaning,purchase,4.9,1,2024-05-14,
8787,U0884,2712,Water Flosser,Personal Care,add_to_cart,,0,2023-06-20,
8788,U1181,4347,Air Quality Monitor,Smart Home,wishlist,4.9,0,2023-08-04,
8789,U0154,2541,Solar Panel Inverter,Power,add_to_cart,,0,2024-08-25,
8790,U0276,3816,Smart Curtain Motor,Smart Home,view,,0,2024-08-30,301.0
8791,U0590,2886,Convection Microwave,Kitchen,add_to_cart,,0,2024-03-04,
8792,U1118,73,Infrared Sauna,Fitness,view,,0,2023-08-03,482.0
8793,U0528,3622,Robot Vacuum,Cleaning,view,,0,2024-07-11,170.0
8794,U0444,94,Subwoofer,Entertainment,view,,0,2023-02-23,229.0
8795,U0131,4893,Modem,Networking,add_to_cart,,0,2024-12-06,
8796,U0610,3618,Home Automation Controller,Networking,purchase,5.0,1,2024-06-25,
8797,U0109,4697,Landline Phone,Smart Home,wishlist,3.8,0,2024-08-03,
8798,U0370,1013,Humidifier,Climate,wishlist,3.0,0,2024-09-23,
8799,U0277,4983,Induction Oven,Kitchen,purchase,4.0,1,2023-11-07,
8800,U1536,2790,Lawn Mower,Tools,view,,0,2023-10-23,106.0
8801,U0257,1599,Air Cooler,Climate,view,,0,2024-01-02,258.0
8802,U0282,4127,Steam Cleaner,Cleaning,purchase,3.4,1,2023-09-30,
8803,U0359,816,Home Automation Controller,Networking,purchase,3.3,1,2023-05-09,
8804,U0967,4370,Water Filter,Bathroom,add_to_cart,,0,2023-07-09,
8805,U0535,472,Pool Heater,Outdoor,view,,0,2024-01-23,78.0
8806,U0239,4732,Emergency Light,Security,add_to_cart,,0,2024-10-12,
8807,U1759,617,Printer,Tools,view,,0,2023-11-05,113.0
8808,U1881,452,Electric Vehicle Charger,Power,view,,0,2023-10-25,211.0
8809,U0299,2186,Pool Pump,Outdoor,purchase,3.2,1,2023-12-12,
8810,U0473,1725,Electric Pressure Cooker,Kitchen,add_to_cart,,0,2024-07-05,
8811,U1076,67,Vacuum Cleaner,Cleaning,add_to_cart,,0,2024-05-22,
8812,U1892,1709,Waffle Maker,Kitchen,view,,0,2024-07-02,127.0
8813,U1604,4291,Built In Oven,Kitchen,view,,0,2023-12-10,124.0
8814,U0444,3113,Kitchen Chimney,Kitchen,purchase,3.0,1,2024-07-31,
8815,U0854,150,Terrarium Heater,Pet,add_to_cart,,0,2023-05-24,
8816,U0097,970,Convection Microwave,Kitchen,add_to_cart,,0,2024-05-14,
8817,U0555,1670,Electric Tandoor,Kitchen,add_to_cart,,0,2023-09-26,
8818,U0879,3772,Modem,Networking,view,,0,2023-07-31,100.0
8819,U1670,3108,Water Flosser,Personal Care,view,,0,2024-07-26,7.0
8820,U0151,4887,Heating Pad,Personal Care,wishlist,3.1,0,2023-08-18,
8821,U0548,2240,Toaster,Kitchen,add_to_cart,,0,2023-08-27,
8822,U0383,1539,Chainsaw,Tools,view,,0,2023-03-15,64.0
8823,U0819,2907,Meat Grinder,Kitchen,view,,0,2023-08-01,9.0
8824,U0241,941,Electric Tandoor,Kitchen,view,,0,2023-12-13,2.0
8825,U0817,1809,Pet Feeder,Pet,purchase,4.7,1,2023-06-12,
8826,U1106,2106,Electric Fireplace,Climate,wishlist,4.2,0,2023-06-25,
8827,U1847,3796,Clothesline Dryer,Laundry,view,,0,2023-10-19,76.0
8828,U1473,1646,Wall Clock,Decor,view,,0,2023-11-15,129.0
8829,U0606,4248,Air Purifier,Climate,purchase,4.3,1,2023-07-14,
8830,U1018,1821,Humidifier,Climate,wishlist,4.8,0,2023-07-21,
8831,U1299,4670,Smart Lock,Security,add_to_cart,,0,2023-01-22,
8832,U0104,3322,Refrigerator,Kitchen,purchase,4.6,1,2024-12-18,
8833,U0554,759,Air Fryer,Kitchen,add_to_cart,,0,2024-10-29,
8834,U1034,2088,Pet Feeder,Pet,view,,0,2024-08-31,129.0
8835,U0877,693,Router,Networking,view,,0,2023-02-15,256.0
8836,U0530,388,Electric Skillet,Kitchen,purchase,4.3,1,2024-02-10,
8837,U1276,3992,Subwoofer,Entertainment,view,,0,2023-11-16,92.0
8838,U0212,4799,Trimmer,Personal Care,wishlist,4.5,0,2024-06-21,
8839,U0967,3000,Waffle Maker,Kitchen,add_to_cart,,0,2024-08-06,
8840,U1411,2405,Coffee Maker,Kitchen,view,,0,2024-01-01,1.0
8841,U1163,4776,Clock,Decor,purchase,3.1,1,2024-05-27,
8842,U1106,53,Smart Door Lock,Security,view,,0,2024-10-31,353.0
8843,U0216,4715,Home Sauna,Fitness,add_to_cart,,0,2024-03-03,
8844,U1683,3220,Smart Vacuum,Cleaning,purchase,4.2,1,2024-11-24,
8845,U0973,4779,Foot Massager,Personal Care,add_to_cart,,0,2023-06-11,
8846,U0840,378,Video Doorbell,Security,view,,0,2023-02-20,315.0
8847,U0256,4519,Automatic Pet Water Fountain,Pet,view,,0,2024-10-17,6.0
8848,U1988,1205,Home Theater System,Entertainment,add_to_cart,,0,2024-10-11,
8849,U0257,2158,Leaf Blower,Tools,add_to_cart,,0,2023-06-14,
8850,U0500,2962,Printer,Tools,add_to_cart,,0,2024-09-17,
8851,U0003,4636,Juicer,Kitchen,add_to_cart,,0,2024-05-04,
8852,U1667,3372,Egg Cooker,Kitchen,purchase,5.0,1,2024-02-24,
8853,U0678,1621,Basement Dehumidifier,Outdoor,add_to_cart,,0,2023-03-09,
8854,U1188,4423,DVD Player,Entertainment,add_to_cart,,0,2023-03-15,
8855,U1001,1998,Door Intercom,Security,view,,0,2023-08-03,23.0
8856,U0560,2980,Massage Chair,Personal Care,view,,0,2024-07-08,39.0
8857,U0927,3401,Espresso Machine,Kitchen,view,,0,2023-08-27,9.0
8858,U1394,754,Handheld Vacuum,Cleaning,view,,0,2023-04-17,38.0
8859,U0217,177,Smart Plug,Smart Home,purchase,3.9,1,2023-04-21,
8860,U0999,2776,Pet Feeder,Pet,add_to_cart,,0,2024-04-28,
8861,U1173,204,Smart Garage Door Opener,Security,view,,0,2024-09-18,434.0
8862,U0752,3339,Crepe Maker,Kitchen,purchase,3.2,1,2023-07-31,
8863,U0130,3552,Range Hood,Kitchen,add_to_cart,,0,2024-06-15,
8864,U1439,1003,Modem,Networking,view,,0,2024-03-10,125.0
8865,U0067,2211,Trash Compactor,Kitchen,view,,0,2024-05-18,35.0
8866,U1419,3051,Garbage Disposal,Kitchen,purchase,4.6,1,2024-06-29,
8867,U1819,2931,Pool Heater,Outdoor,view,,0,2023-09-28,3.0
8868,U1756,4902,Ice Crusher,Kitchen,purchase,4.8,1,2024-03-09,
8869,U0845,3273,Network Attached Storage,Networking,view,,0,2023-03-13,100.0
8870,U0694,3353,Bread Maker,Kitchen,add_to_cart,,0,2024-11-11,
8871,U1875,3806,Smart TV,Entertainment,wishlist,4.7,0,2023-03-30,
8872,U1609,2419,Automatic Pet Water Fountain,Pet,wishlist,5.0,0,2024-04-21,
8873,U1771,4463,Juicer,Kitchen,view,,0,2023-09-18,175.0
8874,U0099,1864,Ice Crusher,Kitchen,add_to_cart,,0,2024-12-02,
8875,U0227,283,Extension Cord,Power,view,,0,2023-05-24,26.0
8876,U1872,997,Countertop Dishwasher,Cleaning,view,,0,2024-12-21,14.0
8877,U1728,855,Smart Refrigerator,Kitchen,purchase,5.0,1,2023-11-17,
8878,U1037,1662,Leaf Blower,Tools,add_to_cart,,0,2023-10-11,
8879,U0501,3115,Meat Grinder,Kitchen,view,,0,2024-06-23,15.0
8880,U1801,2932,Hot Plate,Kitchen,add_to_cart,,0,2023-04-16,
8881,U1018,3845,Home Sauna,Fitness,purchase,4.4,1,2023-04-26,
8882,U1490,497,Smart Bulb,Smart Home,view,,0,2023-01-29,185.0
8883,U1950,1121,Basement Dehumidifier,Outdoor,add_to_cart,,0,2024-09-28,
8884,U0385,4087,Solar Panel Inverter,Power,add_to_cart,,0,2024-11-23,
8885,U0040,648,Label Maker,Tools,purchase,3.1,1,2023-01-04,
8886,U0801,3866,Smart Hub,Networking,purchase,4.5,1,2023-11-30,
8887,U1934,3122,Gas Stove,Kitchen,add_to_cart,,0,2024-10-28,
8888,U1929,4204,Convection Microwave,Kitchen,view,,0,2023-06-11,69.0
8889,U1722,3086,Weather Station,Smart Home,add_to_cart,,0,2023-03-11,
8890,U0497,2137,Alarm Clock,Decor,wishlist,3.6,0,2024-08-12,
8891,U1217,3719,Clock,Decor,view,,0,2023-07-27,12.0
8892,U0864,1871,Heating Pad,Personal Care,wishlist,4.3,0,2024-04-29,
8893,U0836,4311,Vacuum Sealer,Kitchen,purchase,4.6,1,2024-08-06,
8894,U0724,1675,Tankless Water Heater,Bathroom,purchase,5.0,1,2023-12-24,
8895,U0589,4515,Inverter,Power,add_to_cart,,0,2023-03-10,
8896,U0310,1222,Printer,Tools,view,,0,2024-02-10,86.0
8897,U1345,4204,Convection Microwave,Kitchen,view,,0,2024-05-21,100.0
8898,U1884,2086,Tankless Water Heater,Bathroom,purchase,3.0,1,2023-05-27,
8899,U0336,1991,Electric Toothbrush,Personal Care,add_to_cart,,0,2024-12-15,
8900,U1112,3659,Iron,Laundry,purchase,4.0,1,2024-11-20,
8901,U0447,4704,Boot Warmer,Laundry,add_to_cart,,0,2023-06-19,
8902,U1619,2805,Scanner,Tools,wishlist,4.0,0,2024-08-19,
8903,U1832,235,Booster Pump,Outdoor,purchase,3.5,1,2024-07-22,
8904,U1193,1564,Window Air Conditioner,Climate,view,,0,2023-12-21,131.0
8905,U0354,2744,Automatic Pet Water Fountain,Pet,view,,0,2024-01-07,47.0
8906,U0420,1953,RO Purifier,Bathroom,wishlist,3.7,0,2023-09-02,
8907,U0684,685,Electric Shaver,Personal Care,add_to_cart,,0,2023-08-09,
8908,U1367,2547,Wall Clock,Decor,purchase,5.0,1,2023-12-28,
8909,U1430,4310,Cold Press Juicer,Kitchen,view,,0,2024-10-13,9.0
8910,U0553,2138,Cold Press Juicer,Kitchen,purchase,5.0,1,2024-02-23,
8911,U1022,3095,Window Cleaner Robot,Cleaning,view,,0,2024-12-25,43.0
8912,U1289,4374,Table Fan,Climate,view,,0,2024-01-28,15.0
8913,U1151,2211,Trash Compactor,Kitchen,add_to_cart,,0,2023-08-23,
8914,U0795,1301,Hand Mixer,Kitchen,view,,0,2024-11-19,1.0
8915,U1617,1599,Air Cooler,Climate,purchase,5.0,1,2023-05-30,
8916,U1788,3704,Coffee Maker,Kitchen,view,,0,2023-01-10,73.0
8917,U1824,4126,Smoke Detector,Security,add_to_cart,,0,2024-01-16,
8918,U1698,3578,Water Flosser,Personal Care,purchase,4.1,1,2024-07-14,
8919,U1232,4794,Smart Garage Door Opener,Security,view,,0,2024-08-17,58.0
8920,U0135,1718,Hand Mixer,Kitchen,add_to_cart,,0,2023-01-12,
8921,U0172,4636,Juicer,Kitchen,purchase,4.7,1,2024-07-01,
8922,U0143,926,Set Top Box,Entertainment,view,,0,2024-03-30,44.0
8923,U1766,4363,Bottle Sterilizer,Kitchen,view,,0,2023-09-28,177.0
8924,U0748,78,Sprinkler System,Tools,view,,0,2023-05-15,423.0
8925,U0208,441,Water Filter,Bathroom,view,,0,2024-01-22,56.0
8926,U0835,931,Printer,Tools,purchase,4.9,1,2024-05-29,
8927,U1546,3853,Fermentation Crock,Hobby,view,,0,2023-01-16,146.0
8928,U0588,200,Ice Crusher,Kitchen,view,,0,2024-10-11,20.0
8929,U1756,4813,Pool Pump,Outdoor,add_to_cart,,0,2023-07-18,
8930,U1662,3194,Label Maker,Tools,view,,0,2023-09-04,93.0
8931,U1202,1807,Emergency Light,Security,view,,0,2024-05-22,37.0
8932,U0988,1757,Steam Iron,Laundry,view,,0,2023-10-14,290.0
8933,U0622,232,Juicer,Kitchen,view,,0,2023-03-31,226.0
8934,U1893,2470,Built In Dishwasher,Kitchen,view,,0,2023-01-23,65.0
8935,U1193,4481,Window Air Conditioner,Climate,add_to_cart,,0,2023-12-19,
8936,U1087,1120,Central Air Conditioner,Climate,purchase,4.9,1,2024-12-08,
8937,U0810,3459,Fabric Shaver,Laundry,view,,0,2024-02-27,31.0
8938,U1006,1093,Smart Lock,Security,add_to_cart,,0,2024-11-10,
8939,U1224,3371,Electric Scooter Charger,Power,view,,0,2024-05-23,62.0
8940,U0180,4450,Central Air Conditioner,Climate,view,,0,2024-08-26,3.0
8941,U1279,259,Blu Ray Player,Entertainment,purchase,2.2,1,2024-08-12,
8942,U0507,2842,Home Automation Controller,Networking,view,,0,2023-02-12,23.0
8943,U1482,3734,Ice Maker,Kitchen,view,,0,2023-03-16,104.0
8944,U0002,86,Mini Fridge,Kitchen,view,,0,2024-02-05,122.0
8945,U0237,3958,Gas Stove,Kitchen,view,,0,2024-06-23,151.0
8946,U0055,4998,Hot Dog Maker,Kitchen,view,,0,2023-07-14,277.0
8947,U1350,2193,Door Intercom,Security,view,,0,2024-01-15,101.0
8948,U1957,2127,Tankless Water Heater,Bathroom,view,,0,2023-09-13,70.0
8949,U1154,4338,Lawn Mower,Tools,purchase,4.8,1,2024-07-18,
8950,U0170,3534,Handheld Vacuum,Cleaning,view,,0,2024-08-01,86.0
8951,U0606,2996,Bread Maker,Kitchen,add_to_cart,,0,2023-08-27,
8952,U1776,4721,Terrarium Heater,Pet,view,,0,2024-09-23,100.0
8953,U1844,3348,Built In Oven,Kitchen,add_to_cart,,0,2024-02-16,
8954,U1090,3015,Iron,Laundry,purchase,4.5,1,2024-01-12,
8955,U1525,4877,Toaster Oven,Kitchen,add_to_cart,,0,2023-07-01,
8956,U0678,1135,Smart Air Conditioner,Climate,add_to_cart,,0,2024-02-26,
8957,U1203,4709,Smart Lock,Security,view,,0,2023-10-24,220.0
8958,U0047,2391,Ice Crusher,Kitchen,purchase,4.7,1,2023-06-30,
8959,U0861,708,Smart Plug,Smart Home,purchase,4.3,1,2024-07-21,
8960,U0101,4577,Smart Refrigerator,Kitchen,add_to_cart,,0,2024-09-30,
8961,U0046,3267,Air Quality Monitor,Smart Home,view,,0,2023-01-09,18.0
8962,U1174,1434,Roti Maker,Kitchen,view,,0,2024-07-07,46.0
8963,U0275,2208,Lawn Mower,Tools,view,,0,2023-06-13,12.0
8964,U0212,2302,Lint Remover,Laundry,view,,0,2024-09-29,278.0
8965,U0015,4470,Attic Fan,Climate,purchase,4.1,1,2023-02-12,
8966,U0079,2340,Smoke Detector,Security,purchase,3.3,1,2023-10-30,
8967,U0719,1599,Air Cooler,Climate,add_to_cart,,0,2023-08-27,
8968,U0489,1103,Sous Vide Cooker,Kitchen,wishlist,3.8,0,2024-05-30,
8969,U1220,2754,Set Top Box,Entertainment,view,,0,2023-05-26,207.0
8970,U0592,2191,Weather Station,Smart Home,wishlist,4.1,0,2024-07-09,
8971,U1831,4631,Soundbar,Entertainment,view,,0,2023-08-12,136.0
8972,U0332,659,Electric Oven,Kitchen,view,,0,2023-08-08,127.0
8973,U0025,3831,Dehumidifier,Climate,add_to_cart,,0,2024-09-18,
8974,U0786,3639,Kitchen Chimney,Kitchen,view,,0,2023-03-09,7.0
8975,U0797,630,Food Dehydrator,Kitchen,purchase,5.0,1,2023-01-21,
8976,U1324,1599,Air Cooler,Climate,add_to_cart,,0,2024-11-17,
8977,U0740,4718,Electric Blanket,Personal Care,purchase,1.9,1,2024-09-27,
8978,U0517,3623,Dehumidifier,Climate,add_to_cart,,0,2024-08-24,
8979,U0235,2954,Home Sauna,Fitness,view,,0,2024-05-26,302.0
8980,U0695,806,Central Vacuum System,Cleaning,view,,0,2024-04-02,49.0
8981,U0149,2069,Aquarium Heater,Pet,view,,0,2024-12-18,76.0
8982,U0186,4837,Wine Cooler,Kitchen,view,,0,2024-04-25,422.0
8983,U0349,3148,Smart Plug,Smart Home,purchase,3.4,1,2024-08-27,
8984,U0706,3105,Video Doorbell,Security,view,,0,2024-10-08,119.0
8985,U1124,1515,Heating Pad,Personal Care,add_to_cart,,0,2024-03-09,
8986,U1750,730,Drip Coffee Maker,Kitchen,view,,0,2023-09-04,15.0
8987,U1514,2400,Smart Dryer,Laundry,purchase,3.6,1,2023-03-23,
8988,U1402,686,Emergency Light,Security,add_to_cart,,0,2023-11-20,
8989,U0216,4078,Smart Curtain Motor,Smart Home,view,,0,2023-04-13,37.0
8990,U1099,490,Smart Plug,Smart Home,add_to_cart,,0,2023-09-02,
8991,U1590,4613,Water Filter,Bathroom,purchase,4.0,1,2024-06-04,
8992,U0293,1009,Rice Cooker,Kitchen,view,,0,2023-03-13,23.0
8993,U1230,496,Floor Polisher,Cleaning,view,,0,2024-07-28,214.0
8994,U0494,4349,Crepe Maker,Kitchen,view,,0,2023-10-05,7.0
8995,U0139,1176,Juicer,Kitchen,view,,0,2024-05-29,45.0
8996,U0293,2275,Lint Remover,Laundry,view,,0,2024-02-09,6.0
8997,U0806,3991,Water Pump,Outdoor,purchase,2.7,1,2024-09-25,
8998,U1049,3169,Rice Cooker,Kitchen,purchase,3.1,1,2023-06-26,
8999,U0877,2030,Aquarium Heater,Pet,purchase,5.0,1,2023-11-04,
9000,U1182,1036,Hair Curler,Personal Care,view,,0,2024-09-24,70.0
9001,U0180,3642,Weather Station,Smart Home,purchase,5.0,1,2024-09-12,
9002,U1904,165,Wall Clock,Decor,view,,0,2023-10-10,103.0
9003,U1182,2293,Electric Toothbrush,Personal Care,wishlist,4.8,0,2023-05-11,
9004,U0596,621,Wine Cooler,Kitchen,view,,0,2024-01-10,189.0
9005,U0394,4306,Coffee Grinder,Kitchen,add_to_cart,,0,2024-08-23,
9006,U0201,2426,Smart Washer,Laundry,purchase,5.0,1,2024-07-29,
9007,U0629,4347,Air Quality Monitor,Smart Home,purchase,4.9,1,2024-09-29,
9008,U0234,1699,Range Hood,Kitchen,view,,0,2023-11-27,8.0
9009,U0936,1656,Range Hood,Kitchen,wishlist,4.4,0,2023-09-23,
9010,U0848,3455,Wall Clock,Decor,purchase,3.3,1,2023-07-04,
9011,U0908,4510,Sprinkler System,Tools,purchase,4.2,1,2023-04-23,
9012,U0508,1273,Treadmill,Fitness,view,,0,2023-02-24,3.0
9013,U1713,4118,Smart Bulb,Smart Home,view,,0,2024-01-14,183.0
9014,U0508,3405,Smart Plug,Smart Home,purchase,3.1,1,2024-01-14,
9015,U0352,413,Extension Cord,Power,view,,0,2024-02-27,172.0
9016,U0373,2423,Electric Blanket,Personal Care,purchase,2.3,1,2024-02-24,
9017,U0334,578,Kombucha Maker,Hobby,purchase,4.5,1,2024-05-29,
9018,U1210,2437,Hair Dryer,Personal Care,wishlist,4.8,0,2023-09-22,
9019,U0037,1960,Chainsaw,Tools,view,,0,2024-07-13,5.0
9020,U0031,3230,Electric Oven,Kitchen,view,,0,2024-01-07,45.0
9021,U0988,4834,Deep Fryer,Kitchen,wishlist,3.9,0,2023-09-15,
9022,U0207,300,Food Dehydrator,Kitchen,view,,0,2023-10-27,356.0
9023,U1634,641,Massage Chair,Personal Care,view,,0,2023-08-14,5.0
9024,U1431,246,Modem,Networking,purchase,4.7,1,2023-02-10,
9025,U0051,1046,Air Fryer,Kitchen,view,,0,2023-06-21,55.0
9026,U0440,1359,Iron,Laundry,view,,0,2024-03-16,73.0
9027,U1238,1241,Foot Massager,Personal Care,view,,0,2023-07-04,386.0
9028,U0759,177,Smart Plug,Smart Home,view,,0,2024-12-21,345.0
9029,U0775,186,Wall Clock,Decor,view,,0,2023-08-11,290.0
9030,U1004,4455,Steam Cleaner,Cleaning,view,,0,2024-12-08,382.0
9031,U0928,3881,Trash Compactor,Kitchen,add_to_cart,,0,2023-01-06,
9032,U0546,3015,Iron,Laundry,wishlist,3.2,0,2023-07-05,
9033,U1206,1337,Wine Cooler,Kitchen,view,,0,2024-10-08,134.0
9034,U1186,1369,Basement Dehumidifier,Outdoor,view,,0,2024-02-20,86.0
9035,U0835,3619,Smart TV,Entertainment,add_to_cart,,0,2024-08-15,
9036,U0405,3545,Smoke Detector,Security,view,,0,2024-08-07,15.0
9037,U1227,3342,Crepe Maker,Kitchen,wishlist,3.4,0,2023-12-18,
9038,U0991,1649,Smart Switch,Smart Home,view,,0,2023-12-05,145.0
9039,U1135,599,Pressure Washer,Cleaning,view,,0,2023-07-14,193.0
9040,U0215,4046,Electric Toothbrush,Personal Care,purchase,4.6,1,2023-10-18,
9041,U0860,2550,Smart Oven,Kitchen,view,,0,2024-08-30,152.0
9042,U0481,3683,Aquarium Heater,Pet,add_to_cart,,0,2023-01-04,
9043,U0477,2882,Hair Dryer,Personal Care,view,,0,2023-04-17,49.0
9044,U1276,2233,DVD Player,Entertainment,add_to_cart,,0,2024-02-04,
9045,U0917,1162,Handheld Vacuum,Cleaning,view,,0,2023-04-01,32.0
9046,U1304,3240,Pressure Washer,Cleaning,purchase,2.9,1,2024-12-28,
9047,U0555,792,Router,Networking,purchase,5.0,1,2024-04-22,
9048,U1128,2694,Milk Frother,Kitchen,purchase,4.2,1,2023-02-26,
9049,U0686,3214,Countertop Dishwasher,Cleaning,view,,0,2023-04-16,72.0
9050,U1963,32,Hand Mixer,Kitchen,view,,0,2024-08-03,193.0
9051,U0843,3018,Blender,Kitchen,purchase,3.3,1,2024-10-01,
9052,U0699,3662,Heating Pad,Personal Care,wishlist,3.6,0,2024-04-21,
9053,U1246,2418,Tankless Water Heater,Bathroom,purchase,3.2,1,2023-05-24,
9054,U0423,2560,Foot Massager,Personal Care,view,,0,2024-11-05,88.0
9055,U0712,3513,RO Purifier,Bathroom,view,,0,2023-10-11,361.0
9056,U0297,3129,Espresso Machine,Kitchen,view,,0,2023-09-11,155.0
9057,U1005,320,Portable Air Conditioner,Climate,view,,0,2024-08-24,183.0
9058,U0331,4659,Kegerator,Hobby,view,,0,2023-07-23,345.0
9059,U1357,4255,Handheld Vacuum,Cleaning,wishlist,5.0,0,2024-11-17,
9060,U1114,4494,Meat Grinder,Kitchen,purchase,4.8,1,2024-12-29,
9061,U0763,1344,Aquarium Heater,Pet,purchase,4.3,1,2024-03-31,
9062,U0711,2369,Door Intercom,Security,wishlist,5.0,0,2023-03-26,
9063,U0334,4843,Smart TV,Entertainment,add_to_cart,,0,2024-07-13,
9064,U0582,2148,Fan,Climate,view,,0,2024-05-26,81.0
9065,U0571,961,Electric Blanket,Personal Care,view,,0,2023-04-22,9.0
9066,U0658,4037,Meat Grinder,Kitchen,add_to_cart,,0,2023-07-31,
9067,U1297,4118,Smart Bulb,Smart Home,view,,0,2023-06-02,31.0
9068,U0585,4239,Air Quality Monitor,Smart Home,purchase,3.4,1,2023-01-16,
9069,U1338,4931,Slow Cooker,Kitchen,view,,0,2024-04-07,55.0
9070,U0590,252,Vacuum Cleaner,Cleaning,purchase,4.3,1,2024-08-10,
9071,U1402,2006,Home Automation Controller,Networking,view,,0,2024-01-15,122.0
9072,U1252,1494,Leaf Blower,Tools,purchase,3.1,1,2024-10-21,
9073,U0021,1185,Countertop Dishwasher,Cleaning,view,,0,2023-05-08,50.0
9074,U0133,4060,Speakers,Entertainment,add_to_cart,,0,2024-11-03,
9075,U1445,3015,Iron,Laundry,view,,0,2024-10-19,88.0
9076,U1860,1831,Panini Press,Kitchen,view,,0,2024-07-29,201.0
9077,U0741,3276,Weather Station,Smart Home,view,,0,2023-12-25,86.0
9078,U0151,4122,Water Flosser,Personal Care,add_to_cart,,0,2024-09-10,
9079,U0954,53,Smart Door Lock,Security,purchase,2.6,1,2023-05-05,
9080,U0544,3507,Foot Massager,Personal Care,view,,0,2024-09-15,24.0
9081,U1615,2076,Pet Feeder,Pet,wishlist,3.0,0,2023-12-26,
9082,U1419,4143,Terrarium Heater,Pet,view,,0,2023-05-22,48.0
9083,U0152,4574,Electric Kettle,Kitchen,purchase,5.0,1,2024-10-14,
9084,U0108,1809,Pet Feeder,Pet,purchase,5.0,1,2023-10-23,
9085,U0401,1287,Scanner,Tools,add_to_cart,,0,2024-01-11,
9086,U0358,34,Hot Dog Maker,Kitchen,view,,0,2024-03-22,77.0
9087,U0201,4403,Dishwasher,Cleaning,view,,0,2023-08-07,20.0
9088,U0305,439,Popcorn Maker,Kitchen,add_to_cart,,0,2023-05-11,
9089,U1096,2194,Central Vacuum System,Cleaning,view,,0,2023-11-02,277.0
9090,U1569,3727,Water Flosser,Personal Care,purchase,5.0,1,2024-09-10,
9091,U1396,3091,Window Cleaner Robot,Cleaning,wishlist,4.1,0,2023-05-05,
9092,U0537,2542,Mixer Grinder,Kitchen,add_to_cart,,0,2023-07-18,
9093,U0046,2854,Smart Air Conditioner,Climate,purchase,4.1,1,2023-08-09,
9094,U1691,9,Printer,Tools,purchase,4.3,1,2024-05-13,
9095,U1074,2831,Induction Cooktop,Kitchen,purchase,4.2,1,2024-08-09,
9096,U0166,2831,Induction Cooktop,Kitchen,view,,0,2023-07-26,240.0
9097,U0721,4736,Smart Curtain Motor,Smart Home,view,,0,2024-10-21,102.0
9098,U0268,4312,Hair Dryer,Personal Care,view,,0,2023-12-21,392.0
9099,U0440,3469,WiFi Extender,Networking,wishlist,4.3,0,2024-06-11,
9100,U1173,905,Electric Shaver,Personal Care,add_to_cart,,0,2023-12-16,
9101,U0037,96,Electric Shaver,Personal Care,view,,0,2024-02-11,622.0
9102,U1785,3665,Table Fan,Climate,add_to_cart,,0,2023-07-20,
9103,U1539,3057,Knitting Machine,Hobby,add_to_cart,,0,2023-09-23,
9104,U0194,3407,Electric Shaver,Personal Care,purchase,4.2,1,2024-01-18,
9105,U0506,4517,Vacuum Sealer,Kitchen,view,,0,2024-08-31,48.0
9106,U2000,1788,Smart Washer,Laundry,purchase,4.0,1,2023-08-27,
9107,U1594,3872,Steam Iron,Laundry,view,,0,2023-03-19,171.0
9108,U1922,2695,Video Doorbell,Security,view,,0,2024-04-26,39.0
9109,U0343,3274,Bladeless Fan,Climate,view,,0,2023-07-13,21.0
9110,U1579,165,Wall Clock,Decor,purchase,3.5,1,2023-05-25,
9111,U1358,4439,Chainsaw,Tools,purchase,4.1,1,2023-07-18,
9112,U1943,2191,Weather Station,Smart Home,wishlist,4.0,0,2024-05-10,
9113,U1284,4647,Printer,Tools,purchase,4.3,1,2023-07-30,
9114,U1275,3480,Slush Machine,Hobby,add_to_cart,,0,2023-04-23,
9115,U1694,3302,Epilator,Personal Care,add_to_cart,,0,2023-01-16,
9116,U0483,2129,Can Opener,Kitchen,add_to_cart,,0,2023-07-09,
9117,U0308,1834,Boot Warmer,Laundry,view,,0,2024-04-25,95.0
9118,U0233,4907,Air Cooler,Climate,add_to_cart,,0,2024-09-20,
9119,U0972,3002,Terrarium Heater,Pet,add_to_cart,,0,2024-02-13,
9120,U0125,3636,Router,Networking,add_to_cart,,0,2023-07-09,
9121,U1184,2726,Air Quality Monitor,Smart Home,wishlist,3.1,0,2024-02-10,
9122,U1595,1589,Mini Washing Machine,Laundry,add_to_cart,,0,2024-06-17,
9123,U0657,3726,Knitting Machine,Hobby,add_to_cart,,0,2024-11-20,
9124,U0732,2489,Drip Coffee Maker,Kitchen,add_to_cart,,0,2024-06-13,
9125,U1984,2174,Water Pump,Outdoor,add_to_cart,,0,2023-10-27,
9126,U0490,1302,Landline Phone,Smart Home,add_to_cart,,0,2024-10-25,
9127,U0486,1685,Aquarium Filter,Pet,view,,0,2023-11-17,277.0
9128,U0998,4658,Electric Drill,Tools,view,,0,2023-12-02,80.0
9129,U0319,105,Home Server,Networking,purchase,5.0,1,2023-08-19,
9130,U1293,2830,Smart Garage Door Opener,Security,wishlist,4.5,0,2024-02-21,
9131,U1596,3404,Foot Massager,Personal Care,view,,0,2024-10-25,192.0
9132,U1793,1464,Hair Dryer,Personal Care,view,,0,2023-05-30,58.0
9133,U0225,828,Label Maker,Tools,view,,0,2024-02-10,349.0
9134,U0824,437,Yogurt Maker,Kitchen,add_to_cart,,0,2024-03-31,
9135,U0846,3446,Gas Stove,Kitchen,view,,0,2024-09-13,81.0
9136,U1402,3605,Dishwasher,Cleaning,view,,0,2023-05-16,88.0
9137,U1516,2707,Clothes Dryer,Laundry,purchase,4.9,1,2023-01-10,
9138,U0196,2212,Angle Grinder,Tools,purchase,4.8,1,2023-11-19,
9139,U1094,2204,Cotton Candy Machine,Hobby,wishlist,4.9,0,2023-09-04,
9140,U1150,1621,Basement Dehumidifier,Outdoor,wishlist,4.9,0,2024-03-01,
9141,U1926,4643,Induction Cooktop,Kitchen,purchase,3.9,1,2024-10-19,
9142,U0279,4927,Misting Fan,Climate,wishlist,4.9,0,2024-06-28,
9143,U0931,878,Can Opener,Kitchen,view,,0,2023-12-22,118.0
9144,U1066,4719,Deep Fryer,Kitchen,purchase,4.9,1,2023-03-12,
9145,U1628,4816,Fabric Shaver,Laundry,add_to_cart,,0,2023-08-08,
9146,U0346,377,Air Quality Monitor,Smart Home,wishlist,3.4,0,2024-09-18,
9147,U1166,3462,Ice Maker,Kitchen,view,,0,2024-04-13,51.0
9148,U0701,4057,Water Heater,Bathroom,add_to_cart,,0,2024-12-14,
9149,U0759,1649,Smart Switch,Smart Home,view,,0,2023-10-10,768.0
9150,U1103,2432,Hot Plate,Kitchen,view,,0,2024-08-25,121.0
9151,U0222,3723,Window Cleaner Robot,Cleaning,purchase,2.3,1,2023-01-16,
9152,U1129,4608,Robot Vacuum,Cleaning,add_to_cart,,0,2024-11-04,
9153,U1878,4440,DVD Player,Entertainment,view,,0,2023-09-25,6.0
9154,U1762,1855,Electric Grill,Kitchen,add_to_cart,,0,2023-03-31,
9155,U0439,428,Rowing Machine,Fitness,view,,0,2023-09-29,199.0
9156,U1559,1652,Vacuum Cleaner,Cleaning,add_to_cart,,0,2023-12-30,
9157,U0233,564,Hair Straightener,Personal Care,purchase,1.9,1,2023-06-18,
9158,U0711,616,Sandwich Maker,Kitchen,view,,0,2023-09-30,49.0
9159,U0613,3794,Aquarium Filter,Pet,add_to_cart,,0,2024-06-06,
9160,U0726,2880,Handheld Vacuum,Cleaning,view,,0,2023-01-01,88.0
9161,U1592,2582,Meat Grinder,Kitchen,view,,0,2023-02-15,113.0
9162,U0702,220,Water Pump,Outdoor,purchase,4.0,1,2024-12-15,
9163,U1768,4498,Landline Phone,Smart Home,purchase,3.9,1,2023-01-20,
9164,U1791,4251,Mini Fridge,Kitchen,purchase,4.1,1,2023-04-01,
9165,U0328,606,Electric Blanket,Personal Care,view,,0,2023-08-26,397.0
9166,U1504,3713,Smart Refrigerator,Kitchen,view,,0,2024-07-24,56.0
9167,U0909,1612,Sandwich Maker,Kitchen,add_to_cart,,0,2023-02-11,
9168,U1342,4233,Power Strip,Power,add_to_cart,,0,2023-09-21,
9169,U0153,3635,Electric Shaver,Personal Care,view,,0,2023-05-01,2.0
9170,U0729,3668,Smart Refrigerator,Kitchen,purchase,4.1,1,2023-11-10,
9171,U1078,2622,Drip Coffee Maker,Kitchen,add_to_cart,,0,2024-02-11,
9172,U0041,697,Smart Plug,Smart Home,view,,0,2024-11-18,95.0
9173,U1508,3267,Air Quality Monitor,Smart Home,add_to_cart,,0,2024-05-29,
9174,U0821,3086,Weather Station,Smart Home,add_to_cart,,0,2024-01-16,
9175,U0754,4772,Massage Chair,Personal Care,purchase,2.3,1,2023-11-21,
9176,U0315,3798,Window Cleaner Robot,Cleaning,wishlist,3.9,0,2023-01-10,
9177,U1417,3930,Clothesline Dryer,Laundry,add_to_cart,,0,2023-12-11,
9178,U1346,3598,Digital Safe,Security,add_to_cart,,0,2023-08-19,
9179,U1428,3190,Extension Cord,Power,add_to_cart,,0,2023-04-25,
9180,U1737,964,Panini Press,Kitchen,add_to_cart,,0,2024-06-22,
9181,U0717,4931,Slow Cooker,Kitchen,wishlist,3.9,0,2023-11-23,
9182,U0385,2022,Hot Dog Maker,Kitchen,add_to_cart,,0,2024-06-18,
9183,U0483,3692,Pool Heater,Outdoor,purchase,2.9,1,2023-03-14,
9184,U1011,2251,Landline Phone,Smart Home,view,,0,2024-06-20,148.0
9185,U1868,1377,Door Intercom,Security,add_to_cart,,0,2024-07-05,
9186,U1225,2575,Humidifier,Climate,wishlist,3.9,0,2023-04-13,
9187,U1327,4991,Mini Washing Machine,Laundry,view,,0,2023-12-20,20.0
9188,U1913,1522,Electric Fireplace,Climate,view,,0,2024-02-08,189.0
9189,U1425,12,Wall Clock,Decor,purchase,4.2,1,2023-08-14,
9190,U0277,4519,Automatic Pet Water Fountain,Pet,purchase,3.4,1,2024-01-23,
9191,U1997,1093,Smart Lock,Security,add_to_cart,,0,2023-09-27,
9192,U1665,1896,Citrus Juicer,Kitchen,view,,0,2023-01-17,32.0
9193,U1176,389,Pool Pump,Outdoor,view,,0,2023-05-23,66.0
9194,U1727,438,Smart Hub,Networking,view,,0,2024-05-05,7.0
9195,U1397,2416,Massage Chair,Personal Care,view,,0,2024-04-04,30.0
9196,U0744,733,Range Hood,Kitchen,purchase,4.8,1,2023-08-14,
9197,U0552,3576,Massage Chair,Personal Care,add_to_cart,,0,2023-08-18,
9198,U0828,1759,Smart Plug,Smart Home,purchase,3.5,1,2024-12-12,
9199,U1287,760,Solo Microwave,Kitchen,view,,0,2024-09-23,12.0
9200,U1255,2295,Hot Plate,Kitchen,wishlist,5.0,0,2023-03-03,
9201,U0358,2747,Smart Hub,Networking,view,,0,2023-11-04,42.0
9202,U0449,438,Smart Hub,Networking,add_to_cart,,0,2023-08-05,
9203,U0298,3087,Electric Fireplace,Climate,purchase,3.2,1,2023-10-01,
9204,U1019,82,Home Server,Networking,view,,0,2024-08-26,216.0
9205,U1797,448,Electric Scooter Charger,Power,view,,0,2023-06-04,90.0
9206,U0664,2244,Geyser,Bathroom,view,,0,2024-05-18,80.0
9207,U1722,2614,Paper Shredder,Tools,purchase,4.4,1,2023-06-27,
9208,U1512,17,Built In Oven,Kitchen,view,,0,2024-12-02,67.0
9209,U0295,4948,Window Cleaner Robot,Cleaning,add_to_cart,,0,2023-12-16,
9210,U1550,4085,Air Conditioner,Climate,purchase,5.0,1,2024-03-11,
9211,U0496,2248,Dough Maker,Kitchen,add_to_cart,,0,2024-11-22,
9212,U0034,697,Smart Plug,Smart Home,purchase,3.6,1,2024-10-03,
9213,U1959,4742,Dehumidifier,Climate,view,,0,2024-02-20,8.0
9214,U1504,4949,Home Automation Controller,Networking,view,,0,2023-02-09,235.0
9215,U0514,3799,Scanner,Tools,purchase,4.5,1,2024-09-11,
9216,U0839,2678,Pressure Washer,Cleaning,purchase,4.6,1,2023-11-07,
9217,U0384,3342,Crepe Maker,Kitchen,wishlist,3.5,0,2024-01-22,
9218,U1110,3353,Bread Maker,Kitchen,view,,0,2023-11-07,23.0
9219,U0406,3343,Smart Speaker,Entertainment,view,,0,2023-11-25,244.0
9220,U1313,1436,Built In Oven,Kitchen,add_to_cart,,0,2023-06-14,
9221,U0608,1227,Hair Curler,Personal Care,add_to_cart,,0,2023-03-08,
9222,U0899,973,Citrus Juicer,Kitchen,purchase,2.7,1,2024-08-18,
9223,U0484,2135,Ice Maker,Kitchen,add_to_cart,,0,2023-05-23,
9224,U1702,2717,Exhaust Fan,Climate,add_to_cart,,0,2023-12-15,
9225,U1852,1539,Chainsaw,Tools,wishlist,3.2,0,2023-05-18,
9226,U0129,4341,Air Fryer,Kitchen,purchase,5.0,1,2023-01-15,
9227,U1045,3436,Freezer,Kitchen,add_to_cart,,0,2024-09-30,
9228,U0376,3296,Exhaust Fan,Climate,view,,0,2023-02-10,52.0
9229,U0140,657,Clock,Decor,view,,0,2023-10-19,219.0
9230,U1065,2014,3D Printer,Hobby,view,,0,2024-03-15,6.0
9231,U1715,1915,Angle Grinder,Tools,view,,0,2023-08-22,8.0
9232,U1525,4038,Smart Lock,Security,view,,0,2024-08-13,175.0
9233,U1665,4825,Electric Mop,Cleaning,purchase,4.9,1,2024-05-28,
9234,U0618,1223,Label Maker,Tools,view,,0,2023-08-11,151.0
9235,U1366,2844,Cooktop,Kitchen,add_to_cart,,0,2024-06-08,
9236,U1972,2353,Water Filter,Bathroom,view,,0,2024-12-28,19.0
9237,U0674,3016,Video Doorbell,Security,wishlist,3.3,0,2024-07-30,
9238,U1551,3148,Smart Plug,Smart Home,wishlist,3.8,0,2023-05-21,
9239,U1717,3725,Booster Pump,Outdoor,add_to_cart,,0,2024-11-17,
9240,U1626,454,WiFi Extender,Networking,view,,0,2023-04-11,352.0
9241,U1396,2776,Pet Feeder,Pet,purchase,2.2,1,2024-01-31,
9242,U0340,3770,Smart Switch,Smart Home,view,,0,2024-07-14,117.0
9243,U0496,2681,Induction Oven,Kitchen,wishlist,2.7,0,2023-12-22,
9244,U1337,2784,Fabric Shaver,Laundry,add_to_cart,,0,2023-08-18,
9245,U0194,1838,Water Flosser,Personal Care,view,,0,2024-09-02,7.0
9246,U1141,1497,Smart Hub,Networking,view,,0,2024-05-17,207.0
9247,U1451,1100,Smart Thermostat,Climate,view,,0,2023-08-10,350.0
9248,U1339,2109,Weather Station,Smart Home,add_to_cart,,0,2024-05-04,
9249,U1041,1584,Electric Stove,Kitchen,purchase,3.9,1,2023-08-27,
9250,U1689,1545,Solo Microwave,Kitchen,purchase,4.1,1,2024-07-13,
9251,U0642,219,Home Brewing Kit,Hobby,purchase,2.8,1,2023-04-29,
9252,U1495,424,Countertop Dishwasher,Cleaning,add_to_cart,,0,2023-12-31,
9253,U1066,2529,Space Heater,Climate,purchase,4.6,1,2024-04-03,
9254,U0088,1893,Electric Oven,Kitchen,view,,0,2023-06-19,138.0
9255,U0827,4270,Aquarium Heater,Pet,add_to_cart,,0,2023-11-08,
9256,U1306,4507,Gaming Console,Entertainment,add_to_cart,,0,2024-10-11,
9257,U1706,2797,Smart Bulb,Smart Home,purchase,5.0,1,2024-04-22,
9258,U0852,506,Egg Cooker,Kitchen,purchase,3.6,1,2023-07-09,
9259,U0176,750,Sandwich Maker,Kitchen,view,,0,2024-09-11,161.0
9260,U1166,109,Home Automation Controller,Networking,add_to_cart,,0,2023-04-28,
9261,U1087,2643,Electric Mop,Cleaning,purchase,5.0,1,2023-05-21,
9262,U0300,1731,Kegerator,Hobby,wishlist,3.3,0,2024-05-08,
9263,U0521,805,Infrared Sauna,Fitness,view,,0,2024-08-21,27.0
9264,U1466,1348,Pet Feeder,Pet,add_to_cart,,0,2023-06-19,
9265,U1974,1882,Terrarium Heater,Pet,add_to_cart,,0,2024-09-11,
9266,U1547,2761,Panini Press,Kitchen,view,,0,2023-02-08,41.0
9267,U1496,1166,Treadmill,Fitness,view,,0,2024-10-28,250.0
9268,U1700,642,Door Intercom,Security,purchase,5.0,1,2024-04-25,
9269,U1124,3526,Dishwasher,Cleaning,add_to_cart,,0,2024-03-08,
9270,U1917,4851,Security Camera,Security,add_to_cart,,0,2023-10-29,
9271,U0563,4865,Extension Cord,Power,add_to_cart,,0,2024-06-17,
9272,U1901,1968,Air Quality Monitor,Smart Home,add_to_cart,,0,2024-04-18,
9273,U0289,738,Electric Oven,Kitchen,view,,0,2023-04-23,70.0
9274,U0841,776,Iron,Laundry,wishlist,4.7,0,2024-12-09,
9275,U1705,1406,Cooktop,Kitchen,add_to_cart,,0,2024-03-03,
9276,U1079,3971,Can Opener,Kitchen,add_to_cart,,0,2023-11-30,
9277,U1287,2017,Pressure Washer,Cleaning,view,,0,2024-04-10,195.0
9278,U1227,2685,Electric Knife,Kitchen,view,,0,2023-02-11,89.0
9279,U0059,2699,Ceiling Fan,Climate,add_to_cart,,0,2023-05-30,
9280,U0506,1140,UV Water Purifier,Bathroom,purchase,3.1,1,2023-05-25,
9281,U1256,1142,Built In Oven,Kitchen,add_to_cart,,0,2024-05-24,
9282,U0467,1496,Voltage Stabilizer,Power,purchase,4.0,1,2023-11-15,
9283,U0024,140,Modem,Networking,add_to_cart,,0,2024-10-10,
9284,U1393,2788,Electric Scooter Charger,Power,view,,0,2024-03-02,50.0
9285,U0310,754,Handheld Vacuum,Cleaning,purchase,4.8,1,2023-05-16,
9286,U1731,886,Heater,Climate,view,,0,2024-03-24,109.0
9287,U1248,4370,Water Filter,Bathroom,add_to_cart,,0,2023-01-31,
9288,U0437,821,Label Maker,Tools,purchase,4.7,1,2024-06-16,
9289,U0873,1299,Electric Knife,Kitchen,view,,0,2024-11-25,113.0
9290,U0552,92,Handheld Vacuum,Cleaning,view,,0,2023-05-30,5.0
9291,U1125,3897,Hair Straightener,Personal Care,wishlist,5.0,0,2023-04-17,
9292,U0563,2162,Hair Dryer,Personal Care,view,,0,2023-10-01,35.0
9293,U0737,2150,Terrarium Heater,Pet,add_to_cart,,0,2023-12-31,
9294,U0930,2932,Hot Plate,Kitchen,purchase,5.0,1,2023-01-09,
9295,U0535,4314,Smoke Detector,Security,add_to_cart,,0,2023-03-23,
9296,U1291,1769,Towel Warmer,Bathroom,view,,0,2024-10-06,20.0
9297,U1710,839,Portable Dishwasher,Cleaning,view,,0,2023-11-30,125.0
9298,U0352,601,Carbon Monoxide Detector,Security,view,,0,2023-05-04,289.0
9299,U0654,1001,Pet Feeder,Pet,view,,0,2023-08-19,132.0
9300,U0412,80,Electric Knife,Kitchen,purchase,3.5,1,2023-04-21,
9301,U0726,1732,Hair Curler,Personal Care,add_to_cart,,0,2024-03-05,
9302,U0976,316,Streaming Device,Entertainment,purchase,4.9,1,2024-02-07,
9303,U0688,3621,Carpet Cleaner,Cleaning,purchase,4.2,1,2023-10-10,
9304,U1374,3154,Smart Door Lock,Security,purchase,4.8,1,2024-05-27,
9305,U0105,4352,Blu Ray Player,Entertainment,view,,0,2024-12-04,215.0
9306,U1440,4519,Automatic Pet Water Fountain,Pet,purchase,3.6,1,2023-05-10,
9307,U0049,3031,Water Dispenser,Kitchen,add_to_cart,,0,2024-01-02,
9308,U1381,4745,Pet Feeder,Pet,add_to_cart,,0,2024-04-02,
9309,U0221,1670,Electric Tandoor,Kitchen,purchase,4.6,1,2024-06-30,
9310,U1987,1795,Waffle Maker,Kitchen,add_to_cart,,0,2024-10-05,
9311,U0088,2110,Electric Knife,Kitchen,purchase,4.2,1,2023-07-20,
9312,U0734,1623,UV Water Purifier,Bathroom,purchase,3.8,1,2024-01-06,
9313,U0724,3948,Dishwasher,Cleaning,view,,0,2024-07-24,146.0
9314,U0600,2997,Jacuzzi Pump,Bathroom,view,,0,2023-04-17,142.0
9315,U0859,2445,Smart Dryer,Laundry,add_to_cart,,0,2023-01-06,
9316,U1246,911,Water Heater,Bathroom,view,,0,2024-10-01,176.0
9317,U1350,1144,Air Purifier,Climate,view,,0,2024-02-26,123.0
9318,U0213,2113,Leaf Blower,Tools,add_to_cart,,0,2023-11-26,
9319,U1332,1517,Slow Cooker,Kitchen,view,,0,2023-05-13,217.0
9320,U0127,2444,Misting Fan,Climate,purchase,4.7,1,2024-02-09,
9321,U1850,64,Stand Mixer,Kitchen,purchase,3.7,1,2024-09-30,
9322,U1073,3974,Baby Food Maker,Kitchen,add_to_cart,,0,2024-03-05,
9323,U1727,2316,Electric Blanket,Personal Care,view,,0,2024-04-12,190.0
9324,U1794,1969,Sewing Machine,Hobby,view,,0,2023-07-23,76.0
9325,U1450,3899,Automatic Pet Water Fountain,Pet,purchase,3.1,1,2024-01-21,
9326,U1474,785,Angle Grinder,Tools,purchase,3.3,1,2024-12-01,
9327,U0097,3111,Dough Maker,Kitchen,purchase,1.5,1,2024-05-22,
9328,U0085,3321,Air Fryer,Kitchen,view,,0,2024-02-11,118.0
9329,U0118,4641,Smart Thermostat,Climate,add_to_cart,,0,2023-08-22,
9330,U1150,1481,Heater,Climate,view,,0,2023-02-08,10.0
9331,U0090,667,Jacuzzi Pump,Bathroom,view,,0,2023-01-03,128.0
9332,U0216,3422,Jacuzzi Pump,Bathroom,view,,0,2024-02-10,110.0
9333,U0357,2812,Chapati Maker,Kitchen,add_to_cart,,0,2024-10-09,
9334,U1256,4286,Label Maker,Tools,wishlist,3.2,0,2024-03-30,
9335,U1402,1690,Clothesline Dryer,Laundry,view,,0,2023-06-24,7.0
9336,U1208,633,Countertop Dishwasher,Cleaning,purchase,5.0,1,2023-03-14,
9337,U1721,2373,3D Printer,Hobby,purchase,5.0,1,2024-02-18,
9338,U0788,384,Yogurt Maker,Kitchen,add_to_cart,,0,2024-05-14,
9339,U1526,225,Robot Vacuum,Cleaning,purchase,3.9,1,2024-12-28,
9340,U0664,1491,Kegerator,Hobby,view,,0,2024-10-19,42.0
9341,U0723,1157,Electric Blanket,Personal Care,wishlist,3.0,0,2024-02-18,
9342,U1581,32,Hand Mixer,Kitchen,add_to_cart,,0,2024-10-25,
9343,U0886,4475,Electric Skillet,Kitchen,purchase,3.0,1,2024-04-24,
9344,U1196,2135,Ice Maker,Kitchen,add_to_cart,,0,2023-01-18,
9345,U1298,3515,Electric Tandoor,Kitchen,view,,0,2023-01-17,66.0
9346,U1476,3066,Induction Cooktop,Kitchen,purchase,5.0,1,2024-03-16,
9347,U0440,4349,Crepe Maker,Kitchen,purchase,3.5,1,2023-07-09,
9348,U0317,3863,Trimmer,Personal Care,view,,0,2023-03-07,196.0
9349,U1939,4111,Pressure Washer,Cleaning,add_to_cart,,0,2024-10-04,
9350,U1891,675,Convection Microwave,Kitchen,wishlist,2.5,0,2023-01-12,
9351,U1661,1388,Air Cooler,Climate,wishlist,3.9,0,2023-04-30,
9352,U0002,371,Alarm Clock,Decor,wishlist,3.9,0,2023-04-23,
9353,U0264,2204,Cotton Candy Machine,Hobby,add_to_cart,,0,2024-09-27,
9354,U1265,4191,Smart Garage Door Opener,Security,wishlist,4.5,0,2023-05-02,
9355,U1865,961,Electric Blanket,Personal Care,purchase,5.0,1,2024-04-15,
9356,U1292,3051,Garbage Disposal,Kitchen,add_to_cart,,0,2023-01-21,
9357,U0649,27,Pet Feeder,Pet,wishlist,4.2,0,2024-06-03,
9358,U0310,4173,Induction Oven,Kitchen,view,,0,2023-12-10,98.0
9359,U1910,4390,Tower Fan,Climate,wishlist,4.9,0,2023-06-25,
9360,U1584,641,Massage Chair,Personal Care,purchase,4.1,1,2023-02-06,
9361,U1025,753,Jacuzzi Pump,Bathroom,view,,0,2023-02-05,42.0
9362,U1566,4629,Window Cleaner Robot,Cleaning,view,,0,2023-09-25,15.0
9363,U1084,662,Smoke Detector,Security,view,,0,2024-03-04,33.0
9364,U1002,4845,Boot Warmer,Laundry,view,,0,2023-11-24,5.0
9365,U0621,2211,Trash Compactor,Kitchen,view,,0,2024-04-09,4.0
9366,U1497,423,Pet Feeder,Pet,wishlist,3.4,0,2023-10-08,
9367,U0567,4738,Aquarium Filter,Pet,add_to_cart,,0,2023-02-16,
9368,U1158,2043,Freezer,Kitchen,purchase,4.6,1,2024-05-28,
9369,U0599,3337,Freezer,Kitchen,purchase,5.0,1,2024-03-09,
9370,U1873,2822,Soundbar,Entertainment,purchase,5.0,1,2023-07-22,
9371,U1696,2571,Wall Clock,Decor,view,,0,2024-09-26,73.0
9372,U1000,2035,Bottle Sterilizer,Kitchen,add_to_cart,,0,2024-07-10,
9373,U0058,916,Ice Cream Maker,Kitchen,view,,0,2023-11-27,47.0
9374,U0388,115,Hair Straightener,Personal Care,wishlist,4.1,0,2023-01-07,
9375,U1396,318,Smart Lock,Security,wishlist,4.1,0,2023-07-28,
9376,U0519,2093,Paper Shredder,Tools,add_to_cart,,0,2023-07-30,
9377,U1817,4776,Clock,Decor,view,,0,2024-09-03,97.0
9378,U0155,307,Electric Toothbrush,Personal Care,wishlist,3.4,0,2024-05-11,
9379,U0950,4428,Pet Feeder,Pet,view,,0,2024-12-15,32.0
9380,U0691,1344,Aquarium Heater,Pet,add_to_cart,,0,2024-08-24,
9381,U1081,3626,Exhaust Fan,Climate,add_to_cart,,0,2023-12-02,
9382,U0593,2680,Electric Vehicle Charger,Power,wishlist,3.8,0,2023-01-22,
9383,U0538,1267,Battery Charger,Power,wishlist,5.0,0,2024-02-04,
9384,U1507,4207,Clock,Decor,view,,0,2024-02-03,123.0
9385,U1330,1481,Heater,Climate,add_to_cart,,0,2024-02-10,
9386,U0009,714,Wall Clock,Decor,view,,0,2023-09-04,85.0
9387,U1284,4469,Digital Safe,Security,view,,0,2024-01-03,69.0
9388,U0087,3805,Air Quality Monitor,Smart Home,purchase,5.0,1,2023-11-07,
9389,U0980,3864,WiFi Extender,Networking,view,,0,2024-02-29,188.0
9390,U0676,823,Blender,Kitchen,view,,0,2023-09-01,132.0
9391,U0492,2931,Pool Heater,Outdoor,view,,0,2024-06-11,449.0
9392,U0318,4988,Air Conditioner,Climate,wishlist,4.9,0,2023-09-30,
9393,U1491,2959,Drip Coffee Maker,Kitchen,wishlist,3.6,0,2024-07-24,
9394,U0693,945,Smart Vacuum,Cleaning,view,,0,2024-04-24,81.0
9395,U1087,3006,Heating Pad,Personal Care,purchase,4.7,1,2024-01-14,
9396,U0842,4073,Mixer Grinder,Kitchen,purchase,5.0,1,2024-01-21,
9397,U1402,1091,Smart Bulb,Smart Home,view,,0,2023-01-03,220.0
9398,U0689,462,Handheld Vacuum,Cleaning,view,,0,2023-02-05,123.0
9399,U1161,3742,Rice Cooker,Kitchen,purchase,4.7,1,2024-11-27,
9400,U0198,1571,Pool Heater,Outdoor,view,,0,2024-08-28,146.0
9401,U1560,1012,Smart TV,Entertainment,add_to_cart,,0,2023-06-15,
9402,U0114,25,Foot Massager,Personal Care,view,,0,2024-04-03,133.0
9403,U1968,1046,Air Fryer,Kitchen,view,,0,2023-12-27,42.0
9404,U1252,4006,Electric Blanket,Personal Care,add_to_cart,,0,2023-06-27,
9405,U1859,1268,Convection Microwave,Kitchen,view,,0,2023-06-20,39.0
9406,U1205,4256,Pressure Washer,Cleaning,add_to_cart,,0,2024-01-10,
9407,U0834,1948,Floor Polisher,Cleaning,purchase,4.2,1,2024-07-02,
9408,U0905,1568,Popcorn Maker,Kitchen,add_to_cart,,0,2023-05-05,
9409,U1567,4274,Tower Fan,Climate,add_to_cart,,0,2023-08-25,
9410,U1332,1313,Pool Pump,Outdoor,wishlist,3.9,0,2023-07-17,
9411,U0971,3187,Deep Fryer,Kitchen,add_to_cart,,0,2024-10-31,
9412,U1344,572,Clothesline Dryer,Laundry,view,,0,2023-05-28,42.0
9413,U0977,2321,Tea Maker,Kitchen,view,,0,2023-07-21,176.0
9414,U1932,627,Sump Pump,Outdoor,purchase,4.4,1,2024-02-12,
9415,U1625,3153,Steam Cleaner,Cleaning,view,,0,2023-11-08,61.0
9416,U1756,1083,Built In Oven,Kitchen,purchase,3.5,1,2024-06-19,
9417,U1106,508,Carpet Cleaner,Cleaning,add_to_cart,,0,2024-06-09,
9418,U1738,2289,Electric Scooter Charger,Power,purchase,4.4,1,2024-06-26,
9419,U1322,2058,Hair Dryer,Personal Care,view,,0,2023-06-23,80.0
9420,U1332,380,CCTV System,Security,purchase,4.4,1,2024-10-04,
9421,U1644,3818,Garment Steamer,Laundry,wishlist,4.2,0,2023-11-27,
9422,U1854,2719,Vacuum Cleaner,Cleaning,add_to_cart,,0,2023-10-02,
9423,U0055,3485,Induction Oven,Kitchen,view,,0,2023-05-02,133.0
9424,U0771,1976,Sous Vide Cooker,Kitchen,view,,0,2024-07-25,288.0
9425,U0946,2123,Portable Air Conditioner,Climate,view,,0,2023-01-03,39.0
9426,U1781,200,Ice Crusher,Kitchen,add_to_cart,,0,2024-10-08,
9427,U1005,120,Smart Oven,Kitchen,view,,0,2024-05-12,67.0
9428,U1735,1990,Carpet Cleaner,Cleaning,purchase,3.2,1,2023-08-20,
9429,U1779,3134,Carbon Monoxide Detector,Security,view,,0,2023-05-27,15.0
9430,U0108,4255,Handheld Vacuum,Cleaning,add_to_cart,,0,2023-06-16,
9431,U0492,472,Pool Heater,Outdoor,view,,0,2023-07-09,47.0
9432,U0740,1679,Water Softener,Bathroom,view,,0,2024-06-15,33.0
9433,U0006,3455,Wall Clock,Decor,view,,0,2023-04-06,17.0
9434,U1831,1309,RO Purifier,Bathroom,purchase,3.3,1,2024-09-17,
9435,U1478,1897,UV Water Purifier,Bathroom,add_to_cart,,0,2024-06-22,
9436,U0395,1595,Mini Fridge,Kitchen,add_to_cart,,0,2024-12-22,
9437,U1329,1589,Mini Washing Machine,Laundry,view,,0,2023-08-04,285.0
9438,U1477,1676,Bread Maker,Kitchen,view,,0,2024-11-09,121.0
9439,U1760,2287,Freezer,Kitchen,wishlist,4.5,0,2024-03-04,
9440,U0594,1181,Smart Oven,Kitchen,add_to_cart,,0,2023-05-19,
9441,U1473,2515,Bidet Seat,Bathroom,purchase,3.9,1,2024-02-11,
9442,U1337,2812,Chapati Maker,Kitchen,purchase,4.4,1,2023-07-23,
9443,U1324,820,Smart Lock,Security,purchase,3.9,1,2024-05-12,
9444,U0402,4594,Air Fryer,Kitchen,view,,0,2023-08-19,44.0
9445,U0503,2458,Robot Vacuum,Cleaning,wishlist,2.7,0,2023-11-25,
9446,U1182,4122,Water Flosser,Personal Care,view,,0,2024-09-22,107.0
9447,U0177,472,Pool Heater,Outdoor,view,,0,2023-08-28,68.0
9448,U1402,3463,Home Automation Controller,Networking,view,,0,2023-09-24,172.0
9449,U1693,3030,Smart Plug,Smart Home,view,,0,2024-09-12,139.0
9450,U1924,1929,Weather Station,Smart Home,add_to_cart,,0,2023-05-04,
9451,U1760,2262,Air Quality Monitor,Smart Home,view,,0,2024-06-04,6.0
9452,U0444,2538,Solar Panel Inverter,Power,view,,0,2024-01-25,38.0
9453,U0042,4956,Electric Grill,Kitchen,purchase,1.9,1,2024-11-14,
9454,U0930,3474,Aquarium Heater,Pet,add_to_cart,,0,2023-10-31,
9455,U0064,726,Set Top Box,Entertainment,view,,0,2024-12-15,10.0
9456,U0126,1527,Weather Station,Smart Home,view,,0,2024-09-25,26.0
9457,U0100,4059,Home Server,Networking,view,,0,2023-09-17,23.0
9458,U1252,2106,Electric Fireplace,Climate,view,,0,2024-07-11,66.0
9459,U0504,3722,Air Quality Monitor,Smart Home,purchase,4.3,1,2024-01-25,
9460,U1177,4578,Hair Dryer,Personal Care,wishlist,4.5,0,2023-12-20,
9461,U0555,1574,Elliptical Trainer,Fitness,purchase,4.0,1,2023-04-22,
9462,U1490,385,Power Strip,Power,view,,0,2023-11-23,56.0
9463,U0048,4153,Electric Pressure Cooker,Kitchen,view,,0,2024-12-01,49.0
9464,U1324,1072,Automatic Pet Water Fountain,Pet,purchase,4.7,1,2023-04-01,
9465,U1497,3131,Electric Vehicle Charger,Power,view,,0,2023-03-05,34.0
9466,U0771,4367,Cold Press Juicer,Kitchen,purchase,3.9,1,2023-02-27,
9467,U1615,2667,Electric Shaver,Personal Care,view,,0,2023-02-01,13.0
9468,U1569,3733,Food Processor,Kitchen,purchase,4.1,1,2024-12-29,
9469,U0631,2390,Water Boiler,Kitchen,purchase,2.5,1,2023-03-29,
9470,U0728,1885,Home Brewing Kit,Hobby,add_to_cart,,0,2023-01-27,
9471,U1116,2404,WiFi Extender,Networking,view,,0,2024-12-10,773.0
9472,U0377,1024,Electric Stove,Kitchen,view,,0,2024-04-09,103.0
9473,U1029,803,Meat Grinder,Kitchen,purchase,2.9,1,2023-10-19,
9474,U1948,4271,Infrared Sauna,Fitness,purchase,3.5,1,2023-05-26,
9475,U0951,3640,Digital Photo Frame,Entertainment,view,,0,2024-06-10,81.0
9476,U1096,1360,Fermentation Crock,Hobby,add_to_cart,,0,2023-05-15,
9477,U1387,3994,Knitting Machine,Hobby,view,,0,2023-12-01,78.0
9478,U0379,4659,Kegerator,Hobby,view,,0,2024-02-06,86.0
9479,U0477,4712,Carpet Cleaner,Cleaning,view,,0,2024-09-16,44.0
9480,U0502,2846,Sous Vide Cooker,Kitchen,purchase,4.1,1,2023-10-25,
9481,U1285,4942,Soundbar,Entertainment,view,,0,2023-06-30,6.0
9482,U1111,420,Stand Mixer,Kitchen,add_to_cart,,0,2024-10-12,
9483,U0154,2286,Water Heater,Bathroom,wishlist,4.0,0,2024-01-24,
9484,U0969,3477,Tower Fan,Climate,view,,0,2024-10-20,180.0
9485,U1626,1181,Smart Oven,Kitchen,add_to_cart,,0,2023-01-14,
9486,U1030,1447,Garbage Disposal,Kitchen,add_to_cart,,0,2023-08-12,
9487,U0923,312,Tower Fan,Climate,view,,0,2024-08-09,46.0
9488,U1495,3666,Robot Vacuum,Cleaning,view,,0,2023-05-13,3.0
9489,U1750,3970,Water Boiler,Kitchen,add_to_cart,,0,2023-02-27,
9490,U1189,2581,Wall Clock,Decor,view,,0,2023-10-17,23.0
9491,U0573,3007,RO Purifier,Bathroom,view,,0,2023-02-09,215.0
9492,U0399,4599,Can Opener,Kitchen,add_to_cart,,0,2024-07-26,
9493,U0914,1330,Massage Chair,Personal Care,view,,0,2023-05-14,31.0
9494,U0917,2622,Drip Coffee Maker,Kitchen,add_to_cart,,0,2023-09-11,
9495,U1803,1074,Built In Refrigerator,Kitchen,purchase,5.0,1,2023-11-20,
9496,U0841,3033,Home Server,Networking,add_to_cart,,0,2024-03-16,
9497,U0043,1557,Sump Pump,Outdoor,purchase,4.2,1,2024-09-09,
9498,U0407,1068,Fan,Climate,purchase,3.4,1,2023-08-06,
9499,U1786,1629,Smart Plug,Smart Home,purchase,4.4,1,2024-07-04,
9500,U1586,1552,Espresso Machine,Kitchen,purchase,4.3,1,2023-09-30,
9501,U1619,2201,Angle Grinder,Tools,purchase,4.8,1,2024-02-01,
9502,U1454,903,Aquarium Filter,Pet,add_to_cart,,0,2024-06-08,
9503,U1418,274,Slow Cooker,Kitchen,view,,0,2023-08-13,126.0
9504,U0869,3893,Home Automation Controller,Networking,view,,0,2023-09-28,2.0
9505,U1594,3685,Air Purifier,Climate,add_to_cart,,0,2024-04-08,
9506,U1096,2905,Kombucha Maker,Hobby,add_to_cart,,0,2023-03-28,
9507,U0811,832,Washing Machine,Laundry,purchase,4.1,1,2023-11-26,
9508,U0982,3993,Modem,Networking,add_to_cart,,0,2024-08-03,
9509,U0541,2529,Space Heater,Climate,view,,0,2023-09-11,180.0
9510,U0636,4767,Milk Frother,Kitchen,add_to_cart,,0,2024-05-27,
9511,U0035,4465,Electric Tandoor,Kitchen,add_to_cart,,0,2023-11-08,
9512,U1001,3391,Milk Frother,Kitchen,purchase,3.5,1,2023-03-09,
9513,U0555,1046,Air Fryer,Kitchen,purchase,2.9,1,2024-11-05,
9514,U0608,3975,Handheld Vacuum,Cleaning,purchase,4.8,1,2023-11-13,
9515,U0830,1255,Exercise Bike,Fitness,view,,0,2024-07-01,97.0
9516,U0250,3471,Smart Vacuum,Cleaning,wishlist,1.5,0,2024-08-28,
9517,U0129,552,Refrigerator,Kitchen,wishlist,3.4,0,2024-08-14,
9518,U1308,2094,Electric Stove,Kitchen,add_to_cart,,0,2024-07-14,
9519,U1671,1030,Fan,Climate,view,,0,2024-08-16,52.0
9520,U0027,3261,Automatic Pet Water Fountain,Pet,purchase,3.0,1,2023-11-09,
9521,U0421,1624,Ice Cream Maker,Kitchen,view,,0,2023-06-08,153.0
9522,U0829,3675,Fan,Climate,purchase,4.0,1,2023-10-26,
9523,U1629,640,Egg Cooker,Kitchen,view,,0,2024-10-11,109.0
9524,U1235,3195,Massage Chair,Personal Care,purchase,4.3,1,2024-03-17,
9525,U1941,1376,Countertop Dishwasher,Cleaning,purchase,4.4,1,2023-08-12,
9526,U0704,1819,Refrigerator,Kitchen,wishlist,5.0,0,2023-01-18,
9527,U1446,551,Router,Networking,wishlist,4.5,0,2023-02-19,
9528,U1904,299,Door Intercom,Security,view,,0,2024-10-01,168.0
9529,U1570,4316,Smart Garage Door Opener,Security,purchase,5.0,1,2023-09-14,
9530,U1292,3120,Tea Maker,Kitchen,wishlist,4.9,0,2023-09-29,
9531,U0455,1490,Ceiling Fan,Climate,purchase,4.1,1,2023-06-27,
9532,U1806,4495,Clothes Dryer,Laundry,view,,0,2024-07-05,36.0
9533,U1384,3791,Window Air Conditioner,Climate,purchase,4.9,1,2024-02-24,
9534,U0709,642,Door Intercom,Security,purchase,4.4,1,2023-11-19,
9535,U0603,2834,Range Hood,Kitchen,view,,0,2023-02-04,103.0
9536,U0254,3897,Hair Straightener,Personal Care,purchase,4.7,1,2023-12-12,
9537,U1797,4607,Booster Pump,Outdoor,purchase,5.0,1,2023-08-03,
9538,U1914,2890,UPS,Power,view,,0,2023-03-13,166.0
9539,U0505,1652,Vacuum Cleaner,Cleaning,add_to_cart,,0,2024-01-27,
9540,U1918,2177,Shoe Dryer,Laundry,view,,0,2023-10-04,0.0
9541,U0928,302,Popcorn Maker,Kitchen,purchase,4.5,1,2024-12-17,
9542,U0996,3073,Electric Skillet,Kitchen,add_to_cart,,0,2023-03-03,
9543,U0117,1550,Cooktop,Kitchen,view,,0,2023-04-19,16.0
9544,U0633,3391,Milk Frother,Kitchen,purchase,3.4,1,2024-10-28,
9545,U0840,1868,Network Attached Storage,Networking,purchase,4.4,1,2023-10-09,
9546,U1420,4094,Roti Maker,Kitchen,view,,0,2024-08-13,94.0
9547,U1979,280,Smart Plug,Smart Home,wishlist,5.0,0,2023-06-26,
9548,U1642,1623,UV Water Purifier,Bathroom,add_to_cart,,0,2023-03-26,
9549,U1583,1426,Smart Hub,Networking,add_to_cart,,0,2024-02-19,
9550,U0433,227,RO Purifier,Bathroom,view,,0,2023-06-18,149.0
9551,U1067,2217,Hair Curler,Personal Care,view,,0,2023-07-20,105.0
9552,U1223,2637,Water Boiler,Kitchen,add_to_cart,,0,2023-01-24,
9553,U0042,7,Mixer Grinder,Kitchen,add_to_cart,,0,2024-09-10,
9554,U0197,268,Hand Mixer,Kitchen,add_to_cart,,0,2024-08-03,
9555,U0159,2755,Heating Pad,Personal Care,view,,0,2024-03-12,43.0
9556,U0276,3897,Hair Straightener,Personal Care,view,,0,2024-12-07,70.0
9557,U0728,164,Landline Phone,Smart Home,purchase,5.0,1,2023-08-27,
9558,U0090,3823,Epilator,Personal Care,add_to_cart,,0,2024-01-08,
9559,U1682,1481,Heater,Climate,purchase,5.0,1,2023-01-10,
9560,U1170,4510,Sprinkler System,Tools,wishlist,2.7,0,2024-01-02,
9561,U1263,946,Emergency Light,Security,view,,0,2023-01-09,196.0
9562,U1250,4115,Roti Maker,Kitchen,view,,0,2024-03-26,227.0
9563,U1613,50,Air Fryer,Kitchen,purchase,4.1,1,2024-05-02,
9564,U1346,321,Epilator,Personal Care,wishlist,3.9,0,2024-03-12,
9565,U0792,4177,Home Automation Controller,Networking,add_to_cart,,0,2023-08-23,
9566,U1844,4749,Smart Bulb,Smart Home,view,,0,2023-01-26,384.0
9567,U0581,3550,3D Printer,Hobby,view,,0,2023-08-19,218.0
9568,U0337,3994,Knitting Machine,Hobby,purchase,3.6,1,2024-05-01,
9569,U1119,4752,Portable Dishwasher,Cleaning,purchase,4.1,1,2023-05-22,
9570,U1187,3407,Electric Shaver,Personal Care,view,,0,2023-10-02,43.0
9571,U1981,2170,Panini Press,Kitchen,purchase,2.9,1,2024-09-15,
9572,U0679,1311,Epilator,Personal Care,purchase,4.0,1,2023-07-10,
9573,U1584,3261,Automatic Pet Water Fountain,Pet,view,,0,2024-11-06,181.0
9574,U0065,4734,Smart Garage Door Opener,Security,add_to_cart,,0,2024-09-28,
9575,U1431,417,Water Pump,Outdoor,view,,0,2024-12-06,347.0
9576,U1809,4590,Carpet Cleaner,Cleaning,view,,0,2023-10-25,10.0
9577,U0314,754,Handheld Vacuum,Cleaning,view,,0,2024-05-22,30.0
9578,U0737,4602,Aquarium Heater,Pet,add_to_cart,,0,2024-11-13,
9579,U2000,329,Can Opener,Kitchen,purchase,3.9,1,2024-11-24,
9580,U0870,1960,Chainsaw,Tools,view,,0,2024-04-09,14.0
9581,U0372,1697,Steam Cleaner,Cleaning,view,,0,2024-09-05,260.0
9582,U0066,3866,Smart Hub,Networking,purchase,4.1,1,2023-09-04,
9583,U1916,1046,Air Fryer,Kitchen,add_to_cart,,0,2023-01-26,
9584,U1963,978,Smart Curtain Motor,Smart Home,purchase,4.0,1,2024-04-08,
9585,U1945,2882,Hair Dryer,Personal Care,wishlist,3.4,0,2023-02-27,
9586,U0912,365,Milk Frother,Kitchen,view,,0,2024-04-04,228.0
9587,U0288,427,Fan,Climate,purchase,2.3,1,2023-08-20,
9588,U0343,2542,Mixer Grinder,Kitchen,view,,0,2023-07-21,667.0
9589,U0657,2406,Bladeless Fan,Climate,purchase,3.3,1,2024-07-16,
9590,U1351,4481,Window Air Conditioner,Climate,view,,0,2024-02-29,48.0
9591,U1443,1410,Electric Knife,Kitchen,view,,0,2023-04-19,113.0
9592,U1758,3998,Wall Clock,Decor,add_to_cart,,0,2024-10-08,
9593,U1084,1850,Vacuum Sealer,Kitchen,add_to_cart,,0,2023-06-08,
9594,U0193,831,Towel Warmer,Bathroom,view,,0,2024-08-06,58.0
9595,U0374,2244,Geyser,Bathroom,add_to_cart,,0,2023-11-15,
9596,U1894,2435,Aquarium Filter,Pet,purchase,3.7,1,2024-08-13,
9597,U0351,4594,Air Fryer,Kitchen,purchase,3.0,1,2023-08-23,
9598,U1460,313,Bread Maker,Kitchen,view,,0,2023-07-15,246.0
9599,U0971,2849,Projector,Entertainment,view,,0,2024-03-28,191.0
9600,U0794,164,Landline Phone,Smart Home,purchase,4.8,1,2024-10-20,
9601,U1257,3460,Electric Fireplace,Climate,purchase,4.4,1,2023-03-01,
9602,U0211,1938,Scanner,Tools,purchase,4.4,1,2023-10-22,
9603,U0721,4200,Window Cleaner Robot,Cleaning,purchase,4.6,1,2023-09-25,
9604,U0931,938,Smart Refrigerator,Kitchen,wishlist,4.4,0,2024-12-16,
9605,U1189,708,Smart Plug,Smart Home,purchase,4.4,1,2024-06-13,
9606,U0117,3226,Food Processor,Kitchen,view,,0,2023-03-10,173.0
9607,U1307,376,Trash Compactor,Kitchen,add_to_cart,,0,2023-03-27,
9608,U1451,3998,Wall Clock,Decor,purchase,2.3,1,2024-11-02,
9609,U0331,1243,Massager,Personal Care,add_to_cart,,0,2023-10-25,
9610,U1345,2310,Coffee Maker,Kitchen,view,,0,2023-07-07,3.0
9611,U0518,2254,Sprinkler System,Tools,wishlist,4.7,0,2023-01-13,
9612,U1879,306,Massager,Personal Care,view,,0,2024-07-08,28.0
9613,U0742,2664,Smart Bulb,Smart Home,view,,0,2024-04-24,33.0
9614,U0961,301,Window Cleaner Robot,Cleaning,purchase,2.6,1,2023-09-02,
9615,U1792,3188,Extension Cord,Power,view,,0,2024-03-25,61.0
9616,U1087,4908,Massage Chair,Personal Care,add_to_cart,,0,2023-10-15,
9617,U1628,2899,Grill Microwave,Kitchen,view,,0,2024-12-26,17.0
9618,U0608,2128,Pressure Washer,Cleaning,purchase,4.2,1,2024-02-03,
9619,U0553,2710,Electric Fireplace,Climate,view,,0,2023-08-04,37.0
9620,U1225,941,Electric Tandoor,Kitchen,view,,0,2024-06-28,2.0
9621,U0250,3476,Smart Refrigerator,Kitchen,view,,0,2023-11-26,104.0
9622,U1574,1135,Smart Air Conditioner,Climate,view,,0,2024-05-25,89.0
9623,U1952,1353,Steam Cleaner,Cleaning,add_to_cart,,0,2023-03-05,
9624,U0283,3041,Baby Food Maker,Kitchen,purchase,3.5,1,2024-04-11,
9625,U1505,2252,Electric Skillet,Kitchen,view,,0,2023-08-08,39.0
9626,U1602,3727,Water Flosser,Personal Care,view,,0,2023-12-23,364.0
9627,U1957,533,Food Processor,Kitchen,add_to_cart,,0,2024-07-22,
9628,U0774,4523,Water Heater,Bathroom,add_to_cart,,0,2023-06-02,
9629,U0756,1758,Modem,Networking,wishlist,4.1,0,2023-04-28,
9630,U0404,4433,Espresso Machine,Kitchen,purchase,3.4,1,2024-09-27,
9631,U0919,548,Paper Shredder,Tools,purchase,4.2,1,2024-04-09,
9632,U1063,252,Vacuum Cleaner,Cleaning,purchase,4.0,1,2023-11-24,
9633,U0785,964,Panini Press,Kitchen,view,,0,2023-03-11,431.0
9634,U0494,3999,Coffee Grinder,Kitchen,view,,0,2024-04-07,83.0
9635,U0673,4597,Mixer Grinder,Kitchen,view,,0,2024-11-08,106.0
9636,U1877,1720,Dough Maker,Kitchen,purchase,4.0,1,2024-12-09,
9637,U1873,1917,Streaming Device,Entertainment,purchase,4.6,1,2024-09-15,
9638,U0182,3933,Lint Remover,Laundry,view,,0,2023-06-07,10.0
9639,U1448,3650,UPS,Power,view,,0,2024-03-29,97.0
9640,U0094,3959,Induction Oven,Kitchen,view,,0,2024-03-03,53.0
9641,U1632,2055,Tankless Water Heater,Bathroom,wishlist,5.0,0,2023-12-27,
9642,U0743,3261,Automatic Pet Water Fountain,Pet,purchase,3.5,1,2024-05-08,
9643,U1432,3888,Misting Fan,Climate,wishlist,2.0,0,2024-04-16,
9644,U0283,2526,Treadmill,Fitness,purchase,3.3,1,2023-05-03,
9645,U0162,1963,Infrared Sauna,Fitness,purchase,4.1,1,2023-12-17,
9646,U0500,3993,Modem,Networking,add_to_cart,,0,2023-12-28,
9647,U1550,1796,Misting Fan,Climate,purchase,3.9,1,2023-07-15,
9648,U0787,1135,Smart Air Conditioner,Climate,wishlist,4.2,0,2023-06-08,
9649,U1022,1786,Steam Cleaner,Cleaning,view,,0,2023-06-01,183.0
9650,U0248,2523,Infrared Sauna,Fitness,wishlist,5.0,0,2023-08-31,
9651,U1656,4226,Power Strip,Power,view,,0,2023-10-30,18.0
9652,U0890,4126,Smoke Detector,Security,wishlist,4.3,0,2024-04-10,
9653,U1464,4692,Electric Oven,Kitchen,add_to_cart,,0,2024-10-26,
9654,U0314,4894,Pressure Washer,Cleaning,add_to_cart,,0,2024-05-07,
9655,U1085,1061,Chainsaw,Tools,purchase,3.3,1,2024-08-19,
9656,U1830,518,Electric Grill,Kitchen,view,,0,2024-06-26,86.0
9657,U0419,3346,Paper Shredder,Tools,view,,0,2024-01-07,18.0
9658,U0391,1436,Built In Oven,Kitchen,wishlist,4.4,0,2023-03-17,
9659,U0942,4059,Home Server,Networking,view,,0,2023-07-20,70.0
9660,U1346,2088,Pet Feeder,Pet,purchase,4.8,1,2024-06-16,
9661,U0424,2069,Aquarium Heater,Pet,view,,0,2023-06-04,156.0
9662,U0426,3678,Soundbar,Entertainment,view,,0,2024-08-13,62.0
9663,U1493,1564,Window Air Conditioner,Climate,wishlist,5.0,0,2023-04-07,
9664,U0812,4897,Dough Maker,Kitchen,add_to_cart,,0,2024-08-29,
9665,U0735,3586,Washer Dryer Combo,Laundry,view,,0,2024-08-11,305.0
9666,U0742,2627,Washing Machine,Laundry,purchase,4.3,1,2023-11-06,
9667,U0894,3242,OTG Oven,Kitchen,add_to_cart,,0,2024-07-20,
9668,U1400,964,Panini Press,Kitchen,view,,0,2024-10-08,203.0
9669,U0518,785,Angle Grinder,Tools,view,,0,2024-04-17,2.0
9670,U1824,2060,Alarm Clock,Decor,purchase,2.5,1,2024-12-17,
9671,U1853,1648,Kegerator,Hobby,add_to_cart,,0,2023-06-09,
9672,U0457,325,Vacuum Cleaner,Cleaning,view,,0,2024-09-09,285.0
9673,U1733,386,Trimmer,Personal Care,view,,0,2023-10-19,159.0
9674,U0108,4186,Epilator,Personal Care,purchase,4.3,1,2024-12-28,
9675,U1717,1959,Window Cleaner Robot,Cleaning,add_to_cart,,0,2023-12-02,
9676,U1743,286,Epilator,Personal Care,purchase,4.5,1,2023-01-16,
9677,U0275,323,Landline Phone,Smart Home,purchase,3.9,1,2023-06-29,
9678,U0745,3076,Pool Pump,Outdoor,view,,0,2023-04-15,64.0
9679,U1160,2755,Heating Pad,Personal Care,add_to_cart,,0,2024-07-23,
9680,U1377,960,Epilator,Personal Care,add_to_cart,,0,2023-05-31,
9681,U1215,2368,Blender,Kitchen,wishlist,4.2,0,2024-03-25,
9682,U0729,208,Smart Lock,Security,view,,0,2023-05-18,54.0
9683,U0795,439,Popcorn Maker,Kitchen,add_to_cart,,0,2023-09-09,
9684,U0762,4126,Smoke Detector,Security,view,,0,2024-10-06,27.0
9685,U0658,3250,Electric Tandoor,Kitchen,view,,0,2023-01-28,98.0
9686,U1437,1115,Soundbar,Entertainment,purchase,5.0,1,2023-08-02,
9687,U0256,823,Blender,Kitchen,view,,0,2023-11-12,194.0
9688,U1115,1779,Misting Fan,Climate,view,,0,2023-05-27,214.0
9689,U1394,2766,Water Dispenser,Kitchen,wishlist,3.9,0,2024-08-12,
9690,U0572,4439,Chainsaw,Tools,view,,0,2024-01-14,77.0
9691,U1592,2518,Hair Straightener,Personal Care,add_to_cart,,0,2023-04-15,
9692,U1964,4611,Aquarium Filter,Pet,add_to_cart,,0,2024-03-01,
9693,U0750,4159,Projector,Entertainment,purchase,4.1,1,2024-07-31,
9694,U1880,1622,Tea Maker,Kitchen,purchase,3.5,1,2023-12-29,
9695,U0772,2712,Water Flosser,Personal Care,view,,0,2024-03-04,26.0
9696,U0817,3163,Electric Shaver,Personal Care,purchase,4.3,1,2023-11-23,
9697,U1348,3638,Electric Skillet,Kitchen,purchase,3.3,1,2024-10-21,
9698,U0292,3519,Hot Dog Maker,Kitchen,view,,0,2024-09-13,25.0
9699,U0950,1455,Garbage Disposal,Kitchen,view,,0,2023-12-24,114.0
9700,U1621,3632,Air Quality Monitor,Smart Home,view,,0,2023-04-17,90.0
9701,U1150,4608,Robot Vacuum,Cleaning,purchase,3.4,1,2024-10-06,
9702,U1396,4856,WiFi Extender,Networking,view,,0,2023-12-30,142.0
9703,U0748,4571,Water Softener,Bathroom,view,,0,2024-08-20,43.0
9704,U0637,4285,Leaf Blower,Tools,view,,0,2024-09-05,205.0
9705,U0763,1978,Hair Dryer,Personal Care,add_to_cart,,0,2024-05-20,
9706,U1673,4918,Automatic Pet Water Fountain,Pet,view,,0,2023-09-04,4.0
9707,U0815,4222,Smart Refrigerator,Kitchen,view,,0,2023-12-10,11.0
9708,U0880,3041,Baby Food Maker,Kitchen,view,,0,2023-01-02,14.0
9709,U1184,4945,Network Attached Storage,Networking,purchase,4.4,1,2023-07-19,
9710,U0472,2504,Water Flosser,Personal Care,add_to_cart,,0,2023-07-14,
9711,U1051,1685,Aquarium Filter,Pet,add_to_cart,,0,2024-01-19,
9712,U1145,3209,Slush Machine,Hobby,view,,0,2024-03-08,124.0
9713,U1584,4568,Espresso Machine,Kitchen,add_to_cart,,0,2023-12-23,
9714,U0126,2778,Trash Compactor,Kitchen,view,,0,2024-06-30,241.0
9715,U0943,2244,Geyser,Bathroom,purchase,5.0,1,2024-04-30,
9716,U1021,4457,Trash Compactor,Kitchen,view,,0,2024-02-21,82.0
9717,U1438,2552,Citrus Juicer,Kitchen,purchase,4.3,1,2023-12-30,
9718,U1428,2155,Cold Press Juicer,Kitchen,add_to_cart,,0,2024-05-09,
9719,U0483,2365,Weather Station,Smart Home,wishlist,3.4,0,2024-02-19,
9720,U0626,4183,Water Flosser,Personal Care,view,,0,2024-04-07,97.0
9721,U0543,4050,Home Automation Controller,Networking,view,,0,2024-07-11,11.0
9722,U1609,581,Pet Feeder,Pet,view,,0,2023-12-01,3.0
9723,U1594,387,Electric Lunch Box,Kitchen,view,,0,2024-10-27,169.0
9724,U0627,2134,Massage Chair,Personal Care,view,,0,2024-04-17,115.0
9725,U0013,2271,Smart Plug,Smart Home,view,,0,2023-05-29,46.0
9726,U1435,1483,Window Cleaner Robot,Cleaning,purchase,3.2,1,2024-06-23,
9727,U1409,2580,WiFi Extender,Networking,purchase,5.0,1,2024-07-30,
9728,U1705,1343,Lint Remover,Laundry,view,,0,2023-11-25,119.0
9729,U0027,1841,Sandwich Maker,Kitchen,view,,0,2023-02-11,222.0
9730,U0814,3632,Air Quality Monitor,Smart Home,view,,0,2023-10-23,105.0
9731,U1938,4497,Smart Hub,Networking,view,,0,2023-02-08,165.0
9732,U0301,2694,Milk Frother,Kitchen,view,,0,2023-06-05,79.0
9733,U1456,3772,Modem,Networking,view,,0,2023-04-28,227.0
9734,U1336,474,Soundbar,Entertainment,purchase,3.6,1,2024-06-04,
9735,U1627,4657,Air Quality Monitor,Smart Home,view,,0,2024-08-12,119.0
9736,U0799,2033,Geyser,Bathroom,purchase,4.5,1,2023-08-10,
9737,U1177,4976,Panini Press,Kitchen,view,,0,2023-09-24,159.0
9738,U0011,1465,Handheld Vacuum,Cleaning,view,,0,2023-10-05,174.0
9739,U1110,2841,Bread Maker,Kitchen,add_to_cart,,0,2024-07-06,
9740,U0564,3953,Voltage Stabilizer,Power,wishlist,3.2,0,2023-02-22,
9741,U1812,1753,Smart Speaker,Entertainment,purchase,4.8,1,2024-06-18,
9742,U0484,4212,Pool Pump,Outdoor,purchase,2.8,1,2023-12-18,
9743,U0514,4678,Smart Washer,Laundry,view,,0,2023-03-08,52.0
9744,U0903,4871,Jacuzzi Pump,Bathroom,add_to_cart,,0,2024-07-30,
9745,U1041,546,Electric Mop,Cleaning,add_to_cart,,0,2024-11-26,
9746,U0133,527,Heating Pad,Personal Care,add_to_cart,,0,2024-09-24,
9747,U0935,2426,Smart Washer,Laundry,purchase,4.3,1,2024-04-21,
9748,U1327,3621,Carpet Cleaner,Cleaning,purchase,5.0,1,2023-03-25,
9749,U0366,3899,Automatic Pet Water Fountain,Pet,purchase,2.5,1,2023-02-21,
9750,U0648,4828,Grill Microwave,Kitchen,view,,0,2023-06-15,17.0
9751,U0748,2065,Portable Dishwasher,Cleaning,add_to_cart,,0,2024-12-28,
9752,U0907,1189,Smart Bulb,Smart Home,purchase,4.1,1,2023-07-10,
9753,U0198,3488,Sewing Machine,Hobby,view,,0,2023-06-27,217.0
9754,U0956,3370,Blender,Kitchen,add_to_cart,,0,2023-05-01,
9755,U0886,2074,Garage Door Motor,Outdoor,add_to_cart,,0,2024-03-08,
9756,U0127,75,Clock,Decor,purchase,3.6,1,2023-02-21,
9757,U1077,561,UV Water Purifier,Bathroom,view,,0,2023-12-19,156.0
9758,U1723,2068,Landline Phone,Smart Home,wishlist,4.1,0,2024-08-23,
9759,U0435,3032,Tankless Water Heater,Bathroom,view,,0,2023-06-24,35.0
9760,U0379,3057,Knitting Machine,Hobby,add_to_cart,,0,2023-09-23,
9761,U0815,3003,Smart Bulb,Smart Home,view,,0,2023-12-05,208.0
9762,U1807,1302,Landline Phone,Smart Home,purchase,3.3,1,2024-08-28,
9763,U1191,3922,Cold Press Juicer,Kitchen,view,,0,2023-07-11,209.0
9764,U1303,3454,Sprinkler System,Tools,view,,0,2024-08-08,81.0
9765,U1477,4279,Iron,Laundry,view,,0,2023-08-11,124.0
9766,U0809,3015,Iron,Laundry,view,,0,2023-12-10,323.0
9767,U0195,3194,Label Maker,Tools,add_to_cart,,0,2024-05-27,
9768,U0159,2271,Smart Plug,Smart Home,purchase,4.5,1,2024-06-06,
9769,U0622,2645,Wall Clock,Decor,add_to_cart,,0,2023-08-03,
9770,U1484,4020,Space Heater,Climate,add_to_cart,,0,2023-05-15,
9771,U1021,57,Toaster,Kitchen,add_to_cart,,0,2024-02-01,
9772,U0679,2564,Alarm System,Security,view,,0,2023-08-01,139.0
9773,U0937,915,Induction Oven,Kitchen,view,,0,2024-02-24,73.0
9774,U1802,2282,Roti Maker,Kitchen,view,,0,2023-10-17,205.0
9775,U0257,1095,Electric Oven,Kitchen,purchase,4.3,1,2024-09-14,
9776,U0412,1503,Can Opener,Kitchen,view,,0,2024-03-12,237.0
9777,U0654,2421,Water Heater,Bathroom,view,,0,2023-12-28,76.0
9778,U1306,2664,Smart Bulb,Smart Home,purchase,3.2,1,2023-10-27,
9779,U0216,1667,Heating Pad,Personal Care,wishlist,4.7,0,2024-07-07,
9780,U1993,733,Range Hood,Kitchen,view,,0,2023-08-13,308.0
9781,U0721,1776,Cotton Candy Machine,Hobby,add_to_cart,,0,2023-10-12,
9782,U0569,537,Hair Straightener,Personal Care,view,,0,2024-09-13,96.0
9783,U1572,3849,Citrus Juicer,Kitchen,purchase,2.9,1,2023-09-03,
9784,U0348,2812,Chapati Maker,Kitchen,purchase,4.2,1,2024-06-30,
9785,U1675,372,Food Dehydrator,Kitchen,add_to_cart,,0,2023-12-01,
9786,U1994,1008,Smart Washer,Laundry,view,,0,2024-09-23,13.0
9787,U1947,1728,Built In Refrigerator,Kitchen,add_to_cart,,0,2023-08-16,
9788,U1119,4635,Clothesline Dryer,Laundry,purchase,4.2,1,2024-07-10,
9789,U1849,4734,Smart Garage Door Opener,Security,add_to_cart,,0,2023-07-17,
9790,U1382,2365,Weather Station,Smart Home,view,,0,2024-07-27,45.0
9791,U1469,2765,Induction Cooktop,Kitchen,purchase,4.4,1,2023-06-22,
9792,U0983,1457,Terrarium Heater,Pet,purchase,3.1,1,2023-11-03,
9793,U1783,3070,Massager,Personal Care,purchase,4.7,1,2024-02-08,
9794,U1686,3228,Dough Maker,Kitchen,add_to_cart,,0,2023-05-30,
9795,U1036,1897,UV Water Purifier,Bathroom,purchase,4.7,1,2023-03-04,
9796,U0553,4047,Geyser,Bathroom,purchase,5.0,1,2024-09-16,
9797,U1897,4255,Handheld Vacuum,Cleaning,add_to_cart,,0,2024-09-14,
9798,U0974,522,Pool Heater,Outdoor,add_to_cart,,0,2023-03-21,
9799,U1197,2842,Home Automation Controller,Networking,view,,0,2024-06-10,36.0
9800,U0020,94,Subwoofer,Entertainment,wishlist,4.5,0,2023-08-12,
9801,U1951,670,Smart Thermostat,Climate,view,,0,2023-08-03,45.0
9802,U0695,2349,Pressure Washer,Cleaning,view,,0,2023-08-25,49.0
9803,U0252,2171,Home Automation Controller,Networking,add_to_cart,,0,2023-05-12,
9804,U0219,3931,Humidifier,Climate,purchase,4.2,1,2023-11-04,
9805,U1581,906,Window Air Conditioner,Climate,add_to_cart,,0,2023-04-22,
9806,U1938,1855,Electric Grill,Kitchen,add_to_cart,,0,2023-07-24,
9807,U1122,1230,Hair Curler,Personal Care,view,,0,2024-07-20,94.0
9808,U0101,2025,Induction Oven,Kitchen,view,,0,2024-02-11,237.0
9809,U1634,1494,Leaf Blower,Tools,purchase,3.9,1,2023-10-21,
9810,U0131,2035,Bottle Sterilizer,Kitchen,view,,0,2024-04-01,66.0
9811,U0131,563,Panini Press,Kitchen,view,,0,2024-03-02,294.0
9812,U0830,4644,Handheld Vacuum,Cleaning,view,,0,2023-01-02,67.0
9813,U0045,2757,Angle Grinder,Tools,purchase,4.7,1,2023-01-30,
9814,U0207,2988,Water Heater,Bathroom,add_to_cart,,0,2023-08-16,
9815,U0313,1918,Foot Massager,Personal Care,view,,0,2023-10-06,106.0
9816,U1517,887,Coffee Maker,Kitchen,view,,0,2024-09-10,47.0
9817,U0674,135,Smart Lock,Security,view,,0,2024-10-04,308.0
9818,U0428,4660,Ice Maker,Kitchen,purchase,2.0,1,2024-04-19,
9819,U0441,1297,Home Sauna,Fitness,add_to_cart,,0,2024-07-12,
9820,U1708,3845,Home Sauna,Fitness,purchase,4.7,1,2023-03-14,
9821,U1897,1363,Electric Kettle,Kitchen,add_to_cart,,0,2024-01-09,
9822,U0202,3215,Sump Pump,Outdoor,purchase,3.3,1,2024-03-22,
9823,U0138,1837,Portable Dishwasher,Cleaning,purchase,2.8,1,2024-04-15,
9824,U0443,364,RO Purifier,Bathroom,wishlist,4.5,0,2023-02-14,
9825,U1119,611,Air Fryer,Kitchen,add_to_cart,,0,2024-02-05,
9826,U0001,1762,Food Dehydrator,Kitchen,view,,0,2024-11-01,233.0
9827,U0221,1714,Speakers,Entertainment,view,,0,2024-01-25,20.0
9828,U0321,1289,Smart Garage Door Opener,Security,purchase,5.0,1,2023-11-02,
9829,U0821,4549,Router,Networking,view,,0,2024-02-04,30.0
9830,U1036,2070,Towel Warmer,Bathroom,purchase,4.9,1,2024-05-14,
9831,U0363,2450,Laminator,Tools,add_to_cart,,0,2024-02-14,
9832,U1589,2557,Clothesline Dryer,Laundry,view,,0,2024-05-11,26.0
9833,U1197,4828,Grill Microwave,Kitchen,add_to_cart,,0,2023-12-30,
9834,U1074,728,Water Boiler,Kitchen,view,,0,2024-07-26,80.0
9835,U1170,1693,Handheld Vacuum,Cleaning,add_to_cart,,0,2024-12-10,
9836,U0825,3898,Bottle Sterilizer,Kitchen,wishlist,5.0,0,2023-12-07,
9837,U1997,2055,Tankless Water Heater,Bathroom,purchase,5.0,1,2023-10-09,
9838,U0233,1850,Vacuum Sealer,Kitchen,view,,0,2024-01-21,208.0
9839,U0968,2773,Water Boiler,Kitchen,view,,0,2024-10-27,42.0
9840,U1762,4838,Portable Air Conditioner,Climate,add_to_cart,,0,2023-07-05,
9841,U1666,4100,Projector,Entertainment,view,,0,2023-12-28,28.0
9842,U1193,3478,Basement Dehumidifier,Outdoor,purchase,3.9,1,2023-05-15,
9843,U1201,4258,Handheld Vacuum,Cleaning,view,,0,2023-02-13,218.0
9844,U1306,75,Clock,Decor,add_to_cart,,0,2024-01-11,
9845,U0133,3491,Smart Garage Door Opener,Security,purchase,3.8,1,2024-01-20,
9846,U0245,85,DVD Player,Entertainment,purchase,3.8,1,2024-09-20,
9847,U1878,85,DVD Player,Entertainment,purchase,4.9,1,2024-06-03,
9848,U0678,2764,Hot Dog Maker,Kitchen,purchase,4.1,1,2023-03-09,
9849,U0559,2486,Leaf Blower,Tools,wishlist,4.9,0,2023-06-20,
9850,U1048,600,Electric Toothbrush,Personal Care,view,,0,2023-04-06,230.0
9851,U1210,3131,Electric Vehicle Charger,Power,add_to_cart,,0,2023-10-24,
9852,U0814,3689,Exhaust Fan,Climate,view,,0,2024-05-10,0.0
9853,U1453,1252,WiFi Extender,Networking,view,,0,2024-02-11,134.0
9854,U1601,3142,Smart Garage Door Opener,Security,add_to_cart,,0,2024-09-11,
9855,U1209,4453,Home Theater System,Entertainment,purchase,3.4,1,2024-04-18,
9856,U0094,4624,Elliptical Trainer,Fitness,add_to_cart,,0,2023-02-11,
9857,U0042,1779,Misting Fan,Climate,purchase,4.4,1,2023-05-19,
9858,U0534,3033,Home Server,Networking,add_to_cart,,0,2023-08-10,
9859,U1245,2297,Trimmer,Personal Care,view,,0,2023-10-26,507.0
9860,U1250,4956,Electric Grill,Kitchen,view,,0,2024-08-21,276.0
9861,U0824,1567,Bladeless Fan,Climate,view,,0,2023-06-13,86.0
9862,U0553,3445,Electric Fireplace,Climate,add_to_cart,,0,2024-09-19,
9863,U0487,2751,Citrus Juicer,Kitchen,view,,0,2023-10-27,10.0
9864,U0876,3020,Cotton Candy Machine,Hobby,purchase,5.0,1,2023-12-05,
9865,U0269,2553,Pool Heater,Outdoor,purchase,1.7,1,2024-08-01,
9866,U1979,363,Pressure Washer,Cleaning,purchase,4.6,1,2024-12-14,
9867,U0823,973,Citrus Juicer,Kitchen,purchase,3.7,1,2023-03-15,
9868,U1720,4312,Hair Dryer,Personal Care,view,,0,2023-04-18,344.0
9869,U1361,1842,Humidifier,Climate,view,,0,2024-04-26,238.0
9870,U0624,2960,Smart Plug,Smart Home,view,,0,2023-10-14,42.0
9871,U1052,137,Knitting Machine,Hobby,view,,0,2024-01-25,154.0
9872,U0472,2698,Mini Fridge,Kitchen,wishlist,4.5,0,2023-07-25,
9873,U1631,2128,Pressure Washer,Cleaning,view,,0,2024-09-19,340.0
9874,U1447,1538,Portable Air Conditioner,Climate,view,,0,2024-06-17,24.0
9875,U1905,4990,Garment Steamer,Laundry,add_to_cart,,0,2023-04-16,
9876,U0366,2610,Massager,Personal Care,wishlist,3.4,0,2023-05-11,
9877,U0071,3893,Home Automation Controller,Networking,purchase,3.1,1,2024-03-31,
9878,U0838,4852,Tankless Water Heater,Bathroom,add_to_cart,,0,2023-08-27,
9879,U1258,3405,Smart Plug,Smart Home,purchase,2.9,1,2024-01-14,
9880,U0042,2900,Toaster,Kitchen,view,,0,2024-08-19,136.0
9881,U0962,2094,Electric Stove,Kitchen,add_to_cart,,0,2024-03-31,
9882,U0184,3977,Central Vacuum System,Cleaning,wishlist,4.0,0,2023-08-27,
9883,U0739,4584,Hedge Trimmer,Tools,view,,0,2024-08-27,0.0
9884,U1338,4180,Electric Kettle,Kitchen,view,,0,2024-04-11,527.0
9885,U0576,4791,Alarm Clock,Decor,view,,0,2024-02-07,375.0
9886,U0311,4164,Chainsaw,Tools,wishlist,4.0,0,2023-01-17,
9887,U0729,4050,Home Automation Controller,Networking,add_to_cart,,0,2024-08-24,
9888,U0753,2926,Smart Plug,Smart Home,wishlist,4.1,0,2023-11-16,
9889,U0990,1846,Toaster Oven,Kitchen,purchase,4.5,1,2024-04-05,
9890,U1469,4426,Window Air Conditioner,Climate,add_to_cart,,0,2024-06-05,
9891,U1486,1269,Pet Feeder,Pet,add_to_cart,,0,2024-04-11,
9892,U1536,4721,Terrarium Heater,Pet,view,,0,2024-09-01,86.0
9893,U1753,1384,Robot Vacuum,Cleaning,purchase,5.0,1,2023-12-19,
9894,U1243,778,Lawn Mower,Tools,add_to_cart,,0,2024-06-14,
9895,U1682,12,Wall Clock,Decor,add_to_cart,,0,2024-10-13,
9896,U1975,1926,Video Doorbell,Security,purchase,4.9,1,2023-04-30,
9897,U0589,1137,Crepe Maker,Kitchen,view,,0,2023-12-07,20.0
9898,U0692,4633,Tea Maker,Kitchen,view,,0,2023-01-22,21.0
9899,U1958,2997,Jacuzzi Pump,Bathroom,wishlist,4.5,0,2024-11-26,
9900,U0143,1216,RO Purifier,Bathroom,view,,0,2024-05-23,38.0
9901,U0656,2275,Lint Remover,Laundry,view,,0,2023-03-17,33.0
9902,U1029,4003,Electric Blanket,Personal Care,view,,0,2023-10-14,417.0
9903,U0684,3995,Sandwich Maker,Kitchen,add_to_cart,,0,2023-06-03,
9904,U0700,2302,Lint Remover,Laundry,wishlist,2.0,0,2023-02-11,
9905,U1641,1941,Home Automation Controller,Networking,view,,0,2024-08-10,95.0
9906,U0734,2934,Washing Machine,Laundry,purchase,5.0,1,2023-10-17,
9907,U1374,4361,Landline Phone,Smart Home,view,,0,2023-06-30,60.0
9908,U0745,4269,Pool Pump,Outdoor,view,,0,2024-10-06,95.0
9909,U0665,3894,Alarm System,Security,view,,0,2023-07-06,219.0
9910,U0905,2668,Clothes Dryer,Laundry,wishlist,4.6,0,2023-09-08,
9911,U1137,4240,Smart Door Lock,Security,purchase,3.0,1,2023-01-21,
9912,U0398,2139,Hair Curler,Personal Care,wishlist,4.0,0,2023-07-19,
9913,U1241,3920,Trimmer,Personal Care,purchase,3.2,1,2023-01-19,
9914,U1673,1483,Window Cleaner Robot,Cleaning,add_to_cart,,0,2024-10-28,
9915,U1026,365,Milk Frother,Kitchen,view,,0,2024-10-24,89.0
9916,U0079,4457,Trash Compactor,Kitchen,purchase,3.0,1,2024-03-24,
9917,U1770,2834,Range Hood,Kitchen,view,,0,2023-08-06,160.0
9918,U1501,1655,Cold Press Juicer,Kitchen,view,,0,2023-12-21,46.0
9919,U0588,3513,RO Purifier,Bathroom,purchase,4.2,1,2024-12-15,
9920,U1599,4363,Bottle Sterilizer,Kitchen,view,,0,2024-12-09,166.0
9921,U1106,3736,Dishwasher,Cleaning,view,,0,2024-02-08,94.0
9922,U0887,2334,Humidifier,Climate,add_to_cart,,0,2023-01-30,
9923,U0025,4761,Angle Grinder,Tools,view,,0,2023-03-25,289.0
9924,U0501,4223,Chainsaw,Tools,add_to_cart,,0,2023-11-04,
9925,U0364,4658,Electric Drill,Tools,add_to_cart,,0,2023-01-12,
9926,U0128,4926,Tea Maker,Kitchen,view,,0,2024-02-18,105.0
9927,U0325,1465,Handheld Vacuum,Cleaning,add_to_cart,,0,2023-09-20,
9928,U0839,3549,UPS,Power,view,,0,2023-09-13,469.0
9929,U0258,4928,Built In Oven,Kitchen,add_to_cart,,0,2023-11-29,
9930,U0436,3185,Yogurt Maker,Kitchen,view,,0,2024-09-15,116.0
9931,U0796,2629,Air Purifier,Climate,purchase,2.8,1,2024-06-30,
9932,U1061,1918,Foot Massager,Personal Care,add_to_cart,,0,2024-10-28,
9933,U0566,1339,Router,Networking,add_to_cart,,0,2024-11-11,
9934,U1328,4729,Printer,Tools,view,,0,2024-06-07,445.0
9935,U0542,1837,Portable Dishwasher,Cleaning,add_to_cart,,0,2023-11-11,
9936,U1001,3823,Epilator,Personal Care,purchase,4.1,1,2024-04-27,
9937,U0859,539,Bathroom Exhaust Fan,Bathroom,purchase,4.1,1,2024-07-20,
9938,U1280,1457,Terrarium Heater,Pet,view,,0,2023-06-27,2.0
9939,U1060,2632,Hot Plate,Kitchen,add_to_cart,,0,2023-11-02,
9940,U1124,3971,Can Opener,Kitchen,purchase,5.0,1,2023-03-10,
9941,U0527,3472,Door Intercom,Security,view,,0,2023-11-12,791.0
9942,U0082,111,Hair Straightener,Personal Care,wishlist,4.3,0,2023-06-29,
9943,U0704,2860,Smart Plug,Smart Home,view,,0,2024-03-30,47.0
9944,U0789,3239,Waffle Maker,Kitchen,view,,0,2024-08-16,252.0
9945,U1263,3163,Electric Shaver,Personal Care,view,,0,2024-12-28,56.0
9946,U1100,322,Garment Steamer,Laundry,purchase,4.1,1,2023-07-28,
9947,U0045,92,Handheld Vacuum,Cleaning,add_to_cart,,0,2023-09-15,
9948,U0576,323,Landline Phone,Smart Home,purchase,5.0,1,2023-12-21,
9949,U1204,932,Central Vacuum System,Cleaning,wishlist,2.9,0,2023-10-06,
9950,U0154,2565,Automatic Pet Water Fountain,Pet,purchase,3.4,1,2024-01-20,
9951,U0841,4111,Pressure Washer,Cleaning,view,,0,2024-11-03,56.0
9952,U1802,2041,Central Air Conditioner,Climate,wishlist,3.5,0,2023-05-26,
9953,U1993,4017,Electric Drill,Tools,purchase,4.5,1,2024-03-17,
9954,U1968,4970,Smart Bulb,Smart Home,wishlist,5.0,0,2023-10-19,
9955,U1027,3119,Paper Shredder,Tools,wishlist,2.8,0,2023-07-02,
9956,U0091,1420,Geyser,Bathroom,view,,0,2023-06-04,257.0
9957,U0179,4282,Kombucha Maker,Hobby,wishlist,3.8,0,2024-10-23,
9958,U0772,486,Vacuum Sealer,Kitchen,view,,0,2024-11-25,229.0
9959,U0412,4398,Set Top Box,Entertainment,view,,0,2023-01-30,139.0
9960,U0055,3785,Leaf Blower,Tools,purchase,3.6,1,2024-04-06,
9961,U1969,1377,Door Intercom,Security,view,,0,2023-01-13,524.0
9962,U1233,1573,Clothesline Dryer,Laundry,wishlist,3.6,0,2023-03-18,
9963,U0926,4960,Aquarium Filter,Pet,view,,0,2024-08-19,61.0
9964,U0774,3821,Video Doorbell,Security,add_to_cart,,0,2024-01-31,
9965,U1088,4387,Jacuzzi Pump,Bathroom,view,,0,2023-03-04,235.0
9966,U0874,2340,Smoke Detector,Security,purchase,3.9,1,2023-10-03,
9967,U1768,4366,Washer Dryer Combo,Laundry,view,,0,2024-06-24,125.0
9968,U0946,928,Smart Oven,Kitchen,purchase,3.4,1,2024-09-09,
9969,U0525,3886,Basement Dehumidifier,Outdoor,purchase,4.2,1,2024-12-12,
9970,U1617,4408,Laminator,Tools,purchase,4.4,1,2023-07-29,
9971,U0519,2018,Home Server,Networking,wishlist,3.4,0,2023-01-03,
9972,U1442,1202,Waffle Maker,Kitchen,wishlist,4.6,0,2023-09-06,
9973,U0869,4837,Wine Cooler,Kitchen,wishlist,4.5,0,2023-01-04,
9974,U0121,1697,Steam Cleaner,Cleaning,wishlist,5.0,0,2024-02-08,
9975,U0610,2098,Slow Cooker,Kitchen,purchase,4.4,1,2024-03-25,
9976,U0498,3302,Epilator,Personal Care,view,,0,2023-12-21,69.0
9977,U1984,1004,Emergency Light,Security,add_to_cart,,0,2023-08-21,
9978,U1891,1126,Door Intercom,Security,view,,0,2024-09-04,150.0
9979,U1023,4568,Espresso Machine,Kitchen,purchase,4.8,1,2023-09-21,
9980,U0723,1805,Bladeless Fan,Climate,wishlist,4.1,0,2024-05-25,
9981,U1775,1601,Humidifier,Climate,purchase,4.7,1,2023-12-26,
9982,U1710,2267,Carpet Cleaner,Cleaning,view,,0,2023-06-19,116.0
9983,U0082,1149,Landline Phone,Smart Home,view,,0,2024-11-16,60.0
9984,U0785,96,Electric Shaver,Personal Care,add_to_cart,,0,2023-06-15,
9985,U0979,4186,Epilator,Personal Care,purchase,4.3,1,2023-06-16,
9986,U0491,4002,Blu Ray Player,Entertainment,view,,0,2023-01-03,266.0
9987,U0138,2465,Lint Remover,Laundry,view,,0,2023-05-19,44.0
9988,U0480,391,Electric Pressure Cooker,Kitchen,purchase,3.6,1,2024-01-07,
9989,U1938,766,Massage Chair,Personal Care,view,,0,2024-04-03,116.0
9990,U0019,3758,Hedge Trimmer,Tools,purchase,2.7,1,2024-10-31,
9991,U1735,957,Exhaust Fan,Climate,purchase,3.4,1,2023-02-25,
9992,U0588,1332,Aquarium Heater,Pet,view,,0,2024-06-06,144.0
9993,U1851,852,Electric Knife,Kitchen,view,,0,2023-10-11,87.0
9994,U1237,2580,WiFi Extender,Networking,purchase,5.0,1,2023-12-27,
9995,U1066,4297,Misting Fan,Climate,view,,0,2023-09-04,10.0
9996,U1853,2090,Ice Cream Maker,Kitchen,purchase,2.9,1,2023-09-14,
9997,U1294,4252,Clock,Decor,add_to_cart,,0,2024-10-03,
9998,U0054,3846,Electric Blanket,Personal Care,add_to_cart,,0,2023-06-24,
9999,U0400,4803,Floor Polisher,Cleaning,view,,0,2023-10-02,511.0
10000,U0884,3353,Bread Maker,Kitchen,wishlist,5.0,0,2023-05-31,
10001,U1654,2087,Electric Toothbrush,Personal Care,purchase,3.8,1,2024-10-24,
10002,U1950,2241,Wall Clock,Decor,add_to_cart,,0,2024-01-29,
10003,U0166,3086,Weather Station,Smart Home,purchase,5.0,1,2024-08-05,
10004,U0005,1600,Smoke Detector,Security,view,,0,2023-12-31,60.0
10005,U1532,339,Microwave Oven,Kitchen,view,,0,2024-03-06,73.0
10006,U0897,3895,Alarm Clock,Decor,add_to_cart,,0,2023-10-22,
10007,U1466,2744,Automatic Pet Water Fountain,Pet,purchase,4.2,1,2023-05-06,
10008,U0576,789,Induction Oven,Kitchen,purchase,4.5,1,2023-06-17,
10009,U0481,2549,Water Flosser,Personal Care,wishlist,4.8,0,2024-02-23,
10010,U0297,3672,Vacuum Cleaner,Cleaning,purchase,3.1,1,2024-09-18,
10011,U0321,98,Lawn Mower,Tools,purchase,3.6,1,2023-03-26,
10012,U1610,1882,Terrarium Heater,Pet,view,,0,2024-12-30,5.0
10013,U0016,3487,Built In Microwave,Kitchen,view,,0,2024-05-15,35.0
10014,U1573,1783,Epilator,Personal Care,view,,0,2023-08-27,40.0
10015,U0859,96,Electric Shaver,Personal Care,view,,0,2024-05-27,9.0
10016,U1456,1599,Air Cooler,Climate,wishlist,4.6,0,2024-06-13,
10017,U0244,4958,Electric Toothbrush,Personal Care,purchase,4.3,1,2023-02-15,
10018,U1446,1521,Electric Fireplace,Climate,purchase,4.8,1,2023-02-18,
10019,U1613,1143,Convection Microwave,Kitchen,wishlist,3.7,0,2023-08-12,
10020,U1789,3887,Kegerator,Hobby,add_to_cart,,0,2024-07-07,
10021,U1415,105,Home Server,Networking,view,,0,2023-06-03,13.0
10022,U0216,4363,Bottle Sterilizer,Kitchen,view,,0,2024-08-31,182.0
10023,U0941,4980,Smart Curtain Motor,Smart Home,purchase,3.6,1,2024-09-28,
10024,U1939,2399,Carpet Cleaner,Cleaning,view,,0,2024-06-17,131.0
10025,U0486,1588,Electric Drill,Tools,add_to_cart,,0,2023-04-15,
10026,U0730,2053,Exercise Bike,Fitness,view,,0,2023-07-16,48.0
10027,U1765,4893,Modem,Networking,add_to_cart,,0,2024-03-08,
10028,U0592,4048,Chapati Maker,Kitchen,add_to_cart,,0,2023-10-30,
10029,U1573,2024,Chainsaw,Tools,purchase,3.7,1,2023-05-02,
10030,U1952,3516,Countertop Dishwasher,Cleaning,wishlist,3.4,0,2024-10-10,
10031,U1324,1844,Automatic Pet Water Fountain,Pet,purchase,2.0,1,2023-12-27,
10032,U0600,2946,Electric Mop,Cleaning,add_to_cart,,0,2023-11-16,
10033,U1696,2458,Robot Vacuum,Cleaning,view,,0,2024-09-28,83.0
10034,U1123,1751,WiFi Extender,Networking,add_to_cart,,0,2024-04-25,
10035,U1290,430,Bottle Sterilizer,Kitchen,purchase,4.6,1,2024-12-01,
10036,U0543,811,Geyser,Bathroom,view,,0,2024-02-13,215.0
10037,U0469,2462,Hair Curler,Personal Care,add_to_cart,,0,2024-10-27,
10038,U1966,2719,Vacuum Cleaner,Cleaning,purchase,3.1,1,2023-11-29,
10039,U1905,3028,Angle Grinder,Tools,add_to_cart,,0,2024-09-29,
10040,U0282,4737,Foot Massager,Personal Care,view,,0,2024-11-18,57.0
10041,U1464,1446,Towel Warmer,Bathroom,view,,0,2023-01-01,313.0
10042,U1967,1666,Washer Dryer Combo,Laundry,view,,0,2024-09-28,44.0
10043,U0736,3120,Tea Maker,Kitchen,wishlist,5.0,0,2024-01-02,
10044,U0672,4623,Pet Feeder,Pet,add_to_cart,,0,2023-08-28,
10045,U0162,2215,DVD Player,Entertainment,wishlist,2.2,0,2023-02-21,
10046,U0201,2022,Hot Dog Maker,Kitchen,purchase,5.0,1,2023-08-21,
10047,U0872,1600,Smoke Detector,Security,add_to_cart,,0,2024-08-10,
10048,U1946,3031,Water Dispenser,Kitchen,view,,0,2024-06-22,110.0
10049,U0901,1939,Smart Switch,Smart Home,view,,0,2023-11-15,5.0
10050,U1098,4740,Landline Phone,Smart Home,wishlist,3.7,0,2023-06-10,
10051,U1466,2838,Basement Dehumidifier,Outdoor,purchase,4.5,1,2024-12-24,
10052,U0692,4577,Smart Refrigerator,Kitchen,add_to_cart,,0,2023-08-11,
10053,U0021,2076,Pet Feeder,Pet,view,,0,2024-06-12,113.0
10054,U0767,3405,Smart Plug,Smart Home,purchase,3.2,1,2023-10-31,
10055,U0719,4884,Handheld Vacuum,Cleaning,view,,0,2023-12-15,87.0
10056,U0609,973,Citrus Juicer,Kitchen,purchase,3.7,1,2024-12-14,
10057,U0592,2384,Clock,Decor,view,,0,2023-05-17,271.0
10058,U1201,4405,Weather Station,Smart Home,view,,0,2023-02-09,37.0
10059,U1889,3014,Rowing Machine,Fitness,add_to_cart,,0,2024-08-13,
10060,U1077,1238,Freezer,Kitchen,purchase,4.0,1,2024-08-11,
10061,U1867,2220,Smart Oven,Kitchen,purchase,4.4,1,2024-02-21,
10062,U0507,578,Kombucha Maker,Hobby,view,,0,2024-10-10,198.0
10063,U1182,2935,Trimmer,Personal Care,add_to_cart,,0,2023-02-18,
10064,U0115,4375,Power Strip,Power,purchase,5.0,1,2024-10-11,
10065,U0352,1289,Smart Garage Door Opener,Security,purchase,5.0,1,2024-05-14,
10066,U0359,2738,Cotton Candy Machine,Hobby,view,,0,2023-11-24,10.0
10067,U1064,4611,Aquarium Filter,Pet,purchase,5.0,1,2023-05-17,
10068,U0732,919,Smart Door Lock,Security,view,,0,2024-04-09,57.0
10069,U0535,2667,Electric Shaver,Personal Care,view,,0,2023-05-15,40.0
10070,U0119,3961,Roti Maker,Kitchen,purchase,2.8,1,2024-05-20,
10071,U1571,4709,Smart Lock,Security,view,,0,2024-01-30,5.0
10072,U1641,1936,Yogurt Maker,Kitchen,view,,0,2024-02-13,126.0
10073,U0409,3777,Table Fan,Climate,purchase,4.5,1,2024-05-03,
10074,U0410,660,Speakers,Entertainment,view,,0,2024-01-23,73.0
10075,U1050,3234,Smart Garage Door Opener,Security,purchase,4.7,1,2023-08-27,
10076,U1260,3095,Window Cleaner Robot,Cleaning,view,,0,2023-09-15,50.0
10077,U1613,1451,Hot Dog Maker,Kitchen,purchase,3.3,1,2023-12-17,
10078,U1970,4979,Knitting Machine,Hobby,purchase,3.6,1,2023-09-05,
10079,U0636,4475,Electric Skillet,Kitchen,add_to_cart,,0,2024-07-24,
10080,U0925,1437,Aquarium Filter,Pet,view,,0,2023-01-21,100.0
10081,U1657,3794,Aquarium Filter,Pet,wishlist,3.6,0,2024-10-07,
10082,U0095,246,Modem,Networking,view,,0,2024-03-15,60.0
10083,U0531,2050,Cooktop,Kitchen,wishlist,3.0,0,2024-07-18,
10084,U0652,446,Clock,Decor,view,,0,2024-10-01,92.0
10085,U1879,260,Home Theater System,Entertainment,add_to_cart,,0,2023-10-01,
10086,U0455,4625,Smart Hub,Networking,view,,0,2023-12-11,152.0
10087,U0541,3077,Electric Skillet,Kitchen,purchase,3.0,1,2023-11-28,
10088,U1241,472,Pool Heater,Outdoor,purchase,4.5,1,2024-01-26,
10089,U0731,4949,Home Automation Controller,Networking,purchase,5.0,1,2023-08-14,
10090,U0601,3059,Landline Phone,Smart Home,purchase,4.7,1,2024-10-20,
10091,U1930,2008,Smart Vacuum,Cleaning,view,,0,2024-08-05,584.0
10092,U1336,87,Digital Safe,Security,view,,0,2023-04-26,178.0
10093,U0441,541,Electric Tandoor,Kitchen,view,,0,2023-02-10,50.0
10094,U0391,3040,Hot Plate,Kitchen,view,,0,2024-11-03,27.0
10095,U1457,3371,Electric Scooter Charger,Power,purchase,4.4,1,2024-04-15,
10096,U0234,4362,Electric Oven,Kitchen,purchase,3.5,1,2024-06-22,
10097,U1250,3006,Heating Pad,Personal Care,wishlist,4.5,0,2023-06-27,
10098,U0646,1684,Mini Washing Machine,Laundry,view,,0,2024-07-18,119.0
10099,U1897,4570,Blender,Kitchen,add_to_cart,,0,2023-02-17,
10100,U0343,1172,Voltage Stabilizer,Power,view,,0,2023-07-03,212.0
10101,U0353,2546,Steam Cleaner,Cleaning,purchase,4.3,1,2023-01-18,
10102,U1747,4461,Range Hood,Kitchen,add_to_cart,,0,2023-05-19,
10103,U0978,2492,Chapati Maker,Kitchen,add_to_cart,,0,2023-09-06,
10104,U1029,2926,Smart Plug,Smart Home,add_to_cart,,0,2024-06-03,
10105,U0644,3293,Aquarium Heater,Pet,purchase,5.0,1,2024-02-15,
10106,U1937,3276,Weather Station,Smart Home,wishlist,4.5,0,2023-05-17,
10107,U0299,4034,Wall Clock,Decor,purchase,3.5,1,2024-02-21,
10108,U1666,286,Epilator,Personal Care,view,,0,2023-08-16,131.0
10109,U1142,537,Hair Straightener,Personal Care,view,,0,2023-10-04,21.0
10110,U0611,32,Hand Mixer,Kitchen,purchase,5.0,1,2024-01-31,
10111,U0773,2845,Electric Vehicle Charger,Power,wishlist,3.6,0,2024-07-10,
10112,U0915,2798,Central Air Conditioner,Climate,view,,0,2024-08-27,75.0
10113,U1218,2889,Pool Heater,Outdoor,add_to_cart,,0,2023-01-05,
10114,U1922,955,Aquarium Heater,Pet,wishlist,3.4,0,2023-10-16,
10115,U1481,3591,Electric Skillet,Kitchen,purchase,3.9,1,2024-10-24,
10116,U0222,2741,Aquarium Filter,Pet,wishlist,4.3,0,2023-01-02,
10117,U1327,1560,Hair Curler,Personal Care,add_to_cart,,0,2024-07-30,
10118,U0215,3668,Smart Refrigerator,Kitchen,add_to_cart,,0,2023-05-23,
10119,U1480,2802,Terrarium Heater,Pet,view,,0,2024-02-29,152.0
10120,U0724,3042,Door Intercom,Security,view,,0,2023-04-25,139.0
10121,U1632,3301,Hot Dog Maker,Kitchen,view,,0,2024-08-11,243.0
10122,U1576,2541,Solar Panel Inverter,Power,view,,0,2023-06-04,80.0
10123,U0615,3789,Smart Switch,Smart Home,view,,0,2023-05-20,64.0
10124,U1468,4088,Video Doorbell,Security,purchase,3.9,1,2024-12-17,
10125,U1395,2268,Rowing Machine,Fitness,view,,0,2023-08-02,3.0
10126,U1607,411,Scanner,Tools,view,,0,2024-06-06,1.0
10127,U1305,597,Home Server,Networking,add_to_cart,,0,2023-03-23,
10128,U0048,3067,Projector,Entertainment,add_to_cart,,0,2024-12-08,
10129,U1102,2076,Pet Feeder,Pet,purchase,4.4,1,2024-03-20,
10130,U1347,342,Hair Curler,Personal Care,view,,0,2024-01-11,100.0
10131,U1331,2041,Central Air Conditioner,Climate,purchase,4.6,1,2023-05-14,
10132,U0970,2856,DVD Player,Entertainment,view,,0,2024-07-17,0.0
10133,U1816,1969,Sewing Machine,Hobby,view,,0,2023-05-18,61.0
10134,U1345,2220,Smart Oven,Kitchen,purchase,4.4,1,2023-02-11,
10135,U0487,741,Hair Dryer,Personal Care,purchase,3.7,1,2024-09-17,
10136,U0124,1055,Carpet Cleaner,Cleaning,wishlist,4.3,0,2023-11-12,
10137,U0292,2070,Towel Warmer,Bathroom,add_to_cart,,0,2024-09-10,
10138,U0999,1269,Pet Feeder,Pet,view,,0,2023-06-05,33.0
10139,U1034,785,Angle Grinder,Tools,view,,0,2023-04-15,47.0
10140,U1485,2202,Hedge Trimmer,Tools,add_to_cart,,0,2024-06-05,
10141,U0971,4589,Blu Ray Player,Entertainment,add_to_cart,,0,2023-04-22,
10142,U0326,3405,Smart Plug,Smart Home,add_to_cart,,0,2023-06-01,
10143,U1628,722,3D Printer,Hobby,purchase,3.0,1,2024-04-22,
10144,U1265,2862,Air Conditioner,Climate,view,,0,2023-06-11,105.0
10145,U0641,4474,Projector,Entertainment,view,,0,2023-02-17,45.0
10146,U0877,611,Air Fryer,Kitchen,purchase,4.1,1,2024-04-13,
10147,U0577,3539,Water Pump,Outdoor,view,,0,2023-11-26,176.0
10148,U0853,4530,Ice Maker,Kitchen,purchase,4.8,1,2023-11-08,
10149,U1886,2617,Bathroom Exhaust Fan,Bathroom,add_to_cart,,0,2024-06-01,
10150,U0115,1472,Slow Cooker,Kitchen,purchase,5.0,1,2023-09-13,
10151,U1383,206,Handheld Vacuum,Cleaning,purchase,2.6,1,2023-04-27,
10152,U1964,3683,Aquarium Heater,Pet,purchase,4.3,1,2023-05-20,
10153,U0247,1445,Built In Oven,Kitchen,purchase,2.0,1,2023-04-28,
10154,U0396,1225,Range Hood,Kitchen,view,,0,2023-07-23,7.0
10155,U0291,1845,Subwoofer,Entertainment,purchase,4.0,1,2023-05-28,
10156,U0072,2180,Clothes Dryer,Laundry,wishlist,3.1,0,2023-04-23,
10157,U1425,3562,Electric Shaver,Personal Care,add_to_cart,,0,2024-04-13,
10158,U0948,2951,Television,Entertainment,add_to_cart,,0,2024-12-07,
10159,U1323,16,Smart Switch,Smart Home,add_to_cart,,0,2024-02-20,
10160,U0666,3224,Fermentation Crock,Hobby,view,,0,2024-12-15,46.0
10161,U0221,1499,Projector,Entertainment,add_to_cart,,0,2024-10-15,
10162,U0155,4874,Hand Mixer,Kitchen,add_to_cart,,0,2023-08-10,
10163,U0246,4391,Electric Oven,Kitchen,view,,0,2023-01-22,105.0
10164,U1833,1352,Label Maker,Tools,wishlist,4.0,0,2023-06-23,
10165,U1098,2565,Automatic Pet Water Fountain,Pet,view,,0,2023-06-04,86.0
10166,U1812,2753,Weather Station,Smart Home,wishlist,2.5,0,2024-09-11,
10167,U1564,4653,Mini Fridge,Kitchen,view,,0,2023-06-30,93.0
10168,U1630,183,Solar Panel Inverter,Power,view,,0,2023-10-03,91.0
10169,U1476,3646,Iron,Laundry,wishlist,4.3,0,2024-04-28,
10170,U1884,2117,Tower Fan,Climate,view,,0,2024-05-04,110.0
10171,U0533,3121,Landline Phone,Smart Home,view,,0,2023-09-03,36.0
10172,U1060,1378,Knitting Machine,Hobby,view,,0,2024-08-12,4.0
10173,U0343,4949,Home Automation Controller,Networking,purchase,5.0,1,2024-08-06,
10174,U1049,1293,Electric Tandoor,Kitchen,purchase,4.5,1,2024-02-06,
10175,U1121,4721,Terrarium Heater,Pet,view,,0,2023-06-13,91.0
10176,U1872,333,Home Server,Networking,view,,0,2024-05-05,44.0
10177,U1053,2583,Clock,Decor,add_to_cart,,0,2024-12-18,
10178,U1511,3566,Cotton Candy Machine,Hobby,purchase,4.5,1,2023-11-16,
10179,U0791,2808,Water Boiler,Kitchen,purchase,3.7,1,2024-02-08,
10180,U0512,3330,Smoke Detector,Security,purchase,4.6,1,2024-11-05,
10181,U0984,1819,Refrigerator,Kitchen,add_to_cart,,0,2023-06-06,
10182,U1930,1337,Wine Cooler,Kitchen,add_to_cart,,0,2023-10-21,
10183,U0765,4004,Cotton Candy Machine,Hobby,wishlist,4.5,0,2023-06-25,
10184,U0998,4874,Hand Mixer,Kitchen,wishlist,4.5,0,2023-03-12,
10185,U1425,1750,Smoke Detector,Security,add_to_cart,,0,2024-07-02,
10186,U1054,2207,Clock,Decor,wishlist,4.6,0,2024-02-18,
10187,U0972,1382,Smart Lock,Security,view,,0,2023-09-18,29.0
10188,U1813,4049,Set Top Box,Entertainment,wishlist,4.1,0,2023-08-03,
10189,U1578,999,Voltage Stabilizer,Power,add_to_cart,,0,2024-07-31,
10190,U1057,2183,Foot Massager,Personal Care,purchase,3.8,1,2023-05-14,
10191,U0394,4474,Projector,Entertainment,purchase,2.9,1,2023-03-05,
10192,U0657,1347,Solo Microwave,Kitchen,purchase,4.5,1,2023-12-24,
10193,U0361,3140,Weather Station,Smart Home,add_to_cart,,0,2023-03-29,
10194,U0046,4234,Exhaust Fan,Climate,view,,0,2024-12-19,41.0
10195,U1335,697,Smart Plug,Smart Home,add_to_cart,,0,2023-01-24,
10196,U1514,2084,Electric Shaver,Personal Care,view,,0,2024-03-29,41.0
10197,U0922,2647,Smart TV,Entertainment,purchase,4.3,1,2024-08-04,
10198,U0417,253,Smart Lock,Security,view,,0,2024-04-11,54.0
10199,U0319,4840,WiFi Extender,Networking,view,,0,2023-12-22,234.0
10200,U1056,649,Thermostat,Climate,view,,0,2024-07-07,302.0
10201,U1974,2152,Electric Mop,Cleaning,view,,0,2023-03-30,379.0
10202,U0745,3739,Built In Oven,Kitchen,purchase,4.3,1,2023-02-01,
10203,U1035,251,Landline Phone,Smart Home,add_to_cart,,0,2023-11-09,
10204,U0875,2459,Kitchen Chimney,Kitchen,wishlist,3.8,0,2023-04-28,
10205,U1948,978,Smart Curtain Motor,Smart Home,purchase,4.5,1,2024-07-24,
10206,U0425,3405,Smart Plug,Smart Home,view,,0,2023-01-01,92.0
10207,U1434,1895,Portable Dishwasher,Cleaning,view,,0,2024-02-19,80.0
10208,U1055,752,Geyser,Bathroom,purchase,4.4,1,2023-07-04,
10209,U0005,2643,Electric Mop,Cleaning,purchase,4.9,1,2024-01-01,
10210,U0376,533,Food Processor,Kitchen,purchase,4.3,1,2024-02-06,
10211,U1950,1557,Sump Pump,Outdoor,wishlist,3.7,0,2024-07-22,
10212,U1608,4880,Electric Oven,Kitchen,add_to_cart,,0,2024-02-06,
10213,U1059,2385,Mixer Grinder,Kitchen,view,,0,2023-07-01,132.0
10214,U0967,97,Freezer,Kitchen,add_to_cart,,0,2023-10-22,
10215,U0794,139,Bladeless Fan,Climate,view,,0,2023-11-10,59.0
10216,U0035,1438,Popcorn Maker,Kitchen,purchase,4.5,1,2024-11-25,
10217,U0283,4123,Electric Fireplace,Climate,purchase,3.0,1,2023-05-28,
10218,U1448,104,Modem,Networking,purchase,2.0,1,2023-12-26,
10219,U0659,4355,WiFi Extender,Networking,view,,0,2024-12-25,143.0
10220,U0008,2829,Printer,Tools,purchase,5.0,1,2023-03-02,
10221,U0560,3196,Ceiling Fan,Climate,add_to_cart,,0,2024-09-28,
10222,U1961,1384,Robot Vacuum,Cleaning,add_to_cart,,0,2024-06-22,
10223,U1584,3251,Sump Pump,Outdoor,purchase,3.7,1,2023-04-04,
10224,U1603,424,Countertop Dishwasher,Cleaning,view,,0,2023-03-27,66.0
10225,U1729,3683,Aquarium Heater,Pet,purchase,4.7,1,2024-08-13,
10226,U1209,406,Blu Ray Player,Entertainment,purchase,4.6,1,2024-04-05,
10227,U1678,1726,Router,Networking,wishlist,5.0,0,2023-01-29,
10228,U0631,531,Roti Maker,Kitchen,view,,0,2023-09-20,62.0
10229,U0514,766,Massage Chair,Personal Care,view,,0,2023-05-23,89.0
10230,U0379,404,Alarm Clock,Decor,view,,0,2024-04-04,34.0
10231,U1558,518,Electric Grill,Kitchen,add_to_cart,,0,2023-07-10,
10232,U1001,162,Foot Massager,Personal Care,view,,0,2023-10-16,209.0
10233,U0895,901,Electric Mop,Cleaning,purchase,4.4,1,2023-07-10,
10234,U0902,3651,Network Attached Storage,Networking,purchase,2.2,1,2024-04-08,
10235,U1275,2386,Aquarium Heater,Pet,add_to_cart,,0,2023-06-16,
10236,U0203,2636,Smart Bulb,Smart Home,view,,0,2023-05-07,141.0
10237,U1380,2399,Carpet Cleaner,Cleaning,view,,0,2023-01-14,52.0
10238,U1267,4023,Foot Massager,Personal Care,view,,0,2023-09-08,93.0
10239,U1728,1728,Built In Refrigerator,Kitchen,view,,0,2023-12-15,77.0
10240,U1330,2315,Kegerator,Hobby,purchase,5.0,1,2023-03-12,
10241,U0416,548,Paper Shredder,Tools,add_to_cart,,0,2024-03-08,
10242,U0409,3346,Paper Shredder,Tools,wishlist,3.1,0,2023-04-19,
10243,U1328,205,Smart Hub,Networking,add_to_cart,,0,2023-06-24,
10244,U1906,3586,Washer Dryer Combo,Laundry,add_to_cart,,0,2024-08-10,
10245,U1765,904,Water Pump,Outdoor,view,,0,2023-02-09,33.0
10246,U1680,2254,Sprinkler System,Tools,purchase,4.6,1,2023-05-03,
10247,U1507,608,Rice Cooker,Kitchen,purchase,4.2,1,2023-07-22,
10248,U1209,2746,Weather Station,Smart Home,view,,0,2024-07-12,75.0
10249,U0982,1701,Aquarium Filter,Pet,add_to_cart,,0,2024-02-21,
10250,U1078,1337,Wine Cooler,Kitchen,view,,0,2024-11-09,5.0
10251,U1130,839,Portable Dishwasher,Cleaning,view,,0,2023-09-23,27.0
10252,U0885,1158,Smart Oven,Kitchen,add_to_cart,,0,2024-09-20,
10253,U0286,1689,Floor Polisher,Cleaning,purchase,3.8,1,2023-01-02,
10254,U1474,2876,Smart Switch,Smart Home,view,,0,2024-10-08,15.0
10255,U0307,594,Attic Fan,Climate,purchase,2.9,1,2023-07-05,
10256,U1952,2018,Home Server,Networking,wishlist,3.7,0,2023-12-04,
10257,U1243,4649,Bathroom Exhaust Fan,Bathroom,add_to_cart,,0,2024-07-18,
10258,U1688,111,Hair Straightener,Personal Care,view,,0,2024-12-22,26.0
10259,U1044,2345,Weather Station,Smart Home,view,,0,2023-06-28,71.0
10260,U1789,1773,Trash Compactor,Kitchen,view,,0,2023-09-05,43.0
10261,U1059,932,Central Vacuum System,Cleaning,purchase,3.1,1,2024-10-24,
10262,U0334,3398,Kombucha Maker,Hobby,add_to_cart,,0,2024-02-26,
10263,U1574,1511,Lint Remover,Laundry,add_to_cart,,0,2023-11-30,
10264,U1836,2316,Electric Blanket,Personal Care,purchase,4.6,1,2023-10-05,
10265,U1872,2022,Hot Dog Maker,Kitchen,purchase,4.5,1,2023-06-07,
10266,U1527,3630,Misting Fan,Climate,purchase,5.0,1,2024-06-24,
10267,U0946,2795,Garment Steamer,Laundry,purchase,3.6,1,2024-10-22,
10268,U1752,4669,Smart Bulb,Smart Home,view,,0,2024-06-14,17.0
10269,U1479,2548,Air Quality Monitor,Smart Home,purchase,3.6,1,2024-06-10,
10270,U1377,2372,Electric Stove,Kitchen,view,,0,2023-08-02,106.0
10271,U0547,2045,Washer Dryer Combo,Laundry,purchase,3.0,1,2023-02-21,
10272,U0073,3608,Panini Press,Kitchen,add_to_cart,,0,2023-04-27,
10273,U1413,2038,Sous Vide Cooker,Kitchen,purchase,3.0,1,2024-10-13,
10274,U1865,3163,Electric Shaver,Personal Care,purchase,4.0,1,2024-09-28,
10275,U0297,3360,Bottle Sterilizer,Kitchen,wishlist,4.2,0,2023-08-24,
10276,U0213,2033,Geyser,Bathroom,view,,0,2023-09-13,161.0
10277,U0717,3451,Bread Maker,Kitchen,add_to_cart,,0,2024-12-14,
10278,U1951,1309,RO Purifier,Bathroom,wishlist,4.2,0,2024-02-16,
10279,U1643,4350,Smart Dryer,Laundry,purchase,2.5,1,2024-10-16,
10280,U1510,4376,Solar Panel Inverter,Power,view,,0,2024-12-15,98.0
10281,U0198,1563,Wall Clock,Decor,add_to_cart,,0,2024-07-11,
10282,U1624,4859,Bladeless Fan,Climate,wishlist,3.6,0,2024-09-23,
10283,U0704,3921,DVD Player,Entertainment,view,,0,2024-01-19,147.0
10284,U1372,994,Blender,Kitchen,add_to_cart,,0,2023-10-21,
10285,U0211,83,Printer,Tools,purchase,3.4,1,2023-04-02,
10286,U0394,3855,Smart Lock,Security,view,,0,2023-08-08,19.0
10287,U1591,1420,Geyser,Bathroom,view,,0,2023-03-17,116.0
10288,U1374,994,Blender,Kitchen,purchase,4.1,1,2024-08-30,
10289,U0182,14,Heating Pad,Personal Care,purchase,3.8,1,2024-08-10,
10290,U0672,2139,Hair Curler,Personal Care,view,,0,2024-04-25,82.0
10291,U1280,4003,Electric Blanket,Personal Care,view,,0,2023-10-15,30.0
10292,U0548,1762,Food Dehydrator,Kitchen,view,,0,2024-03-30,19.0
10293,U0717,4867,Mixer Grinder,Kitchen,view,,0,2023-08-01,193.0
10294,U1775,1922,Aquarium Filter,Pet,view,,0,2024-08-15,151.0
10295,U0263,411,Scanner,Tools,add_to_cart,,0,2024-11-12,
10296,U0941,4280,Kombucha Maker,Hobby,view,,0,2023-02-26,89.0
10297,U0809,4462,Attic Fan,Climate,purchase,4.6,1,2023-08-18,
10298,U0254,3267,Air Quality Monitor,Smart Home,view,,0,2024-12-16,25.0
10299,U0679,2904,Air Purifier,Climate,view,,0,2024-05-01,181.0
10300,U1082,153,CCTV System,Security,view,,0,2024-03-10,112.0
10301,U1583,1426,Smart Hub,Networking,view,,0,2023-08-08,377.0
10302,U0885,1562,Countertop Dishwasher,Cleaning,add_to_cart,,0,2024-07-01,
10303,U1362,518,Electric Grill,Kitchen,purchase,4.6,1,2023-04-18,
10304,U0117,2664,Smart Bulb,Smart Home,purchase,2.9,1,2023-05-28,
10305,U0268,1069,Handheld Vacuum,Cleaning,view,,0,2024-11-05,28.0
10306,U1050,2308,Popcorn Maker,Kitchen,view,,0,2023-12-19,336.0
10307,U0264,1624,Ice Cream Maker,Kitchen,view,,0,2024-04-29,22.0
10308,U0666,2096,Smart Dryer,Laundry,view,,0,2023-01-28,71.0
10309,U1601,1460,Steam Iron,Laundry,purchase,4.4,1,2024-11-14,
10310,U0736,1241,Foot Massager,Personal Care,purchase,3.6,1,2023-01-19,
10311,U0612,2385,Mixer Grinder,Kitchen,view,,0,2023-03-08,39.0
10312,U1452,2443,Central Vacuum System,Cleaning,purchase,4.2,1,2024-07-20,
10313,U1493,3672,Vacuum Cleaner,Cleaning,view,,0,2023-08-12,146.0
10314,U0272,2094,Electric Stove,Kitchen,view,,0,2023-02-05,227.0
10315,U0097,4683,Solo Microwave,Kitchen,purchase,5.0,1,2024-09-29,
10316,U0940,340,Jacuzzi Pump,Bathroom,purchase,4.1,1,2024-04-25,
10317,U1506,2015,Security Camera,Security,wishlist,3.8,0,2024-03-10,
10318,U1155,4091,Electric Grill,Kitchen,view,,0,2023-10-16,114.0
10319,U1323,2742,Water Softener,Bathroom,view,,0,2024-07-15,42.0
10320,U0399,1389,Network Attached Storage,Networking,view,,0,2024-06-20,42.0
10321,U0002,2740,Kitchen Chimney,Kitchen,view,,0,2024-12-16,337.0
10322,U1375,801,Paper Shredder,Tools,add_to_cart,,0,2023-01-23,
10323,U1475,3899,Automatic Pet Water Fountain,Pet,view,,0,2023-01-31,82.0
10324,U1855,1174,Aquarium Filter,Pet,add_to_cart,,0,2023-12-04,
10325,U1386,4934,Hair Curler,Personal Care,add_to_cart,,0,2023-03-04,
10326,U1387,3175,Air Quality Monitor,Smart Home,purchase,4.5,1,2024-06-23,
10327,U1976,3443,Carbon Monoxide Detector,Security,add_to_cart,,0,2024-03-07,
10328,U1411,2395,Electric Drill,Tools,add_to_cart,,0,2023-08-28,
10329,U1851,2419,Automatic Pet Water Fountain,Pet,purchase,5.0,1,2023-06-29,
10330,U1418,185,Weather Station,Smart Home,add_to_cart,,0,2024-01-02,
10331,U0404,1348,Pet Feeder,Pet,purchase,3.9,1,2023-08-16,
10332,U0087,4068,Massage Chair,Personal Care,view,,0,2024-01-24,208.0
10333,U0106,956,Built In Oven,Kitchen,wishlist,2.0,0,2023-03-24,
10334,U1506,616,Sandwich Maker,Kitchen,view,,0,2023-01-09,63.0
10335,U0399,4050,Home Automation Controller,Networking,add_to_cart,,0,2023-07-25,
10336,U1516,548,Paper Shredder,Tools,add_to_cart,,0,2024-11-21,
10337,U0893,2460,Speakers,Entertainment,add_to_cart,,0,2024-04-29,
10338,U0850,103,Massage Chair,Personal Care,view,,0,2024-10-12,0.0
10339,U0727,3160,Water Flosser,Personal Care,view,,0,2024-09-18,12.0
10340,U1171,3987,Air Conditioner,Climate,view,,0,2024-05-29,101.0
10341,U1543,1527,Weather Station,Smart Home,add_to_cart,,0,2024-05-07,
10342,U1979,3816,Smart Curtain Motor,Smart Home,purchase,4.2,1,2023-03-01,
10343,U1488,2446,Smart TV,Entertainment,wishlist,3.8,0,2024-10-28,
10344,U1049,3209,Slush Machine,Hobby,view,,0,2023-12-23,99.0
10345,U1286,1612,Sandwich Maker,Kitchen,purchase,2.9,1,2024-11-18,
10346,U1339,1708,Angle Grinder,Tools,view,,0,2023-03-07,19.0
10347,U0609,1997,Electric Pressure Cooker,Kitchen,purchase,2.9,1,2023-08-09,
10348,U0731,3836,Floor Polisher,Cleaning,view,,0,2023-10-16,36.0
10349,U0079,2854,Smart Air Conditioner,Climate,wishlist,3.5,0,2024-03-02,
10350,U0164,1098,Automatic Pet Water Fountain,Pet,add_to_cart,,0,2024-12-13,
10351,U0368,636,Home Automation Controller,Networking,view,,0,2024-10-12,127.0
10352,U1553,3364,Pet Feeder,Pet,purchase,4.7,1,2024-08-07,
10353,U0509,489,Wine Cooler,Kitchen,view,,0,2023-10-31,139.0
10354,U0248,944,Built In Refrigerator,Kitchen,purchase,5.0,1,2024-04-13,
10355,U0275,699,Chainsaw,Tools,add_to_cart,,0,2023-03-04,
10356,U1861,4136,Blu Ray Player,Entertainment,purchase,2.6,1,2024-05-28,
10357,U0008,1185,Countertop Dishwasher,Cleaning,purchase,4.9,1,2023-04-04,
10358,U0062,2541,Solar Panel Inverter,Power,wishlist,4.3,0,2023-10-23,
10359,U1956,2748,CCTV System,Security,add_to_cart,,0,2023-10-02,
10360,U0532,61,Electric Stove,Kitchen,view,,0,2024-09-18,24.0
10361,U0300,2002,Slow Cooker,Kitchen,add_to_cart,,0,2023-08-19,
10362,U1203,1753,Smart Speaker,Entertainment,add_to_cart,,0,2024-02-08,
10363,U1653,4138,Induction Oven,Kitchen,view,,0,2024-05-19,178.0
10364,U1127,2721,DVD Player,Entertainment,purchase,3.0,1,2024-03-15,
10365,U0313,316,Streaming Device,Entertainment,purchase,4.5,1,2023-09-28,
10366,U1401,16,Smart Switch,Smart Home,add_to_cart,,0,2023-03-24,
10367,U0031,3767,Dishwasher,Cleaning,add_to_cart,,0,2024-08-19,
10368,U1364,2854,Smart Air Conditioner,Climate,wishlist,4.5,0,2024-11-17,
10369,U1957,303,Towel Warmer,Bathroom,purchase,5.0,1,2024-02-27,
10370,U1552,4579,Basement Dehumidifier,Outdoor,view,,0,2023-11-19,8.0
10371,U1437,672,Aquarium Filter,Pet,view,,0,2024-02-19,139.0
10372,U1699,2519,Portable Dishwasher,Cleaning,view,,0,2023-11-01,48.0
10373,U1967,3281,Solar Panel Inverter,Power,add_to_cart,,0,2024-05-19,
10374,U1952,2527,WiFi Extender,Networking,view,,0,2023-04-14,48.0
10375,U0324,1847,Built In Refrigerator,Kitchen,add_to_cart,,0,2024-07-08,
10376,U1699,3973,Electric Fireplace,Climate,view,,0,2023-08-12,11.0
10377,U1145,2525,Electric Kettle,Kitchen,add_to_cart,,0,2023-01-07,
10378,U1657,435,Mini Fridge,Kitchen,add_to_cart,,0,2024-06-22,
10379,U1259,1779,Misting Fan,Climate,view,,0,2023-04-26,3.0
10380,U0527,2995,Sprinkler System,Tools,view,,0,2023-12-22,10.0
10381,U1973,4449,Space Heater,Climate,wishlist,3.3,0,2023-05-19,
10382,U1002,867,Exercise Bike,Fitness,add_to_cart,,0,2023-11-16,
10383,U0564,4567,Carbon Monoxide Detector,Security,wishlist,3.7,0,2024-10-24,
10384,U1283,2420,Ice Maker,Kitchen,purchase,3.2,1,2024-01-14,
10385,U0681,2644,Tea Maker,Kitchen,add_to_cart,,0,2024-11-17,
10386,U1029,2088,Pet Feeder,Pet,purchase,5.0,1,2024-01-18,
10387,U0458,4712,Carpet Cleaner,Cleaning,view,,0,2023-09-03,4.0
10388,U0700,990,Hedge Trimmer,Tools,purchase,4.4,1,2024-05-27,
10389,U1940,1975,Label Maker,Tools,add_to_cart,,0,2023-01-15,
10390,U0059,3777,Table Fan,Climate,wishlist,3.1,0,2024-07-02,
10391,U1653,2482,Label Maker,Tools,view,,0,2024-02-03,36.0
10392,U0877,3170,Towel Warmer,Bathroom,view,,0,2023-05-11,252.0
10393,U1570,4670,Smart Lock,Security,purchase,4.3,1,2024-05-19,
10394,U0841,3790,Epilator,Personal Care,purchase,3.6,1,2023-04-17,
10395,U0503,619,Steam Cleaner,Cleaning,add_to_cart,,0,2024-04-14,
10396,U0892,3525,Water Filter,Bathroom,purchase,3.9,1,2024-05-01,
10397,U0254,4268,Smart TV,Entertainment,purchase,1.5,1,2023-06-03,
10398,U0764,1512,Food Dehydrator,Kitchen,view,,0,2024-10-06,46.0
10399,U0854,2473,Solar Water Heater,Power,add_to_cart,,0,2024-07-30,
10400,U0119,2826,Air Conditioner,Climate,purchase,4.7,1,2023-04-30,
10401,U0005,333,Home Server,Networking,purchase,3.9,1,2024-05-04,
10402,U0226,1096,Wall Clock,Decor,view,,0,2023-03-21,73.0
10403,U0719,2755,Heating Pad,Personal Care,purchase,3.8,1,2023-12-25,
10404,U1484,1899,Electric Kettle,Kitchen,add_to_cart,,0,2023-08-11,
10405,U1863,1078,Electric Mop,Cleaning,view,,0,2024-08-31,3.0
10406,U0726,2314,Smart Thermostat,Climate,wishlist,2.6,0,2024-06-08,
10407,U0711,976,Espresso Machine,Kitchen,purchase,4.7,1,2023-05-26,
10408,U0901,12,Wall Clock,Decor,view,,0,2023-10-16,83.0
10409,U1245,4059,Home Server,Networking,view,,0,2024-07-05,18.0
10410,U0299,3439,Electric Toothbrush,Personal Care,add_to_cart,,0,2023-05-31,
10411,U1464,3087,Electric Fireplace,Climate,view,,0,2023-11-27,1.0
10412,U1984,4259,Electric Scooter Charger,Power,purchase,3.5,1,2023-06-01,
10413,U0106,4063,Tower Fan,Climate,purchase,3.3,1,2024-11-10,
10414,U1640,781,Smoke Detector,Security,purchase,4.0,1,2024-04-10,
10415,U1393,1868,Network Attached Storage,Networking,add_to_cart,,0,2023-01-30,
10416,U1618,3471,Smart Vacuum,Cleaning,view,,0,2024-05-24,138.0
10417,U0708,2442,Toaster Oven,Kitchen,purchase,4.3,1,2023-08-05,
10418,U1853,3073,Electric Skillet,Kitchen,add_to_cart,,0,2023-05-04,
10419,U0704,3681,Smart Bulb,Smart Home,purchase,2.6,1,2024-07-22,
10420,U0731,1869,Cotton Candy Machine,Hobby,add_to_cart,,0,2023-06-22,
10421,U1754,2663,Garment Steamer,Laundry,view,,0,2023-11-19,115.0
10422,U1447,4420,Hair Straightener,Personal Care,view,,0,2023-10-22,48.0
10423,U1048,2744,Automatic Pet Water Fountain,Pet,purchase,4.1,1,2023-06-22,
10424,U0450,837,Massage Chair,Personal Care,purchase,4.0,1,2024-01-29,
10425,U0258,3425,Electric Pressure Cooker,Kitchen,add_to_cart,,0,2024-01-15,
10426,U1149,2292,Tankless Water Heater,Bathroom,add_to_cart,,0,2023-12-19,
10427,U1445,4420,Hair Straightener,Personal Care,purchase,3.6,1,2023-03-23,
10428,U0619,276,Smart TV,Entertainment,purchase,4.2,1,2023-04-19,
10429,U0063,4,Knitting Machine,Hobby,view,,0,2024-12-01,141.0
10430,U0731,4622,Home Automation Controller,Networking,add_to_cart,,0,2024-12-07,
10431,U0178,1598,Hot Plate,Kitchen,add_to_cart,,0,2023-05-26,
10432,U0627,435,Mini Fridge,Kitchen,purchase,3.9,1,2023-04-18,
10433,U0275,2039,Leaf Blower,Tools,view,,0,2023-10-28,96.0
10434,U0272,2812,Chapati Maker,Kitchen,purchase,4.2,1,2023-05-28,
10435,U1926,1251,Sandwich Maker,Kitchen,add_to_cart,,0,2024-01-30,
10436,U0121,4868,Smart Door Lock,Security,wishlist,3.1,0,2024-11-06,
10437,U0191,678,Smart Garage Door Opener,Security,purchase,2.9,1,2024-06-03,
10438,U0701,3239,Waffle Maker,Kitchen,add_to_cart,,0,2023-01-02,
10439,U0686,2991,Geyser,Bathroom,add_to_cart,,0,2023-08-04,
10440,U1655,4644,Handheld Vacuum,Cleaning,view,,0,2024-04-29,37.0
10441,U1313,64,Stand Mixer,Kitchen,view,,0,2023-06-08,247.0
10442,U0064,348,Juicer,Kitchen,add_to_cart,,0,2024-07-27,
10443,U1111,903,Aquarium Filter,Pet,purchase,4.9,1,2024-04-22,
10444,U0039,854,Home Automation Controller,Networking,add_to_cart,,0,2023-03-21,
10445,U1245,118,Electric Knife,Kitchen,wishlist,5.0,0,2024-07-16,
10446,U0342,2964,Terrarium Heater,Pet,wishlist,2.9,0,2024-09-09,
10447,U0323,4959,Security Camera,Security,purchase,4.9,1,2023-03-28,
10448,U0685,4161,Pressure Washer,Cleaning,view,,0,2023-01-19,240.0
10449,U1274,4956,Electric Grill,Kitchen,wishlist,3.2,0,2023-03-23,
10450,U1019,3237,UV Water Purifier,Bathroom,add_to_cart,,0,2024-07-10,
10451,U0661,2650,Terrarium Heater,Pet,purchase,4.3,1,2023-12-21,
10452,U1653,2037,Massage Chair,Personal Care,add_to_cart,,0,2024-06-04,
10453,U0913,4802,Robot Vacuum,Cleaning,add_to_cart,,0,2024-06-17,
10454,U0776,4222,Smart Refrigerator,Kitchen,view,,0,2024-06-26,317.0
10455,U1249,4973,Smart Vacuum,Cleaning,purchase,4.1,1,2024-04-23,
10456,U0290,3672,Vacuum Cleaner,Cleaning,purchase,4.8,1,2023-03-18,
10457,U0372,82,Home Server,Networking,purchase,3.2,1,2023-07-24,
10458,U0674,1041,Angle Grinder,Tools,purchase,3.1,1,2023-09-05,
10459,U1072,3389,Toaster Oven,Kitchen,view,,0,2024-12-08,101.0
10460,U1824,3529,Door Intercom,Security,view,,0,2024-03-14,108.0
10461,U0901,3327,Modem,Networking,view,,0,2023-02-01,87.0
10462,U0845,4138,Induction Oven,Kitchen,view,,0,2023-12-01,177.0
10463,U1935,2950,Ice Crusher,Kitchen,add_to_cart,,0,2023-10-30,
10464,U0806,2232,Smart Curtain Motor,Smart Home,view,,0,2023-10-19,100.0
10465,U0344,4657,Air Quality Monitor,Smart Home,purchase,4.2,1,2023-09-16,
10466,U1419,3474,Aquarium Heater,Pet,view,,0,2024-06-23,129.0
10467,U0039,1126,Door Intercom,Security,wishlist,3.6,0,2023-02-25,
10468,U1766,2336,Water Dispenser,Kitchen,add_to_cart,,0,2024-01-21,
10469,U1220,3099,Range Hood,Kitchen,purchase,3.4,1,2024-02-12,
10470,U0653,2980,Massage Chair,Personal Care,view,,0,2023-10-22,38.0
10471,U0849,2439,Carpet Cleaner,Cleaning,view,,0,2024-05-25,354.0
10472,U1593,87,Digital Safe,Security,view,,0,2024-06-28,44.0
10473,U0961,1294,Chainsaw,Tools,view,,0,2024-11-02,17.0
10474,U0301,1181,Smart Oven,Kitchen,purchase,3.6,1,2023-08-01,
10475,U0462,3389,Toaster Oven,Kitchen,purchase,4.2,1,2023-08-11,
10476,U1729,4160,Mini Fridge,Kitchen,view,,0,2023-04-12,324.0
10477,U1390,616,Sandwich Maker,Kitchen,add_to_cart,,0,2024-11-09,
10478,U1066,4813,Pool Pump,Outdoor,view,,0,2024-04-20,219.0
10479,U1859,1766,Kegerator,Hobby,wishlist,3.3,0,2024-01-24,
10480,U0218,300,Food Dehydrator,Kitchen,purchase,2.2,1,2023-09-29,
10481,U1637,4834,Deep Fryer,Kitchen,add_to_cart,,0,2024-06-19,
10482,U0831,1296,Hair Curler,Personal Care,view,,0,2024-04-05,8.0
10483,U0955,3279,Tea Maker,Kitchen,add_to_cart,,0,2024-03-05,
10484,U1140,1949,Network Attached Storage,Networking,view,,0,2023-11-08,104.0
10485,U0132,5000,Air Quality Monitor,Smart Home,add_to_cart,,0,2024-03-21,
10486,U0717,2183,Foot Massager,Personal Care,purchase,4.2,1,2024-02-29,
10487,U0780,2964,Terrarium Heater,Pet,purchase,3.6,1,2024-06-14,
10488,U1977,3820,Chainsaw,Tools,add_to_cart,,0,2023-04-14,
10489,U1113,685,Electric Shaver,Personal Care,view,,0,2023-07-08,66.0
10490,U0521,2563,Home Sauna,Fitness,purchase,4.0,1,2023-01-30,
10491,U0568,2997,Jacuzzi Pump,Bathroom,wishlist,4.6,0,2023-11-01,
10492,U1521,4373,Electric Scooter Charger,Power,purchase,5.0,1,2024-02-16,
10493,U1496,1243,Massager,Personal Care,wishlist,2.7,0,2023-11-04,
10494,U0402,96,Electric Shaver,Personal Care,purchase,3.8,1,2024-07-31,
10495,U0526,1519,UV Water Purifier,Bathroom,view,,0,2024-06-18,4.0
10496,U0824,3514,Roti Maker,Kitchen,purchase,4.5,1,2023-05-02,
10497,U0478,2205,Smart Display,Entertainment,add_to_cart,,0,2023-04-22,
10498,U1114,3712,Electric Knife,Kitchen,view,,0,2023-02-08,76.0
10499,U0024,4780,UV Water Purifier,Bathroom,purchase,4.7,1,2024-06-29,
10500,U0673,3383,Massage Chair,Personal Care,add_to_cart,,0,2024-08-21,
10501,U1556,675,Convection Microwave,Kitchen,add_to_cart,,0,2024-11-08,
10502,U1128,890,Basement Dehumidifier,Outdoor,purchase,4.5,1,2024-01-26,
10503,U1831,2313,CCTV System,Security,wishlist,3.9,0,2024-04-02,
10504,U0215,1152,Smart Washer,Laundry,add_to_cart,,0,2024-11-27,
10505,U1370,3067,Projector,Entertainment,view,,0,2024-07-07,42.0
10506,U1263,2934,Washing Machine,Laundry,add_to_cart,,0,2023-11-07,
10507,U0706,3449,Water Filter,Bathroom,add_to_cart,,0,2024-10-24,
10508,U0274,3476,Smart Refrigerator,Kitchen,view,,0,2024-04-11,97.0
10509,U0261,3023,Electric Oven,Kitchen,wishlist,2.8,0,2023-02-11,
10510,U0187,538,Iron,Laundry,view,,0,2024-03-18,117.0
10511,U1202,53,Smart Door Lock,Security,purchase,3.3,1,2023-12-22,
10512,U1439,4818,Heater,Climate,add_to_cart,,0,2023-03-08,
10513,U1095,3339,Crepe Maker,Kitchen,purchase,4.0,1,2023-06-01,
10514,U1061,3191,Paper Shredder,Tools,view,,0,2023-09-05,130.0
10515,U1522,4015,Smoke Detector,Security,view,,0,2023-07-04,19.0
10516,U1386,3755,Printer,Tools,wishlist,3.5,0,2024-03-06,
10517,U0210,55,Smart Door Lock,Security,add_to_cart,,0,2023-08-14,
10518,U1932,4175,Basement Dehumidifier,Outdoor,wishlist,3.7,0,2023-02-11,
10519,U0777,1164,Iron,Laundry,add_to_cart,,0,2024-04-26,
10520,U0162,2536,Drip Coffee Maker,Kitchen,view,,0,2023-10-15,183.0
10521,U0599,4722,Air Quality Monitor,Smart Home,wishlist,3.3,0,2023-02-26,
10522,U1789,4873,Electric Fireplace,Climate,purchase,5.0,1,2023-02-10,
10523,U1139,4338,Lawn Mower,Tools,add_to_cart,,0,2024-12-23,
10524,U1979,511,Weather Station,Smart Home,view,,0,2023-12-02,280.0
10525,U0215,3607,Scanner,Tools,add_to_cart,,0,2024-06-11,
10526,U1186,844,Automatic Pet Water Fountain,Pet,purchase,4.1,1,2024-02-20,
10527,U1908,4247,Massage Chair,Personal Care,view,,0,2023-11-20,123.0
10528,U1505,1275,Table Fan,Climate,add_to_cart,,0,2023-02-07,
10529,U0782,904,Water Pump,Outdoor,view,,0,2023-06-28,122.0
10530,U1474,708,Smart Plug,Smart Home,wishlist,4.8,0,2024-05-22,
10531,U1931,3197,Electric Shaver,Personal Care,view,,0,2024-07-11,512.0
10532,U1697,4655,Exhaust Fan,Climate,add_to_cart,,0,2023-03-02,
10533,U1808,4634,Drip Coffee Maker,Kitchen,add_to_cart,,0,2024-08-17,
10534,U0380,2790,Lawn Mower,Tools,wishlist,3.7,0,2024-07-10,
10535,U0238,4779,Foot Massager,Personal Care,purchase,4.5,1,2023-06-23,
10536,U1628,225,Robot Vacuum,Cleaning,add_to_cart,,0,2023-05-23,
10537,U1759,2287,Freezer,Kitchen,purchase,4.6,1,2023-12-23,
10538,U0681,3649,Angle Grinder,Tools,view,,0,2024-12-20,313.0
10539,U0048,2901,Voltage Stabilizer,Power,purchase,5.0,1,2024-12-29,
10540,U0871,4883,Smart Dryer,Laundry,purchase,2.0,1,2024-03-15,
10541,U0396,4724,Aquarium Heater,Pet,view,,0,2024-07-13,23.0
10542,U1499,4609,Thermostat,Climate,add_to_cart,,0,2024-11-01,
10543,U0422,3716,Mini Fridge,Kitchen,view,,0,2023-05-06,143.0
10544,U0988,2108,Thermostat,Climate,add_to_cart,,0,2024-04-17,
10545,U1601,758,Solar Water Heater,Power,view,,0,2023-02-26,35.0
10546,U0338,2129,Can Opener,Kitchen,view,,0,2024-12-19,15.0
10547,U0771,951,Built In Refrigerator,Kitchen,purchase,4.5,1,2024-04-01,
10548,U0568,2271,Smart Plug,Smart Home,add_to_cart,,0,2024-08-10,
10549,U0451,444,Smart Garage Door Opener,Security,view,,0,2023-09-26,68.0
10550,U0864,3231,Dough Maker,Kitchen,purchase,4.5,1,2023-12-24,
10551,U1742,3515,Electric Tandoor,Kitchen,purchase,5.0,1,2024-12-12,
10552,U0969,2536,Drip Coffee Maker,Kitchen,view,,0,2023-03-25,164.0
10553,U0676,2488,Home Sauna,Fitness,add_to_cart,,0,2024-11-06,
10554,U0399,1783,Epilator,Personal Care,add_to_cart,,0,2024-05-09,
10555,U1525,1320,Inverter,Power,purchase,3.5,1,2024-11-04,
10556,U0602,685,Electric Shaver,Personal Care,view,,0,2023-07-18,204.0
10557,U0171,2462,Hair Curler,Personal Care,view,,0,2024-10-26,60.0
10558,U1428,985,Washing Machine,Laundry,view,,0,2024-08-20,268.0
10559,U0577,4582,Exhaust Fan,Climate,view,,0,2024-01-02,216.0
10560,U0367,4148,Cotton Candy Machine,Hobby,view,,0,2023-10-17,142.0
10561,U0423,2503,Smart Dryer,Laundry,add_to_cart,,0,2024-01-07,
10562,U0581,1735,Steam Iron,Laundry,add_to_cart,,0,2023-05-12,
10563,U0005,1348,Pet Feeder,Pet,add_to_cart,,0,2024-08-15,
10564,U1098,60,Hair Straightener,Personal Care,view,,0,2024-10-26,26.0
10565,U0055,2789,Exhaust Fan,Climate,view,,0,2024-12-12,83.0
10566,U0315,4896,Kombucha Maker,Hobby,add_to_cart,,0,2024-04-09,
10567,U1530,4817,Fermentation Crock,Hobby,purchase,4.7,1,2023-05-14,
10568,U1053,426,Jacuzzi Pump,Bathroom,wishlist,3.7,0,2023-01-06,
10569,U0971,2746,Weather Station,Smart Home,view,,0,2024-10-01,226.0
10570,U0294,3742,Rice Cooker,Kitchen,purchase,5.0,1,2023-09-13,
10571,U0977,840,3D Printer,Hobby,add_to_cart,,0,2023-12-25,
10572,U0479,2455,Electric Lunch Box,Kitchen,add_to_cart,,0,2024-10-15,
10573,U0087,2501,Angle Grinder,Tools,add_to_cart,,0,2023-10-29,
10574,U1584,863,WiFi Extender,Networking,purchase,5.0,1,2023-09-15,
10575,U1212,1070,Blender,Kitchen,purchase,5.0,1,2024-03-26,
10576,U1819,1123,Clock,Decor,add_to_cart,,0,2023-04-15,
10577,U1019,945,Smart Vacuum,Cleaning,view,,0,2024-05-09,43.0
10578,U1438,199,Attic Fan,Climate,wishlist,4.4,0,2023-01-03,
10579,U1490,2,Electric Scooter Charger,Power,add_to_cart,,0,2024-01-03,
10580,U1057,4060,Speakers,Entertainment,purchase,5.0,1,2023-02-13,
10581,U0524,4258,Handheld Vacuum,Cleaning,view,,0,2024-08-27,62.0
10582,U0232,2194,Central Vacuum System,Cleaning,view,,0,2024-10-25,10.0
10583,U0423,2322,Slush Machine,Hobby,view,,0,2023-11-26,136.0
10584,U0882,4003,Electric Blanket,Personal Care,purchase,3.0,1,2024-07-04,
10585,U1979,4645,Smart Plug,Smart Home,purchase,3.3,1,2024-10-09,
10586,U0729,377,Air Quality Monitor,Smart Home,view,,0,2024-01-26,7.0
10587,U1009,44,Vacuum Cleaner,Cleaning,purchase,3.5,1,2023-08-06,
10588,U0561,2971,OTG Oven,Kitchen,purchase,4.5,1,2024-08-26,
10589,U1098,641,Massage Chair,Personal Care,purchase,5.0,1,2024-09-14,
10590,U1909,2443,Central Vacuum System,Cleaning,purchase,4.2,1,2024-04-15,
10591,U0829,3665,Table Fan,Climate,purchase,4.9,1,2024-06-01,
10592,U0283,2946,Electric Mop,Cleaning,purchase,5.0,1,2023-07-09,
10593,U0059,2730,Smart Dryer,Laundry,add_to_cart,,0,2024-08-07,
10594,U1573,2657,Alarm Clock,Decor,purchase,3.9,1,2023-09-29,
10595,U1124,4084,Built In Oven,Kitchen,purchase,3.3,1,2023-05-04,
10596,U1333,4718,Electric Blanket,Personal Care,add_to_cart,,0,2024-11-01,
10597,U1046,4669,Smart Bulb,Smart Home,purchase,3.9,1,2024-07-25,
10598,U0619,243,Speakers,Entertainment,wishlist,5.0,0,2024-11-29,
10599,U0200,4456,Cotton Candy Machine,Hobby,view,,0,2023-03-12,100.0
10600,U1023,3444,Home Sauna,Fitness,add_to_cart,,0,2023-02-22,
10601,U0339,3058,Wall Clock,Decor,view,,0,2024-12-21,102.0
10602,U1259,3515,Electric Tandoor,Kitchen,wishlist,5.0,0,2023-01-21,
10603,U0639,2486,Leaf Blower,Tools,purchase,4.8,1,2023-02-20,
10604,U0116,4929,Kegerator,Hobby,view,,0,2023-04-19,41.0
10605,U0458,2503,Smart Dryer,Laundry,purchase,4.8,1,2023-12-17,
10606,U0651,4641,Smart Thermostat,Climate,view,,0,2024-09-24,90.0
10607,U1488,3860,Garage Door Motor,Outdoor,view,,0,2023-11-04,58.0
10608,U0710,3240,Pressure Washer,Cleaning,purchase,2.7,1,2024-09-15,
10609,U1700,4319,Smart Switch,Smart Home,wishlist,2.3,0,2024-05-01,
10610,U1942,955,Aquarium Heater,Pet,view,,0,2024-02-08,118.0
10611,U1460,2065,Portable Dishwasher,Cleaning,add_to_cart,,0,2024-12-28,
10612,U0113,2929,3D Printer,Hobby,view,,0,2024-03-15,13.0
10613,U0319,2753,Weather Station,Smart Home,wishlist,2.2,0,2024-10-12,
10614,U0659,3993,Modem,Networking,purchase,3.3,1,2023-05-10,
10615,U0808,3433,Rowing Machine,Fitness,purchase,4.9,1,2023-05-23,
10616,U1449,2346,Modem,Networking,add_to_cart,,0,2023-05-11,
10617,U1638,685,Electric Shaver,Personal Care,add_to_cart,,0,2023-06-14,
10618,U0726,3990,Treadmill,Fitness,add_to_cart,,0,2024-12-18,
10619,U0021,1730,Smart Plug,Smart Home,view,,0,2024-08-26,3.0
10620,U1567,1111,Hair Curler,Personal Care,view,,0,2023-06-22,129.0
10621,U0843,194,RO Purifier,Bathroom,view,,0,2023-07-09,63.0
10622,U0507,3150,Smart Garage Door Opener,Security,purchase,3.6,1,2024-03-08,
10623,U0977,1281,Television,Entertainment,wishlist,4.3,0,2023-10-03,
10624,U1190,191,Smart Washer,Laundry,purchase,4.0,1,2023-08-27,
10625,U0435,3713,Smart Refrigerator,Kitchen,view,,0,2024-08-24,68.0
10626,U1432,196,Portable Dishwasher,Cleaning,add_to_cart,,0,2023-09-24,
10627,U1463,2278,Bidet Seat,Bathroom,purchase,4.2,1,2023-08-24,
10628,U0311,4629,Window Cleaner Robot,Cleaning,purchase,3.1,1,2023-03-30,
10629,U1239,2106,Electric Fireplace,Climate,view,,0,2024-05-30,39.0
10630,U0963,2702,Countertop Dishwasher,Cleaning,purchase,4.0,1,2024-08-22,
10631,U1630,794,Water Softener,Bathroom,add_to_cart,,0,2023-03-19,
10632,U1963,4050,Home Automation Controller,Networking,purchase,5.0,1,2024-12-16,
10633,U0911,1006,Fabric Shaver,Laundry,purchase,4.6,1,2024-06-16,
10634,U0204,2307,Kitchen Chimney,Kitchen,add_to_cart,,0,2023-10-08,
10635,U1161,1379,Citrus Juicer,Kitchen,view,,0,2024-01-16,57.0
10636,U1520,3609,Robot Vacuum,Cleaning,view,,0,2024-05-19,49.0
10637,U1288,2669,Door Intercom,Security,wishlist,3.0,0,2023-07-23,
10638,U0935,1835,Space Heater,Climate,purchase,4.5,1,2023-07-30,
10639,U1006,3486,Popcorn Maker,Kitchen,add_to_cart,,0,2023-01-01,
10640,U0784,332,Built In Dishwasher,Kitchen,purchase,4.7,1,2023-11-07,
10641,U0017,2657,Alarm Clock,Decor,purchase,3.1,1,2023-11-26,
10642,U1843,3249,Set Top Box,Entertainment,add_to_cart,,0,2024-09-28,
10643,U0880,4788,Security Camera,Security,wishlist,3.7,0,2024-02-23,
10644,U0508,3985,Elliptical Trainer,Fitness,purchase,3.7,1,2023-12-09,
10645,U0041,4562,Exercise Bike,Fitness,view,,0,2024-06-19,743.0
10646,U1845,678,Smart Garage Door Opener,Security,wishlist,3.0,0,2023-11-04,
10647,U1416,2206,Misting Fan,Climate,view,,0,2023-02-10,6.0
10648,U0692,938,Smart Refrigerator,Kitchen,add_to_cart,,0,2024-06-11,
10649,U0736,599,Pressure Washer,Cleaning,add_to_cart,,0,2024-04-05,
10650,U0845,3742,Rice Cooker,Kitchen,add_to_cart,,0,2023-08-24,
10651,U1276,1756,Speakers,Entertainment,view,,0,2023-04-19,96.0
10652,U1116,565,Wine Cooler,Kitchen,purchase,4.9,1,2023-06-26,
10653,U0281,829,Exhaust Fan,Climate,purchase,4.4,1,2024-08-13,
10654,U0226,75,Clock,Decor,view,,0,2024-08-29,132.0
10655,U0017,1718,Hand Mixer,Kitchen,view,,0,2024-03-27,86.0
10656,U0453,2219,Terrarium Heater,Pet,purchase,4.0,1,2023-06-07,
10657,U0776,162,Foot Massager,Personal Care,view,,0,2024-09-21,48.0
10658,U1710,2984,Handheld Vacuum,Cleaning,purchase,4.1,1,2024-04-23,
10659,U0525,863,WiFi Extender,Networking,add_to_cart,,0,2024-04-03,
10660,U0030,2003,Wall Clock,Decor,view,,0,2024-08-15,187.0
10661,U0321,2297,Trimmer,Personal Care,purchase,4.3,1,2023-05-20,
10662,U0885,4314,Smoke Detector,Security,add_to_cart,,0,2023-08-09,
10663,U0497,1123,Clock,Decor,wishlist,2.7,0,2023-08-01,
10664,U1059,2946,Electric Mop,Cleaning,purchase,4.6,1,2023-06-09,
10665,U0960,4441,Bathroom Exhaust Fan,Bathroom,purchase,4.5,1,2023-04-26,
10666,U1104,3476,Smart Refrigerator,Kitchen,purchase,3.7,1,2024-08-16,
10667,U1719,2479,Citrus Juicer,Kitchen,add_to_cart,,0,2024-05-02,
10668,U0278,4300,Trimmer,Personal Care,view,,0,2024-09-06,111.0
10669,U1552,472,Pool Heater,Outdoor,purchase,4.0,1,2023-11-12,
10670,U0020,4168,Digital Photo Frame,Entertainment,purchase,4.6,1,2024-12-30,
10671,U0089,3772,Modem,Networking,purchase,5.0,1,2024-05-03,
10672,U1365,1991,Electric Toothbrush,Personal Care,view,,0,2024-09-30,86.0
10673,U1582,2547,Wall Clock,Decor,purchase,4.7,1,2024-01-19,
10674,U1448,733,Range Hood,Kitchen,purchase,5.0,1,2023-12-10,
10675,U1736,1753,Smart Speaker,Entertainment,purchase,5.0,1,2023-08-15,
10676,U0564,3208,Digital Photo Frame,Entertainment,purchase,4.2,1,2024-11-10,
10677,U1049,557,Vacuum Cleaner,Cleaning,add_to_cart,,0,2024-07-25,
10678,U0234,1335,Electric Pressure Cooker,Kitchen,purchase,3.1,1,2024-11-14,
10679,U1957,4021,Chainsaw,Tools,purchase,4.5,1,2023-04-06,
10680,U0444,273,Extension Cord,Power,view,,0,2023-11-30,34.0
10681,U1273,4605,Thermostat,Climate,view,,0,2023-05-28,7.0
10682,U1318,4131,Baby Food Maker,Kitchen,view,,0,2023-03-11,36.0
10683,U0646,3891,Fan,Climate,add_to_cart,,0,2024-02-11,
10684,U1688,2800,Chapati Maker,Kitchen,add_to_cart,,0,2024-06-11,
10685,U1375,265,Cooktop,Kitchen,view,,0,2023-06-19,123.0
10686,U1695,2643,Electric Mop,Cleaning,purchase,3.4,1,2024-10-13,
10687,U0863,3232,Wall Clock,Decor,add_to_cart,,0,2023-09-30,
10688,U0469,2887,Boot Warmer,Laundry,purchase,2.8,1,2024-08-17,
10689,U0213,4021,Chainsaw,Tools,purchase,4.1,1,2024-09-05,
10690,U1062,4587,Washer Dryer Combo,Laundry,add_to_cart,,0,2024-09-11,
10691,U0158,4657,Air Quality Monitor,Smart Home,add_to_cart,,0,2023-05-21,
10692,U0479,3966,Electric Tandoor,Kitchen,add_to_cart,,0,2023-10-17,
10693,U0823,1993,Scanner,Tools,purchase,3.6,1,2024-10-28,
10694,U1329,704,Central Vacuum System,Cleaning,view,,0,2024-01-25,146.0
10695,U1048,668,Heating Pad,Personal Care,purchase,3.6,1,2023-04-27,
10696,U1195,2296,Deep Fryer,Kitchen,wishlist,5.0,0,2023-02-15,
10697,U0417,3948,Dishwasher,Cleaning,view,,0,2024-02-14,2.0
10698,U0452,3296,Exhaust Fan,Climate,view,,0,2023-08-03,256.0
10699,U1158,2290,Smart Lock,Security,view,,0,2023-02-22,6.0
10700,U1160,952,Clock,Decor,view,,0,2023-11-24,470.0
10701,U1196,537,Hair Straightener,Personal Care,view,,0,2024-01-16,58.0
10702,U1904,4332,Laminator,Tools,view,,0,2024-10-19,27.0
10703,U0580,455,Home Automation Controller,Networking,view,,0,2024-03-14,39.0
10704,U0851,2135,Ice Maker,Kitchen,add_to_cart,,0,2024-12-06,
10705,U1548,2679,Smart Refrigerator,Kitchen,purchase,4.5,1,2024-09-22,
10706,U0663,3258,Security Camera,Security,wishlist,4.5,0,2024-01-06,
10707,U1529,1096,Wall Clock,Decor,view,,0,2023-12-18,79.0
10708,U0722,1360,Fermentation Crock,Hobby,view,,0,2023-10-20,11.0
10709,U1086,738,Electric Oven,Kitchen,view,,0,2024-09-26,163.0
10710,U0903,1964,Network Attached Storage,Networking,wishlist,3.5,0,2023-11-20,
10711,U1511,4611,Aquarium Filter,Pet,view,,0,2024-09-08,50.0
10712,U0317,2978,Water Flosser,Personal Care,add_to_cart,,0,2023-10-13,
10713,U1220,4775,3D Printer,Hobby,purchase,5.0,1,2024-08-21,
10714,U1614,4809,RO Purifier,Bathroom,view,,0,2023-04-05,13.0
10715,U0054,3463,Home Automation Controller,Networking,wishlist,3.9,0,2023-02-20,
10716,U1401,672,Aquarium Filter,Pet,purchase,4.0,1,2023-01-07,
10717,U0717,2150,Terrarium Heater,Pet,add_to_cart,,0,2023-06-13,
10718,U0564,4440,DVD Player,Entertainment,add_to_cart,,0,2024-03-14,
10719,U0540,4816,Fabric Shaver,Laundry,view,,0,2024-10-05,142.0
10720,U0398,165,Wall Clock,Decor,purchase,3.4,1,2024-09-16,
10721,U0615,1384,Robot Vacuum,Cleaning,purchase,4.9,1,2023-07-04,
10722,U1684,1145,Air Cooler,Climate,purchase,5.0,1,2024-10-28,
10723,U1861,3698,Soundbar,Entertainment,view,,0,2023-01-17,147.0
10724,U1737,3361,Geyser,Bathroom,purchase,4.0,1,2023-03-25,
10725,U0260,277,Massage Chair,Personal Care,purchase,4.2,1,2024-02-14,
10726,U1385,1929,Weather Station,Smart Home,add_to_cart,,0,2024-09-15,
10727,U0090,3018,Blender,Kitchen,wishlist,1.6,0,2023-04-06,
10728,U1807,671,Foot Massager,Personal Care,purchase,4.4,1,2024-10-18,
10729,U0484,863,WiFi Extender,Networking,purchase,4.8,1,2023-02-15,
10730,U0553,1176,Juicer,Kitchen,add_to_cart,,0,2024-08-19,
10731,U0268,4445,Roti Maker,Kitchen,view,,0,2023-03-07,189.0
10732,U0929,478,Misting Fan,Climate,purchase,1.7,1,2024-10-29,
10733,U0480,4216,Bathroom Exhaust Fan,Bathroom,wishlist,4.2,0,2024-08-02,
10734,U1429,1153,Pool Heater,Outdoor,purchase,5.0,1,2023-04-25,
10735,U1866,4074,Sprinkler System,Tools,view,,0,2024-12-23,7.0
10736,U1941,3513,RO Purifier,Bathroom,add_to_cart,,0,2024-11-13,
10737,U0911,2892,Food Processor,Kitchen,view,,0,2023-06-22,129.0
10738,U1437,3008,Electric Oven,Kitchen,wishlist,5.0,0,2023-02-07,
10739,U0573,1730,Smart Plug,Smart Home,purchase,3.2,1,2023-02-07,
10740,U0965,97,Freezer,Kitchen,view,,0,2024-08-02,1.0
10741,U1279,3688,Electric Lunch Box,Kitchen,view,,0,2024-02-25,289.0
10742,U1419,4407,Fermentation Crock,Hobby,view,,0,2023-08-11,43.0
10743,U1174,4194,Crepe Maker,Kitchen,purchase,4.0,1,2023-12-06,
10744,U0089,2918,Pet Feeder,Pet,view,,0,2024-05-08,133.0
10745,U0537,4577,Smart Refrigerator,Kitchen,add_to_cart,,0,2024-01-22,
10746,U1528,1030,Fan,Climate,add_to_cart,,0,2024-09-18,
10747,U0261,3625,Cold Press Juicer,Kitchen,purchase,3.9,1,2023-02-08,
10748,U1084,1808,Terrarium Heater,Pet,view,,0,2023-12-25,1.0
10749,U1110,2075,Pool Pump,Outdoor,view,,0,2023-11-18,43.0
10750,U0636,1052,Citrus Juicer,Kitchen,add_to_cart,,0,2023-03-31,
10751,U0248,2235,Freezer,Kitchen,add_to_cart,,0,2023-01-14,
10752,U0071,1059,Coffee Maker,Kitchen,view,,0,2023-04-04,16.0
10753,U1270,274,Slow Cooker,Kitchen,wishlist,3.2,0,2024-05-01,
10754,U1716,127,Massager,Personal Care,view,,0,2024-06-09,3.0
10755,U0619,3602,Smart TV,Entertainment,purchase,4.6,1,2023-11-26,
10756,U0480,317,Vacuum Sealer,Kitchen,view,,0,2023-07-06,23.0
10757,U0185,4297,Misting Fan,Climate,add_to_cart,,0,2024-08-28,
10758,U1962,3161,UPS,Power,purchase,4.8,1,2024-11-08,
10759,U0004,3658,Vacuum Cleaner,Cleaning,purchase,4.6,1,2024-12-27,
10760,U0583,4960,Aquarium Filter,Pet,view,,0,2024-03-07,245.0
10761,U0639,465,Slush Machine,Hobby,view,,0,2023-12-16,18.0
10762,U0670,1637,Solar Panel Inverter,Power,wishlist,3.0,0,2024-03-11,
10763,U1156,3995,Sandwich Maker,Kitchen,wishlist,4.4,0,2023-05-27,
10764,U0240,223,Gas Stove,Kitchen,wishlist,4.7,0,2023-09-10,
10765,U1302,2465,Lint Remover,Laundry,view,,0,2024-01-22,353.0
10766,U1375,4748,Chainsaw,Tools,add_to_cart,,0,2024-01-13,
10767,U1743,4724,Aquarium Heater,Pet,view,,0,2023-04-22,1.0
10768,U0961,1288,Lawn Mower,Tools,purchase,3.5,1,2024-01-09,
10769,U0879,3264,Waffle Maker,Kitchen,view,,0,2023-03-31,17.0
10770,U1744,3318,Foot Massager,Personal Care,wishlist,4.5,0,2024-09-30,
10771,U1494,3766,Smart Door Lock,Security,view,,0,2024-07-01,518.0
10772,U1181,27,Pet Feeder,Pet,add_to_cart,,0,2024-06-02,
10773,U0467,4944,CCTV System,Security,view,,0,2024-09-24,151.0
10774,U0809,4930,Electric Fireplace,Climate,view,,0,2024-07-26,154.0
10775,U1960,4183,Water Flosser,Personal Care,purchase,4.1,1,2024-12-07,
10776,U1523,1101,Emergency Light,Security,purchase,4.8,1,2023-04-06,
10777,U1049,1869,Cotton Candy Machine,Hobby,view,,0,2024-03-08,127.0
10778,U0620,3080,Air Purifier,Climate,view,,0,2023-07-31,288.0
10779,U0070,3487,Built In Microwave,Kitchen,wishlist,4.0,0,2024-06-29,
10780,U1841,4218,Wall Clock,Decor,add_to_cart,,0,2024-07-18,
10781,U0706,3168,Milk Frother,Kitchen,add_to_cart,,0,2023-11-18,
10782,U1074,2947,Bidet Seat,Bathroom,view,,0,2024-06-20,134.0
10783,U1216,3532,Electric Vehicle Charger,Power,add_to_cart,,0,2024-08-17,
10784,U0061,4728,Extension Cord,Power,view,,0,2023-08-12,107.0
10785,U0879,2512,Video Doorbell,Security,view,,0,2023-12-03,28.0
10786,U0076,103,Massage Chair,Personal Care,view,,0,2023-04-04,50.0
10787,U1975,3002,Terrarium Heater,Pet,view,,0,2024-09-23,53.0
10788,U0339,4088,Video Doorbell,Security,purchase,4.2,1,2023-05-13,
10789,U0450,3359,Towel Warmer,Bathroom,add_to_cart,,0,2023-07-30,
10790,U0608,3691,Juicer,Kitchen,purchase,4.1,1,2023-09-15,
10791,U0723,1776,Cotton Candy Machine,Hobby,wishlist,3.0,0,2024-10-16,
10792,U0636,4375,Power Strip,Power,view,,0,2024-06-08,326.0
10793,U0513,2250,Robot Vacuum,Cleaning,add_to_cart,,0,2023-10-13,
10794,U1981,146,Electric Skillet,Kitchen,add_to_cart,,0,2023-08-02,
10795,U1915,3996,Rowing Machine,Fitness,add_to_cart,,0,2023-01-01,
10796,U0615,4828,Grill Microwave,Kitchen,view,,0,2024-04-07,216.0
10797,U1716,1014,Boot Warmer,Laundry,add_to_cart,,0,2024-10-13,
10798,U0133,1336,Portable Dishwasher,Cleaning,wishlist,4.0,0,2024-04-25,
10799,U1487,936,Electric Toothbrush,Personal Care,purchase,4.6,1,2023-05-19,
10800,U0510,3854,Heating Pad,Personal Care,purchase,3.9,1,2024-01-22,
10801,U0751,1393,Exercise Bike,Fitness,wishlist,4.1,0,2024-11-15,
10802,U0074,3110,Window Cleaner Robot,Cleaning,purchase,3.0,1,2023-08-15,
10803,U0921,1096,Wall Clock,Decor,add_to_cart,,0,2023-06-12,
10804,U1920,1266,Built In Oven,Kitchen,view,,0,2024-12-22,276.0
10805,U0675,4645,Smart Plug,Smart Home,purchase,4.9,1,2023-06-06,
10806,U1981,2343,Cold Press Juicer,Kitchen,purchase,5.0,1,2023-11-30,
10807,U1368,2296,Deep Fryer,Kitchen,wishlist,5.0,0,2024-09-24,
10808,U0517,4064,Smart Dryer,Laundry,view,,0,2023-11-17,45.0
10809,U0847,1356,3D Printer,Hobby,add_to_cart,,0,2024-01-21,
10810,U1854,798,Ceiling Fan,Climate,wishlist,5.0,0,2023-10-11,
10811,U0193,1805,Bladeless Fan,Climate,add_to_cart,,0,2023-01-29,
10812,U0796,2730,Smart Dryer,Laundry,add_to_cart,,0,2024-05-21,
10813,U0471,1814,Ice Crusher,Kitchen,view,,0,2023-09-19,361.0
10814,U1305,2692,Electric Toothbrush,Personal Care,view,,0,2023-05-13,6.0
10815,U0858,2787,Hair Dryer,Personal Care,purchase,3.2,1,2023-01-17,
10816,U0986,679,Exercise Bike,Fitness,view,,0,2023-04-30,95.0
10817,U0069,3645,UV Water Purifier,Bathroom,add_to_cart,,0,2023-11-02,
10818,U0441,1034,Water Pump,Outdoor,purchase,4.3,1,2023-08-26,
10819,U1990,3162,Rowing Machine,Fitness,view,,0,2023-04-26,347.0
10820,U1588,2121,Home Sauna,Fitness,purchase,5.0,1,2023-03-25,
10821,U1795,4588,Ice Cream Maker,Kitchen,view,,0,2024-05-23,156.0
10822,U0703,4982,Can Opener,Kitchen,purchase,4.3,1,2023-09-12,
10823,U0053,3133,Booster Pump,Outdoor,add_to_cart,,0,2023-01-17,
10824,U0888,4851,Security Camera,Security,purchase,4.4,1,2023-04-06,
10825,U0637,2054,Grill Microwave,Kitchen,view,,0,2023-07-17,127.0
10826,U1208,731,Smart Oven,Kitchen,view,,0,2023-01-19,14.0
10827,U0658,1603,Electric Toothbrush,Personal Care,view,,0,2024-06-22,12.0
10828,U1158,1721,Jacuzzi Pump,Bathroom,add_to_cart,,0,2023-02-23,
10829,U1271,1906,Coffee Grinder,Kitchen,add_to_cart,,0,2024-02-09,
10830,U0770,231,Electric Lunch Box,Kitchen,view,,0,2023-07-24,408.0
10831,U0440,815,WiFi Extender,Networking,purchase,3.9,1,2024-05-03,
10832,U1845,3785,Leaf Blower,Tools,view,,0,2023-06-21,282.0
10833,U0535,503,Aquarium Filter,Pet,wishlist,4.3,0,2023-04-17,
10834,U1973,528,Solo Microwave,Kitchen,view,,0,2023-03-14,12.0
10835,U0830,1084,Air Quality Monitor,Smart Home,view,,0,2023-09-13,20.0
10836,U0606,2817,Electric Knife,Kitchen,view,,0,2024-10-21,12.0
10837,U1053,2383,Bathroom Exhaust Fan,Bathroom,wishlist,3.7,0,2024-07-24,
10838,U1063,3547,Electric Skillet,Kitchen,add_to_cart,,0,2023-09-20,
10839,U0584,409,Smart Air Conditioner,Climate,purchase,2.2,1,2024-10-01,
10840,U1418,688,Induction Oven,Kitchen,add_to_cart,,0,2023-04-26,
10841,U1770,940,Bread Maker,Kitchen,add_to_cart,,0,2024-08-20,
10842,U0239,1059,Coffee Maker,Kitchen,view,,0,2024-04-07,429.0
10843,U0261,4694,Rowing Machine,Fitness,add_to_cart,,0,2023-11-13,
10844,U0175,4169,Deep Fryer,Kitchen,view,,0,2023-11-25,79.0
10845,U1945,1048,Printer,Tools,wishlist,4.6,0,2024-01-31,
10846,U1858,3993,Modem,Networking,view,,0,2023-03-30,237.0
10847,U1125,4740,Landline Phone,Smart Home,view,,0,2023-10-03,702.0
10848,U1668,4327,Air Quality Monitor,Smart Home,view,,0,2023-03-15,17.0
10849,U0373,2032,RO Purifier,Bathroom,add_to_cart,,0,2023-12-26,
10850,U1582,4275,Electric Mop,Cleaning,wishlist,4.9,0,2024-02-27,
10851,U0081,4863,Set Top Box,Entertainment,wishlist,3.2,0,2024-01-16,
10852,U1046,115,Hair Straightener,Personal Care,purchase,4.6,1,2023-01-03,
10853,U1480,2965,Terrarium Heater,Pet,view,,0,2023-04-02,90.0
10854,U0555,314,Pressure Washer,Cleaning,view,,0,2023-05-06,98.0
10855,U0765,3726,Knitting Machine,Hobby,wishlist,3.3,0,2024-06-06,
10856,U1455,3261,Automatic Pet Water Fountain,Pet,purchase,3.9,1,2023-10-27,
10857,U1457,2759,Sandwich Maker,Kitchen,view,,0,2023-12-21,84.0
10858,U0300,1695,Built In Microwave,Kitchen,add_to_cart,,0,2024-04-27,
10859,U0651,1125,Table Fan,Climate,view,,0,2023-07-24,225.0
10860,U0928,3016,Video Doorbell,Security,view,,0,2023-07-10,120.0
10861,U0779,1846,Toaster Oven,Kitchen,view,,0,2023-08-17,66.0
10862,U1976,803,Meat Grinder,Kitchen,purchase,3.5,1,2024-03-24,
10863,U0091,2786,Pet Feeder,Pet,add_to_cart,,0,2023-02-02,
10864,U1777,3261,Automatic Pet Water Fountain,Pet,add_to_cart,,0,2023-04-07,
10865,U1644,4202,Handheld Vacuum,Cleaning,view,,0,2024-11-12,161.0
10866,U0988,105,Home Server,Networking,view,,0,2023-12-31,68.0
10867,U1865,4327,Air Quality Monitor,Smart Home,add_to_cart,,0,2023-07-30,
10868,U0582,4212,Pool Pump,Outdoor,wishlist,2.5,0,2024-08-09,
10869,U0577,1489,Egg Cooker,Kitchen,view,,0,2023-02-18,70.0
10870,U0685,229,Water Softener,Bathroom,view,,0,2023-11-02,60.0
10871,U0960,3057,Knitting Machine,Hobby,view,,0,2023-11-09,265.0
10872,U0535,1660,Chapati Maker,Kitchen,wishlist,3.9,0,2024-11-05,
10873,U0025,1730,Smart Plug,Smart Home,add_to_cart,,0,2024-12-21,
10874,U1741,3651,Network Attached Storage,Networking,view,,0,2023-09-30,86.0
10875,U0780,3654,Aquarium Filter,Pet,add_to_cart,,0,2023-09-28,
10876,U0823,4350,Smart Dryer,Laundry,add_to_cart,,0,2024-11-22,
10877,U0548,1060,Vacuum Cleaner,Cleaning,view,,0,2023-12-06,35.0
10878,U1242,4335,Trimmer,Personal Care,add_to_cart,,0,2024-01-24,
10879,U0743,2003,Wall Clock,Decor,add_to_cart,,0,2023-06-07,
10880,U0670,1320,Inverter,Power,view,,0,2023-06-21,249.0
10881,U0123,3903,Modem,Networking,purchase,5.0,1,2023-01-10,
10882,U0140,417,Water Pump,Outdoor,wishlist,3.8,0,2024-04-10,
10883,U1168,127,Massager,Personal Care,view,,0,2023-01-12,56.0
10884,U0582,2283,Attic Fan,Climate,view,,0,2023-08-23,124.0
10885,U1013,4828,Grill Microwave,Kitchen,purchase,2.8,1,2024-05-16,
10886,U1304,2123,Portable Air Conditioner,Climate,wishlist,4.2,0,2024-02-11,
10887,U0111,2762,Set Top Box,Entertainment,wishlist,4.5,0,2023-07-02,
10888,U1688,544,Garage Door Motor,Outdoor,view,,0,2023-06-12,10.0
10889,U0027,1621,Basement Dehumidifier,Outdoor,purchase,5.0,1,2023-12-22,
10890,U0910,1508,Pet Feeder,Pet,purchase,3.7,1,2023-11-14,
10891,U0003,1710,Subwoofer,Entertainment,view,,0,2023-08-21,298.0
10892,U1967,1859,Sprinkler System,Tools,view,,0,2023-10-24,46.0
10893,U1775,2023,Wall Clock,Decor,view,,0,2024-05-31,97.0
10894,U0365,1116,Washing Machine,Laundry,purchase,4.7,1,2023-07-01,
10895,U1209,529,Smart TV,Entertainment,purchase,2.9,1,2023-05-08,
10896,U1791,2781,Meat Grinder,Kitchen,view,,0,2023-09-28,41.0
10897,U0653,1423,Electric Kettle,Kitchen,view,,0,2024-10-14,52.0
10898,U0652,188,Smart Curtain Motor,Smart Home,add_to_cart,,0,2024-03-17,
10899,U1118,1930,Sewing Machine,Hobby,add_to_cart,,0,2023-11-17,
10900,U1310,1279,Heater,Climate,purchase,4.2,1,2024-11-11,
10901,U0353,3988,Shoe Dryer,Laundry,view,,0,2024-02-06,77.0
10902,U0913,3105,Video Doorbell,Security,purchase,2.8,1,2024-01-11,
10903,U0783,3779,Slush Machine,Hobby,view,,0,2023-06-29,52.0
10904,U0149,4510,Sprinkler System,Tools,add_to_cart,,0,2023-10-28,
10905,U1621,4799,Trimmer,Personal Care,add_to_cart,,0,2024-10-15,
10906,U0638,2464,Heater,Climate,add_to_cart,,0,2024-03-18,
10907,U1458,253,Smart Lock,Security,view,,0,2024-01-09,232.0
10908,U1748,4659,Kegerator,Hobby,view,,0,2024-05-24,9.0
10909,U0502,2154,Sandwich Maker,Kitchen,view,,0,2024-05-23,82.0
10910,U0600,2421,Water Heater,Bathroom,wishlist,4.5,0,2023-03-23,
10911,U0214,1192,Electric Blanket,Personal Care,view,,0,2024-02-29,358.0
10912,U1023,4469,Digital Safe,Security,view,,0,2024-08-10,74.0
10913,U0183,1572,Lint Remover,Laundry,view,,0,2024-01-02,33.0
10914,U0952,4201,Solo Microwave,Kitchen,purchase,4.9,1,2023-07-31,
10915,U1625,4103,Electric Mop,Cleaning,view,,0,2024-04-09,16.0
10916,U1897,940,Bread Maker,Kitchen,purchase,4.2,1,2023-11-17,
10917,U1510,4845,Boot Warmer,Laundry,add_to_cart,,0,2023-02-05,
10918,U0560,1575,Aquarium Heater,Pet,wishlist,5.0,0,2024-12-23,
10919,U1572,1633,Knitting Machine,Hobby,view,,0,2023-09-17,213.0
10920,U0123,1067,Hand Mixer,Kitchen,view,,0,2024-01-14,148.0
10921,U1731,2789,Exhaust Fan,Climate,add_to_cart,,0,2024-07-08,
10922,U0270,2652,Massager,Personal Care,add_to_cart,,0,2023-01-09,
10923,U1582,144,Water Pump,Outdoor,view,,0,2023-09-21,296.0
10924,U0932,4188,Carpet Cleaner,Cleaning,add_to_cart,,0,2023-06-19,
10925,U0602,2171,Home Automation Controller,Networking,add_to_cart,,0,2024-01-07,
10926,U0022,1847,Built In Refrigerator,Kitchen,view,,0,2023-03-18,167.0
10927,U1742,3515,Electric Tandoor,Kitchen,view,,0,2024-07-15,56.0
10928,U0839,1335,Electric Pressure Cooker,Kitchen,purchase,2.0,1,2023-02-03,
10929,U1774,2060,Alarm Clock,Decor,wishlist,4.6,0,2023-06-03,
10930,U0960,837,Massage Chair,Personal Care,purchase,3.5,1,2024-05-08,
10931,U1704,1446,Towel Warmer,Bathroom,view,,0,2023-01-09,2.0
10932,U0141,4464,Fabric Shaver,Laundry,add_to_cart,,0,2023-08-04,
10933,U0893,4727,DVD Player,Entertainment,add_to_cart,,0,2024-04-16,
10934,U1446,2792,Automatic Pet Water Fountain,Pet,wishlist,3.8,0,2023-01-24,
10935,U1946,323,Landline Phone,Smart Home,purchase,4.6,1,2024-06-15,
10936,U1629,666,Induction Cooktop,Kitchen,view,,0,2024-05-21,76.0
10937,U1995,120,Smart Oven,Kitchen,add_to_cart,,0,2024-09-13,
10938,U0907,232,Juicer,Kitchen,purchase,4.4,1,2023-07-28,
10939,U1069,3529,Door Intercom,Security,purchase,4.8,1,2024-02-05,
10940,U1707,981,Electric Grill,Kitchen,wishlist,3.3,0,2023-09-09,
10941,U0392,3120,Tea Maker,Kitchen,add_to_cart,,0,2024-04-12,
10942,U0636,207,Blender,Kitchen,wishlist,4.6,0,2023-04-01,
10943,U1587,3759,Table Fan,Climate,view,,0,2023-03-04,128.0
10944,U0933,417,Water Pump,Outdoor,view,,0,2023-03-30,193.0
10945,U1281,1937,Chainsaw,Tools,view,,0,2024-06-15,64.0
10946,U0063,3028,Angle Grinder,Tools,add_to_cart,,0,2023-06-15,
10947,U0685,3159,Window Air Conditioner,Climate,purchase,3.8,1,2024-10-12,
10948,U0429,3289,Electric Skillet,Kitchen,purchase,4.7,1,2023-07-10,
10949,U0708,4492,Voltage Stabilizer,Power,add_to_cart,,0,2023-02-02,
10950,U1582,2386,Aquarium Heater,Pet,add_to_cart,,0,2023-06-15,
10951,U1444,1004,Emergency Light,Security,purchase,5.0,1,2023-02-21,
10952,U1030,1391,Kitchen Chimney,Kitchen,wishlist,3.3,0,2023-10-01,
10953,U0265,488,Subwoofer,Entertainment,view,,0,2023-08-21,141.0
10954,U1760,3163,Electric Shaver,Personal Care,purchase,4.0,1,2023-08-30,
10955,U1782,4784,Smart Display,Entertainment,wishlist,3.8,0,2023-12-31,
10956,U0703,1276,Hair Straightener,Personal Care,purchase,3.0,1,2023-06-07,
10957,U1656,4259,Electric Scooter Charger,Power,view,,0,2024-05-01,144.0
10958,U1331,3016,Video Doorbell,Security,purchase,3.2,1,2024-02-02,
10959,U0956,938,Smart Refrigerator,Kitchen,purchase,4.2,1,2024-05-02,
10960,U0187,547,Smart Thermostat,Climate,wishlist,3.9,0,2024-12-05,
10961,U1113,1475,Sprinkler System,Tools,view,,0,2024-01-08,77.0
10962,U1764,1232,Electric Toothbrush,Personal Care,view,,0,2024-11-01,61.0
10963,U0144,4578,Hair Dryer,Personal Care,purchase,4.1,1,2024-04-26,
10964,U0152,3535,Clothes Dryer,Laundry,add_to_cart,,0,2024-09-19,
10965,U1425,2565,Automatic Pet Water Fountain,Pet,view,,0,2023-08-06,147.0
10966,U0613,2207,Clock,Decor,purchase,5.0,1,2023-04-01,
10967,U1130,1938,Scanner,Tools,purchase,4.1,1,2024-07-27,
10968,U0427,4585,Smart Hub,Networking,view,,0,2023-03-29,20.0
10969,U0158,3645,UV Water Purifier,Bathroom,view,,0,2023-04-19,92.0
10970,U1750,1622,Tea Maker,Kitchen,view,,0,2023-12-29,62.0
10971,U0694,778,Lawn Mower,Tools,purchase,4.3,1,2023-04-17,
10972,U0554,3570,Electric Oven,Kitchen,wishlist,3.9,0,2024-12-30,
10973,U1312,1885,Home Brewing Kit,Hobby,view,,0,2024-12-17,68.0
10974,U0619,3678,Soundbar,Entertainment,view,,0,2024-03-09,107.0
10975,U1067,3067,Projector,Entertainment,view,,0,2024-08-13,487.0
10976,U0625,336,Water Filter,Bathroom,view,,0,2023-09-22,64.0
10977,U0530,4468,Clothesline Dryer,Laundry,view,,0,2024-06-14,205.0
10978,U0519,1100,Smart Thermostat,Climate,wishlist,3.1,0,2023-02-16,
10979,U0667,149,Landline Phone,Smart Home,view,,0,2024-05-29,157.0
10980,U1425,2435,Aquarium Filter,Pet,view,,0,2024-04-08,35.0
10981,U0356,2803,Router,Networking,view,,0,2023-06-24,170.0
10982,U1320,3966,Electric Tandoor,Kitchen,add_to_cart,,0,2024-06-27,
10983,U0490,41,Router,Networking,add_to_cart,,0,2024-11-12,
10984,U0225,909,UPS,Power,purchase,4.1,1,2024-09-22,
10985,U0487,4777,Electric Pressure Cooker,Kitchen,view,,0,2023-01-05,109.0
10986,U1804,1305,Electric Drill,Tools,purchase,5.0,1,2024-12-28,
10987,U0412,2904,Air Purifier,Climate,view,,0,2024-01-01,14.0
10988,U1682,3868,Massager,Personal Care,add_to_cart,,0,2023-10-04,
10989,U0359,2970,Vacuum Cleaner,Cleaning,add_to_cart,,0,2024-01-28,
10990,U1109,229,Water Softener,Bathroom,view,,0,2023-04-08,1.0
10991,U0015,3177,Massage Chair,Personal Care,add_to_cart,,0,2024-06-17,
10992,U0235,4150,Smoke Detector,Security,view,,0,2023-04-13,290.0
10993,U0071,4429,Gaming Console,Entertainment,view,,0,2023-10-17,73.0
10994,U0855,4690,Chapati Maker,Kitchen,add_to_cart,,0,2024-12-14,
10995,U1602,1567,Bladeless Fan,Climate,view,,0,2023-03-11,93.0
10996,U0700,3155,Blender,Kitchen,add_to_cart,,0,2024-11-19,
10997,U1012,3722,Air Quality Monitor,Smart Home,wishlist,4.0,0,2023-10-19,
10998,U1887,1759,Smart Plug,Smart Home,view,,0,2024-03-26,98.0
10999,U1931,3220,Smart Vacuum,Cleaning,purchase,3.4,1,2024-04-19,
11000,U0343,509,Convection Microwave,Kitchen,view,,0,2024-10-15,108.0
11001,U0887,4319,Smart Switch,Smart Home,view,,0,2023-07-02,22.0
11002,U1969,1987,Digital Safe,Security,add_to_cart,,0,2024-04-23,
11003,U0135,257,Alarm Clock,Decor,wishlist,3.4,0,2024-06-13,
11004,U0771,2326,Electric Shaver,Personal Care,view,,0,2024-08-23,98.0
11005,U0035,47,Bottle Sterilizer,Kitchen,add_to_cart,,0,2023-11-10,
11006,U0249,3805,Air Quality Monitor,Smart Home,add_to_cart,,0,2023-01-18,
11007,U0003,3240,Pressure Washer,Cleaning,add_to_cart,,0,2023-09-07,
11008,U1411,501,Electric Fireplace,Climate,purchase,5.0,1,2024-09-25,
11009,U0778,4630,Towel Warmer,Bathroom,purchase,5.0,1,2024-03-25,
11010,U0129,2723,Juicer,Kitchen,view,,0,2023-12-06,75.0
11011,U1347,4713,Knitting Machine,Hobby,purchase,3.8,1,2023-12-26,
11012,U0302,2578,Convection Microwave,Kitchen,add_to_cart,,0,2023-07-20,
11013,U1383,4737,Foot Massager,Personal Care,view,,0,2023-03-05,170.0
11014,U1579,994,Blender,Kitchen,add_to_cart,,0,2024-01-10,
11015,U1061,4510,Sprinkler System,Tools,add_to_cart,,0,2023-01-10,
11016,U0639,3490,Smart TV,Entertainment,view,,0,2023-01-29,33.0
11017,U0497,671,Foot Massager,Personal Care,view,,0,2023-02-19,205.0
11018,U0600,3560,Carpet Cleaner,Cleaning,purchase,4.3,1,2023-04-08,
11019,U0171,3727,Water Flosser,Personal Care,purchase,4.9,1,2024-01-18,
11020,U1721,299,Door Intercom,Security,view,,0,2023-05-23,54.0
11021,U1983,4403,Dishwasher,Cleaning,purchase,5.0,1,2024-07-07,
11022,U1439,4608,Robot Vacuum,Cleaning,purchase,4.0,1,2024-01-31,
11023,U1464,1162,Handheld Vacuum,Cleaning,wishlist,3.8,0,2024-10-13,
11024,U0152,3166,Label Maker,Tools,add_to_cart,,0,2024-09-29,
11025,U0597,2974,Misting Fan,Climate,add_to_cart,,0,2023-07-06,
11026,U0030,4433,Espresso Machine,Kitchen,purchase,4.3,1,2024-10-09,
11027,U1097,3362,CCTV System,Security,view,,0,2024-01-11,49.0
11028,U1827,3492,Clothesline Dryer,Laundry,add_to_cart,,0,2023-10-11,
11029,U0877,215,Emergency Light,Security,view,,0,2023-03-14,38.0
11030,U0889,1567,Bladeless Fan,Climate,view,,0,2023-08-12,33.0
11031,U1659,2045,Washer Dryer Combo,Laundry,purchase,3.0,1,2024-02-04,
11032,U0436,220,Water Pump,Outdoor,add_to_cart,,0,2024-05-16,
11033,U1015,3994,Knitting Machine,Hobby,view,,0,2023-11-27,44.0
11034,U1140,2733,Carpet Cleaner,Cleaning,purchase,5.0,1,2024-07-20,
11035,U0296,3533,Home Automation Controller,Networking,wishlist,4.6,0,2023-02-19,
11036,U0723,1113,Epilator,Personal Care,wishlist,5.0,0,2024-08-28,
11037,U0036,2424,Aquarium Heater,Pet,view,,0,2024-07-10,72.0
11038,U0275,3899,Automatic Pet Water Fountain,Pet,view,,0,2024-12-24,49.0
11039,U1814,2648,Battery Charger,Power,view,,0,2023-05-08,40.0
11040,U1786,1922,Aquarium Filter,Pet,purchase,3.9,1,2024-12-03,
11041,U1732,2974,Misting Fan,Climate,purchase,3.0,1,2024-08-19,
11042,U0980,2946,Electric Mop,Cleaning,view,,0,2023-12-01,118.0
11043,U0404,2603,Mini Fridge,Kitchen,purchase,3.0,1,2024-03-30,
11044,U1896,2853,Floor Polisher,Cleaning,view,,0,2024-01-08,3.0
11045,U1137,90,Cooktop,Kitchen,view,,0,2023-10-05,137.0
11046,U0161,4740,Landline Phone,Smart Home,view,,0,2023-03-18,88.0
11047,U0380,1268,Convection Microwave,Kitchen,add_to_cart,,0,2024-04-04,
11048,U1735,4539,Electric Knife,Kitchen,view,,0,2023-01-08,109.0
11049,U0784,352,Inverter,Power,view,,0,2023-12-19,59.0
11050,U0590,589,Electric Shaver,Personal Care,view,,0,2024-11-26,33.0
11051,U1460,4312,Hair Dryer,Personal Care,purchase,4.0,1,2023-05-10,
11052,U1855,1142,Built In Oven,Kitchen,add_to_cart,,0,2023-05-23,
11053,U1392,4050,Home Automation Controller,Networking,add_to_cart,,0,2024-10-07,
11054,U0743,4270,Aquarium Heater,Pet,add_to_cart,,0,2024-11-26,
11055,U1240,3515,Electric Tandoor,Kitchen,purchase,4.2,1,2024-03-22,
11056,U1167,3052,Juicer,Kitchen,view,,0,2023-03-31,323.0
11057,U1948,3471,Smart Vacuum,Cleaning,purchase,4.1,1,2023-11-30,
11058,U0968,4219,Clock,Decor,purchase,4.3,1,2023-04-25,
11059,U1481,2252,Electric Skillet,Kitchen,purchase,2.5,1,2024-04-02,
11060,U1987,2515,Bidet Seat,Bathroom,add_to_cart,,0,2023-02-06,
11061,U1579,1297,Home Sauna,Fitness,add_to_cart,,0,2023-05-28,
11062,U0420,2384,Clock,Decor,view,,0,2023-02-19,105.0
11063,U1248,4350,Smart Dryer,Laundry,view,,0,2024-02-14,297.0
11064,U0216,4370,Water Filter,Bathroom,purchase,5.0,1,2023-11-10,
11065,U1197,4769,Shoe Dryer,Laundry,wishlist,3.8,0,2023-08-27,
11066,U1420,2210,Juicer,Kitchen,purchase,4.4,1,2024-01-20,
11067,U0624,2452,Smart Switch,Smart Home,view,,0,2023-03-30,132.0
11068,U1964,526,Tankless Water Heater,Bathroom,add_to_cart,,0,2024-10-05,
11069,U0045,1834,Boot Warmer,Laundry,view,,0,2024-10-16,115.0
11070,U1856,4749,Smart Bulb,Smart Home,wishlist,3.6,0,2024-09-07,
11071,U0114,444,Smart Garage Door Opener,Security,view,,0,2024-05-17,208.0
11072,U1904,3562,Electric Shaver,Personal Care,purchase,4.9,1,2024-12-17,
11073,U0632,951,Built In Refrigerator,Kitchen,view,,0,2024-11-14,4.0
11074,U0735,280,Smart Plug,Smart Home,add_to_cart,,0,2024-10-25,
11075,U0756,3120,Tea Maker,Kitchen,purchase,5.0,1,2024-08-14,
11076,U0545,3719,Clock,Decor,add_to_cart,,0,2023-08-13,
11077,U1321,168,Electric Mop,Cleaning,purchase,3.8,1,2023-04-08,
11078,U0912,2504,Water Flosser,Personal Care,add_to_cart,,0,2024-12-29,
11079,U1680,2615,Router,Networking,add_to_cart,,0,2023-09-14,
11080,U0737,3968,Scanner,Tools,view,,0,2023-01-11,528.0
11081,U1443,4051,Voltage Stabilizer,Power,view,,0,2023-09-03,4.0
11082,U1113,4840,WiFi Extender,Networking,add_to_cart,,0,2024-06-10,
11083,U0377,2170,Panini Press,Kitchen,view,,0,2024-01-06,149.0
11084,U1542,4138,Induction Oven,Kitchen,view,,0,2024-05-15,124.0
11085,U0745,2619,Garage Door Motor,Outdoor,wishlist,5.0,0,2023-03-13,
11086,U1294,3296,Exhaust Fan,Climate,view,,0,2024-05-14,199.0
11087,U1898,3738,Wall Clock,Decor,add_to_cart,,0,2024-08-31,
11088,U1584,4984,Leaf Blower,Tools,purchase,4.2,1,2024-09-09,
11089,U0318,206,Handheld Vacuum,Cleaning,add_to_cart,,0,2023-06-30,
11090,U1599,2928,Clock,Decor,view,,0,2024-02-21,197.0
11091,U1263,75,Clock,Decor,purchase,4.3,1,2023-08-03,
11092,U0474,228,Chapati Maker,Kitchen,purchase,5.0,1,2024-12-24,
11093,U0866,3474,Aquarium Heater,Pet,add_to_cart,,0,2023-03-02,
11094,U0394,4728,Extension Cord,Power,add_to_cart,,0,2024-11-14,
11095,U1026,2601,Aquarium Filter,Pet,view,,0,2023-12-17,394.0
11096,U0730,4531,Digital Safe,Security,purchase,4.5,1,2023-10-19,
11097,U1282,4613,Water Filter,Bathroom,wishlist,5.0,0,2024-02-26,
11098,U1470,3431,Streaming Device,Entertainment,purchase,4.1,1,2023-11-11,
11099,U0219,1638,Humidifier,Climate,purchase,5.0,1,2024-05-13,
11100,U1488,3574,Kegerator,Hobby,wishlist,3.0,0,2024-04-21,
11101,U1074,960,Epilator,Personal Care,purchase,5.0,1,2023-09-11,
11102,U1704,4613,Water Filter,Bathroom,purchase,4.5,1,2024-05-11,
11103,U1441,630,Food Dehydrator,Kitchen,wishlist,5.0,0,2023-09-18,
11104,U1265,3244,Ice Cream Maker,Kitchen,view,,0,2023-07-21,42.0
11105,U0133,1672,Electric Knife,Kitchen,add_to_cart,,0,2024-04-21,
11106,U0544,1987,Digital Safe,Security,purchase,4.6,1,2024-05-19,
11107,U0361,4611,Aquarium Filter,Pet,add_to_cart,,0,2023-07-15,
11108,U0873,329,Can Opener,Kitchen,wishlist,4.8,0,2023-08-31,
11109,U1823,4116,Toaster,Kitchen,view,,0,2024-05-16,210.0
11110,U1909,323,Landline Phone,Smart Home,purchase,4.4,1,2023-11-21,
11111,U0154,1095,Electric Oven,Kitchen,purchase,3.8,1,2024-02-26,
11112,U1932,4962,Basement Dehumidifier,Outdoor,view,,0,2023-12-01,33.0
11113,U0166,2868,Home Automation Controller,Networking,purchase,4.7,1,2023-10-21,
11114,U1281,3341,Aquarium Filter,Pet,view,,0,2024-11-12,73.0
11115,U0257,3898,Bottle Sterilizer,Kitchen,purchase,5.0,1,2023-04-25,
11116,U1525,3669,Streaming Device,Entertainment,purchase,5.0,1,2023-03-30,
11117,U0890,1098,Automatic Pet Water Fountain,Pet,purchase,5.0,1,2024-09-01,
11118,U0851,2744,Automatic Pet Water Fountain,Pet,add_to_cart,,0,2023-07-13,
11119,U0248,4935,Grill Microwave,Kitchen,add_to_cart,,0,2023-07-04,
11120,U1364,3006,Heating Pad,Personal Care,add_to_cart,,0,2024-05-30,
11121,U1052,2684,Laminator,Tools,view,,0,2024-09-23,59.0
11122,U1098,4772,Massage Chair,Personal Care,view,,0,2023-05-14,106.0
11123,U1664,2667,Electric Shaver,Personal Care,view,,0,2023-02-13,156.0
11124,U1301,357,Air Conditioner,Climate,add_to_cart,,0,2024-08-06,
11125,U1336,972,Ice Cream Maker,Kitchen,add_to_cart,,0,2024-08-13,
11126,U1649,3408,Fabric Shaver,Laundry,purchase,4.8,1,2023-06-17,
11127,U0687,719,Table Fan,Climate,wishlist,4.2,0,2023-04-12,
11128,U1313,4435,Steam Cleaner,Cleaning,purchase,5.0,1,2024-03-13,
11129,U0251,1758,Modem,Networking,add_to_cart,,0,2024-10-10,
11130,U0744,2438,Hot Dog Maker,Kitchen,view,,0,2023-09-09,19.0
11131,U0113,4611,Aquarium Filter,Pet,add_to_cart,,0,2024-09-16,
11132,U0768,139,Bladeless Fan,Climate,add_to_cart,,0,2024-11-13,
11133,U1131,2741,Aquarium Filter,Pet,view,,0,2024-02-07,8.0
11134,U0960,4675,Smart Thermostat,Climate,purchase,3.1,1,2024-05-21,
11135,U0100,4990,Garment Steamer,Laundry,view,,0,2024-09-21,129.0
11136,U0250,1046,Air Fryer,Kitchen,add_to_cart,,0,2024-11-06,
11137,U1146,2194,Central Vacuum System,Cleaning,view,,0,2023-12-22,114.0
11138,U1027,4376,Solar Panel Inverter,Power,add_to_cart,,0,2024-01-18,
11139,U1139,4353,Cold Press Juicer,Kitchen,view,,0,2024-05-07,12.0
11140,U1263,3604,Heating Pad,Personal Care,view,,0,2024-10-06,9.0
11141,U1719,117,Meat Grinder,Kitchen,view,,0,2024-10-29,99.0
11142,U0204,101,Label Maker,Tools,add_to_cart,,0,2023-04-03,
11143,U0690,3224,Fermentation Crock,Hobby,wishlist,5.0,0,2023-09-28,
11144,U1652,198,Smart Switch,Smart Home,add_to_cart,,0,2024-12-09,
11145,U1424,3595,Home Server,Networking,purchase,4.2,1,2024-08-04,
11146,U1835,4064,Smart Dryer,Laundry,purchase,4.0,1,2023-05-13,
11147,U1404,3403,Massager,Personal Care,wishlist,3.0,0,2023-08-04,
11148,U0227,3990,Treadmill,Fitness,view,,0,2023-06-07,120.0
11149,U0743,3997,Home Automation Controller,Networking,purchase,5.0,1,2024-01-10,
11150,U1049,3010,Electric Shaver,Personal Care,view,,0,2023-10-11,229.0
11151,U0333,3007,RO Purifier,Bathroom,view,,0,2024-07-05,227.0
11152,U0059,4951,Set Top Box,Entertainment,purchase,5.0,1,2023-04-01,
11153,U1026,1637,Solar Panel Inverter,Power,view,,0,2024-04-05,34.0
11154,U0909,937,DVD Player,Entertainment,purchase,5.0,1,2023-12-07,
11155,U1767,976,Espresso Machine,Kitchen,purchase,5.0,1,2023-04-11,
11156,U1877,4820,Pool Pump,Outdoor,wishlist,3.0,0,2023-02-23,
11157,U1861,4056,Smart Speaker,Entertainment,purchase,4.9,1,2023-10-30,
11158,U1092,4789,Trimmer,Personal Care,purchase,2.4,1,2023-02-05,
11159,U0628,1939,Smart Switch,Smart Home,wishlist,3.5,0,2024-11-27,
11160,U1695,1588,Electric Drill,Tools,wishlist,5.0,0,2023-06-11,
11161,U1867,1585,Gas Stove,Kitchen,purchase,4.8,1,2023-03-10,
11162,U1722,2166,Landline Phone,Smart Home,add_to_cart,,0,2024-03-31,
11163,U0058,3898,Bottle Sterilizer,Kitchen,view,,0,2023-10-06,19.0
11164,U0810,3734,Ice Maker,Kitchen,add_to_cart,,0,2023-08-25,
11165,U0836,770,Clock,Decor,purchase,2.7,1,2023-08-24,
11166,U0131,960,Epilator,Personal Care,add_to_cart,,0,2023-02-07,
11167,U0652,1483,Window Cleaner Robot,Cleaning,view,,0,2024-02-18,86.0
11168,U0366,2396,Bathroom Exhaust Fan,Bathroom,wishlist,3.2,0,2023-12-24,
11169,U1369,4933,Pressure Cooker,Kitchen,purchase,4.8,1,2023-02-03,
11170,U1847,3363,Garment Steamer,Laundry,view,,0,2024-04-12,89.0
11171,U0102,269,Solo Microwave,Kitchen,view,,0,2024-09-14,8.0
11172,U0141,2426,Smart Washer,Laundry,view,,0,2024-10-23,42.0
11173,U1601,1304,Electric Tandoor,Kitchen,view,,0,2023-08-13,96.0
11174,U1085,1869,Cotton Candy Machine,Hobby,add_to_cart,,0,2023-09-24,
11175,U1361,2704,Elliptical Trainer,Fitness,view,,0,2024-07-07,117.0
11176,U1056,641,Massage Chair,Personal Care,purchase,3.7,1,2023-09-14,
11177,U0615,3719,Clock,Decor,view,,0,2023-11-24,80.0
11178,U0497,4889,Electric Blanket,Personal Care,add_to_cart,,0,2023-02-23,
11179,U0589,4671,Blu Ray Player,Entertainment,view,,0,2024-12-08,89.0
11180,U0885,1560,Hair Curler,Personal Care,view,,0,2024-04-28,44.0
11181,U1829,2632,Hot Plate,Kitchen,purchase,3.5,1,2023-05-06,
11182,U1843,1721,Jacuzzi Pump,Bathroom,wishlist,5.0,0,2023-05-06,
11183,U1063,2811,Voltage Stabilizer,Power,view,,0,2024-06-10,139.0
11184,U1721,2126,Ice Cream Maker,Kitchen,view,,0,2023-12-21,359.0
11185,U1751,2426,Smart Washer,Laundry,purchase,5.0,1,2024-10-14,
11186,U1443,2835,Meat Grinder,Kitchen,purchase,4.0,1,2023-02-22,
11187,U0689,2959,Drip Coffee Maker,Kitchen,wishlist,3.5,0,2024-06-27,
11188,U0487,3403,Massager,Personal Care,view,,0,2023-10-08,92.0
11189,U0294,2905,Kombucha Maker,Hobby,add_to_cart,,0,2023-05-22,
11190,U0440,500,Solo Microwave,Kitchen,add_to_cart,,0,2023-11-06,
11191,U1719,4504,Roti Maker,Kitchen,purchase,4.2,1,2023-03-09,
11192,U1242,437,Yogurt Maker,Kitchen,purchase,3.0,1,2023-07-09,
11193,U1589,2598,Garment Steamer,Laundry,add_to_cart,,0,2023-04-12,
11194,U0872,4954,Pet Feeder,Pet,add_to_cart,,0,2024-11-10,
11195,U0418,4387,Jacuzzi Pump,Bathroom,add_to_cart,,0,2023-10-30,
11196,U0816,3007,RO Purifier,Bathroom,wishlist,4.0,0,2023-03-04,
11197,U1094,1140,UV Water Purifier,Bathroom,add_to_cart,,0,2023-10-23,
11198,U0401,3593,Paper Shredder,Tools,view,,0,2024-07-31,64.0
11199,U0484,2313,CCTV System,Security,add_to_cart,,0,2023-11-23,
11200,U0148,4136,Blu Ray Player,Entertainment,view,,0,2024-12-08,12.0
11201,U0482,4222,Smart Refrigerator,Kitchen,view,,0,2024-03-24,1.0
11202,U0718,3616,Electric Oven,Kitchen,purchase,3.1,1,2023-01-30,
11203,U1796,2244,Geyser,Bathroom,purchase,3.9,1,2024-10-07,
11204,U1746,2056,Bidet Seat,Bathroom,view,,0,2023-02-20,93.0
11205,U1841,441,Water Filter,Bathroom,view,,0,2024-10-13,185.0
11206,U1768,4712,Carpet Cleaner,Cleaning,add_to_cart,,0,2024-03-08,
11207,U0861,2003,Wall Clock,Decor,view,,0,2023-01-21,60.0
11208,U1716,3429,Hot Dog Maker,Kitchen,wishlist,4.4,0,2023-08-07,
11209,U0883,4435,Steam Cleaner,Cleaning,view,,0,2023-01-07,140.0
11210,U0623,549,Smart Lock,Security,view,,0,2023-04-24,8.0
11211,U0261,3380,Hot Plate,Kitchen,view,,0,2023-09-22,29.0
11212,U1997,4014,Trimmer,Personal Care,view,,0,2023-10-13,25.0
11213,U1506,2859,Air Cooler,Climate,add_to_cart,,0,2023-07-05,
11214,U1626,2144,WiFi Extender,Networking,purchase,4.8,1,2024-04-04,
11215,U1328,2302,Lint Remover,Laundry,view,,0,2023-09-01,50.0
11216,U1471,2212,Angle Grinder,Tools,view,,0,2024-04-14,105.0
11217,U1666,4370,Water Filter,Bathroom,add_to_cart,,0,2024-03-28,
11218,U0742,4231,Electric Vehicle Charger,Power,view,,0,2024-07-23,209.0
11219,U0032,1991,Electric Toothbrush,Personal Care,add_to_cart,,0,2023-08-13,
11220,U0274,3995,Sandwich Maker,Kitchen,purchase,5.0,1,2024-10-01,
11221,U1289,551,Router,Networking,purchase,4.6,1,2023-07-17,
11222,U0806,4722,Air Quality Monitor,Smart Home,wishlist,3.2,0,2023-12-07,
11223,U1254,2844,Cooktop,Kitchen,wishlist,4.9,0,2023-06-28,
11224,U0581,1936,Yogurt Maker,Kitchen,purchase,3.4,1,2023-08-15,
11225,U1108,2061,Freezer,Kitchen,purchase,4.2,1,2024-10-02,
11226,U1954,2316,Electric Blanket,Personal Care,purchase,5.0,1,2024-04-27,
11227,U0044,4021,Chainsaw,Tools,view,,0,2023-09-16,104.0
11228,U1913,923,Grill Microwave,Kitchen,view,,0,2023-02-09,43.0
11229,U0615,4618,Smart Hub,Networking,wishlist,3.7,0,2023-03-16,
11230,U1567,1402,Smart Curtain Motor,Smart Home,purchase,4.8,1,2023-11-18,
11231,U1819,2173,Basement Dehumidifier,Outdoor,view,,0,2023-08-01,19.0
11232,U1100,2755,Heating Pad,Personal Care,view,,0,2023-10-13,53.0
11233,U1310,4396,Space Heater,Climate,view,,0,2023-03-24,31.0
11234,U1785,864,Laminator,Tools,purchase,3.9,1,2024-08-21,
11235,U1965,2672,Bread Maker,Kitchen,purchase,4.1,1,2024-10-25,
11236,U0035,4339,Electric Skillet,Kitchen,view,,0,2024-03-25,26.0
11237,U1936,3100,Cooktop,Kitchen,purchase,3.1,1,2023-09-25,
11238,U0521,2924,Pressure Cooker,Kitchen,view,,0,2023-04-21,60.0
11239,U1268,4861,Elliptical Trainer,Fitness,view,,0,2023-09-15,307.0
11240,U1991,4362,Electric Oven,Kitchen,add_to_cart,,0,2024-11-27,
11241,U1025,3564,Electric Grill,Kitchen,view,,0,2024-03-15,83.0
11242,U1306,1338,Freezer,Kitchen,add_to_cart,,0,2023-03-13,
11243,U0606,3297,Dough Maker,Kitchen,view,,0,2023-08-09,129.0
11244,U1928,2501,Angle Grinder,Tools,view,,0,2023-05-04,56.0
11245,U0571,3348,Built In Oven,Kitchen,add_to_cart,,0,2024-03-01,
11246,U1376,849,Hair Dryer,Personal Care,view,,0,2023-10-04,27.0
11247,U0498,1978,Hair Dryer,Personal Care,add_to_cart,,0,2023-07-15,
11248,U0915,1465,Handheld Vacuum,Cleaning,wishlist,3.6,0,2023-04-03,
11249,U0435,391,Electric Pressure Cooker,Kitchen,view,,0,2024-10-03,102.0
11250,U1707,707,Projector,Entertainment,view,,0,2023-08-11,0.0
11251,U0225,1170,Smart Door Lock,Security,wishlist,4.2,0,2023-05-03,
11252,U1176,1078,Electric Mop,Cleaning,purchase,3.2,1,2024-05-19,
11253,U1465,3308,Digital Photo Frame,Entertainment,view,,0,2023-10-08,209.0
11254,U0889,1414,Scanner,Tools,view,,0,2024-12-02,174.0
11255,U0765,2185,Digital Safe,Security,view,,0,2023-12-20,66.0
11256,U1644,4893,Modem,Networking,wishlist,3.8,0,2024-03-02,
11257,U1956,2610,Massager,Personal Care,view,,0,2024-06-15,145.0
11258,U0127,609,Smart Air Conditioner,Climate,view,,0,2024-01-04,24.0
11259,U1323,1332,Aquarium Heater,Pet,purchase,3.2,1,2023-08-20,
11260,U1411,2122,Pressure Washer,Cleaning,view,,0,2024-01-29,40.0
11261,U0758,690,Router,Networking,add_to_cart,,0,2023-12-12,
11262,U0520,3073,Electric Skillet,Kitchen,view,,0,2024-07-20,7.0
11263,U1215,160,Booster Pump,Outdoor,view,,0,2023-09-14,397.0
11264,U1086,3003,Smart Bulb,Smart Home,add_to_cart,,0,2023-06-06,
11265,U1991,3636,Router,Networking,view,,0,2024-11-03,228.0
11266,U0925,2287,Freezer,Kitchen,add_to_cart,,0,2024-04-11,
11267,U0335,1868,Network Attached Storage,Networking,purchase,4.4,1,2024-11-23,
11268,U1189,417,Water Pump,Outdoor,add_to_cart,,0,2023-03-30,
11269,U0043,931,Printer,Tools,purchase,5.0,1,2023-01-27,
11270,U1004,511,Weather Station,Smart Home,add_to_cart,,0,2023-11-26,
11271,U1971,4272,Waffle Maker,Kitchen,view,,0,2023-09-28,14.0
11272,U1815,3895,Alarm Clock,Decor,add_to_cart,,0,2023-03-02,
11273,U0679,2293,Electric Toothbrush,Personal Care,add_to_cart,,0,2023-10-29,
11274,U0306,2581,Wall Clock,Decor,wishlist,3.3,0,2024-10-21,
11275,U1855,526,Tankless Water Heater,Bathroom,purchase,4.3,1,2024-04-24,
11276,U0213,523,Pressure Washer,Cleaning,purchase,3.9,1,2024-05-16,
11277,U0670,4653,Mini Fridge,Kitchen,add_to_cart,,0,2024-07-18,
11278,U0629,3809,Hair Dryer,Personal Care,add_to_cart,,0,2024-01-06,
11279,U1443,3751,Citrus Juicer,Kitchen,add_to_cart,,0,2024-09-29,
11280,U1378,1711,Epilator,Personal Care,purchase,4.3,1,2024-11-09,
11281,U1753,768,Modem,Networking,view,,0,2023-04-29,142.0
11282,U0729,4960,Aquarium Filter,Pet,add_to_cart,,0,2024-06-18,
11283,U1513,4132,Cooktop,Kitchen,view,,0,2024-09-08,38.0
11284,U0233,3279,Tea Maker,Kitchen,add_to_cart,,0,2023-12-27,
11285,U0288,4246,OTG Oven,Kitchen,purchase,2.8,1,2024-07-05,
11286,U1983,2503,Smart Dryer,Laundry,add_to_cart,,0,2024-06-21,
11287,U1389,487,Smart Dryer,Laundry,view,,0,2024-11-23,608.0
11288,U0887,4319,Smart Switch,Smart Home,purchase,2.9,1,2023-12-26,
11289,U0409,1010,Hot Dog Maker,Kitchen,add_to_cart,,0,2023-09-12,
11290,U0845,988,Sous Vide Cooker,Kitchen,wishlist,4.5,0,2024-12-11,
11291,U1058,1969,Sewing Machine,Hobby,view,,0,2024-03-15,22.0
11292,U0848,2503,Smart Dryer,Laundry,add_to_cart,,0,2023-08-06,
11293,U1177,3979,Stand Mixer,Kitchen,wishlist,2.8,0,2023-02-25,
11294,U0872,2594,Carbon Monoxide Detector,Security,wishlist,3.3,0,2024-09-18,
11295,U1288,3489,Clock,Decor,add_to_cart,,0,2024-08-23,
11296,U0766,4722,Air Quality Monitor,Smart Home,purchase,3.4,1,2024-09-08,
11297,U0016,1610,Air Quality Monitor,Smart Home,purchase,4.7,1,2024-11-26,
11298,U1951,2186,Pool Pump,Outdoor,view,,0,2023-04-28,15.0
11299,U0187,726,Set Top Box,Entertainment,add_to_cart,,0,2023-04-20,
11300,U0183,3256,Electric Kettle,Kitchen,add_to_cart,,0,2023-11-06,
11301,U0547,3242,OTG Oven,Kitchen,wishlist,3.8,0,2024-06-23,
11302,U1090,4111,Pressure Washer,Cleaning,purchase,3.8,1,2023-06-12,
11303,U0415,34,Hot Dog Maker,Kitchen,add_to_cart,,0,2024-01-17,
11304,U0410,3867,Gaming Console,Entertainment,view,,0,2024-07-03,188.0
11305,U1583,3998,Wall Clock,Decor,add_to_cart,,0,2024-10-29,
11306,U0377,494,Can Opener,Kitchen,purchase,4.0,1,2023-08-19,
11307,U1466,4235,Garage Door Motor,Outdoor,purchase,4.0,1,2023-10-13,
11308,U0193,4775,3D Printer,Hobby,purchase,3.7,1,2024-07-10,
11309,U1040,2728,Electric Tandoor,Kitchen,view,,0,2024-05-13,141.0
11310,U0175,2192,Dough Maker,Kitchen,view,,0,2024-11-23,474.0
11311,U1795,3755,Printer,Tools,wishlist,4.7,0,2024-03-14,
11312,U0165,24,Sprinkler System,Tools,add_to_cart,,0,2023-05-11,
11313,U0857,3815,Chainsaw,Tools,add_to_cart,,0,2024-06-03,
11314,U1870,3175,Air Quality Monitor,Smart Home,view,,0,2023-03-22,82.0
11315,U0134,549,Smart Lock,Security,view,,0,2023-02-12,204.0
11316,U0376,592,Foot Massager,Personal Care,add_to_cart,,0,2023-08-31,
11317,U0329,18,Roti Maker,Kitchen,view,,0,2023-08-06,294.0
11318,U0011,1489,Egg Cooker,Kitchen,add_to_cart,,0,2023-09-25,
11319,U1579,515,Portable Dishwasher,Cleaning,add_to_cart,,0,2023-10-05,
11320,U1703,3052,Juicer,Kitchen,view,,0,2023-03-27,272.0
11321,U0164,4332,Laminator,Tools,view,,0,2023-03-02,88.0
11322,U0492,937,DVD Player,Entertainment,purchase,4.6,1,2023-09-04,
11323,U0753,2924,Pressure Cooker,Kitchen,add_to_cart,,0,2024-05-03,
11324,U0345,864,Laminator,Tools,view,,0,2023-11-19,100.0
11325,U1749,630,Food Dehydrator,Kitchen,purchase,4.6,1,2024-05-30,
11326,U1376,4860,Wall Clock,Decor,view,,0,2023-01-17,12.0
11327,U1781,357,Air Conditioner,Climate,purchase,4.3,1,2023-02-21,
11328,U0204,3795,Dishwasher,Cleaning,purchase,4.1,1,2023-01-21,
11329,U0835,1446,Towel Warmer,Bathroom,purchase,4.3,1,2023-04-03,
11330,U0507,1885,Home Brewing Kit,Hobby,view,,0,2023-11-18,344.0
11331,U0258,2457,Misting Fan,Climate,view,,0,2024-09-13,41.0
11332,U0468,4846,Projector,Entertainment,wishlist,3.3,0,2024-07-23,
11333,U0897,2547,Wall Clock,Decor,add_to_cart,,0,2024-04-25,
11334,U0481,411,Scanner,Tools,purchase,4.8,1,2024-09-15,
11335,U1236,2438,Hot Dog Maker,Kitchen,wishlist,3.0,0,2023-05-30,
11336,U1045,4418,RO Purifier,Bathroom,view,,0,2024-08-04,204.0
11337,U0447,4709,Smart Lock,Security,view,,0,2024-11-09,193.0
11338,U1400,1951,Electric Mop,Cleaning,add_to_cart,,0,2024-05-10,
11339,U1205,1103,Sous Vide Cooker,Kitchen,purchase,5.0,1,2024-04-04,
11340,U1789,4138,Induction Oven,Kitchen,add_to_cart,,0,2024-02-04,
11341,U1542,1003,Modem,Networking,view,,0,2023-04-19,187.0
11342,U0448,4945,Network Attached Storage,Networking,add_to_cart,,0,2024-04-26,
11343,U1679,4041,Roti Maker,Kitchen,view,,0,2024-08-03,51.0
11344,U0749,2121,Home Sauna,Fitness,wishlist,5.0,0,2023-02-16,
11345,U0635,3165,Solar Panel Inverter,Power,view,,0,2024-04-13,91.0
11346,U1369,2722,Home Server,Networking,purchase,5.0,1,2024-06-30,
11347,U1705,2112,Solo Microwave,Kitchen,add_to_cart,,0,2024-08-22,
11348,U0193,4161,Pressure Washer,Cleaning,add_to_cart,,0,2024-03-04,
11349,U0354,2135,Ice Maker,Kitchen,purchase,4.2,1,2024-03-05,
11350,U0338,1274,Sewing Machine,Hobby,view,,0,2023-02-20,477.0
11351,U1841,4625,Smart Hub,Networking,view,,0,2024-12-29,283.0
11352,U1602,3648,Sandwich Maker,Kitchen,add_to_cart,,0,2024-03-31,
11353,U0985,1148,Heating Pad,Personal Care,view,,0,2023-06-04,92.0
11354,U1006,1570,Tankless Water Heater,Bathroom,purchase,4.6,1,2023-02-03,
11355,U0195,792,Router,Networking,purchase,4.6,1,2024-01-06,
11356,U0477,4228,Hair Curler,Personal Care,view,,0,2023-11-12,201.0
11357,U0067,3947,Portable Dishwasher,Cleaning,add_to_cart,,0,2023-05-12,
11358,U1938,473,Steam Cleaner,Cleaning,purchase,3.3,1,2024-07-16,
11359,U1603,2101,Home Server,Networking,purchase,3.8,1,2024-02-21,
11360,U0830,978,Smart Curtain Motor,Smart Home,wishlist,4.7,0,2023-09-19,
11361,U0416,404,Alarm Clock,Decor,wishlist,4.9,0,2024-07-02,
11362,U1210,4374,Table Fan,Climate,add_to_cart,,0,2023-12-21,
11363,U0890,599,Pressure Washer,Cleaning,view,,0,2024-02-28,41.0
11364,U1842,3010,Electric Shaver,Personal Care,view,,0,2024-08-03,228.0
11365,U1504,4742,Dehumidifier,Climate,view,,0,2024-11-08,83.0
11366,U0484,4703,Pool Pump,Outdoor,add_to_cart,,0,2024-08-31,
11367,U1797,1947,Laminator,Tools,view,,0,2023-03-27,52.0
11368,U1412,4321,Washer Dryer Combo,Laundry,add_to_cart,,0,2024-05-24,
11369,U0055,2893,Bread Maker,Kitchen,view,,0,2024-08-27,78.0
11370,U0283,4546,Sous Vide Cooker,Kitchen,view,,0,2024-06-18,88.0
11371,U0119,672,Aquarium Filter,Pet,purchase,3.5,1,2023-11-28,
11372,U0081,4096,Boot Warmer,Laundry,add_to_cart,,0,2024-05-05,
11373,U0636,874,Chapati Maker,Kitchen,wishlist,4.6,0,2024-03-14,
11374,U0149,625,Vacuum Cleaner,Cleaning,add_to_cart,,0,2023-10-08,
11375,U0693,855,Smart Refrigerator,Kitchen,add_to_cart,,0,2024-12-07,
11376,U0409,2654,Home Server,Networking,view,,0,2023-05-01,27.0
11377,U0084,1487,Smart Plug,Smart Home,view,,0,2024-07-01,386.0
11378,U1870,3636,Router,Networking,add_to_cart,,0,2023-01-13,
11379,U1107,3578,Water Flosser,Personal Care,add_to_cart,,0,2023-12-08,
11380,U1502,4298,Aquarium Filter,Pet,view,,0,2023-01-07,181.0
11381,U0993,2286,Water Heater,Bathroom,add_to_cart,,0,2023-10-30,
11382,U0547,4936,Freezer,Kitchen,purchase,4.6,1,2024-06-14,
11383,U0900,3537,Aquarium Filter,Pet,view,,0,2024-02-06,22.0
11384,U0564,2002,Slow Cooker,Kitchen,view,,0,2024-02-20,41.0
11385,U1579,14,Heating Pad,Personal Care,purchase,4.4,1,2024-05-26,
11386,U0904,25,Foot Massager,Personal Care,view,,0,2024-10-22,283.0
11387,U1545,1101,Emergency Light,Security,purchase,4.1,1,2024-05-12,
11388,U1654,103,Massage Chair,Personal Care,view,,0,2023-06-05,23.0
11389,U0569,97,Freezer,Kitchen,add_to_cart,,0,2024-05-03,
11390,U0957,2236,Meat Grinder,Kitchen,add_to_cart,,0,2024-05-12,
11391,U1353,97,Freezer,Kitchen,wishlist,4.8,0,2023-06-24,
11392,U1343,1376,Countertop Dishwasher,Cleaning,purchase,4.3,1,2024-07-09,
11393,U0075,4359,Trimmer,Personal Care,view,,0,2024-07-20,47.0
11394,U1224,3605,Dishwasher,Cleaning,wishlist,3.2,0,2023-10-02,
11395,U0249,2849,Projector,Entertainment,wishlist,3.2,0,2024-07-27,
11396,U1840,1511,Lint Remover,Laundry,purchase,4.5,1,2024-05-15,
11397,U0629,345,Shoe Dryer,Laundry,wishlist,2.8,0,2024-11-09,
11398,U1340,2077,Home Server,Networking,purchase,4.1,1,2023-01-24,
11399,U0100,420,Stand Mixer,Kitchen,purchase,4.3,1,2023-12-22,
11400,U1592,2872,Basement Dehumidifier,Outdoor,purchase,4.3,1,2024-09-10,
11401,U1035,75,Clock,Decor,purchase,3.6,1,2023-02-27,
11402,U0616,3064,Sump Pump,Outdoor,wishlist,5.0,0,2023-05-31,
11403,U0681,4002,Blu Ray Player,Entertainment,purchase,3.2,1,2024-04-26,
11404,U1646,336,Water Filter,Bathroom,view,,0,2024-02-14,93.0
11405,U1028,4383,Water Boiler,Kitchen,view,,0,2024-11-17,82.0
11406,U0249,561,UV Water Purifier,Bathroom,view,,0,2023-08-09,33.0
11407,U1405,3885,Electric Blanket,Personal Care,wishlist,3.2,0,2024-03-24,
11408,U0280,4152,Garment Steamer,Laundry,purchase,4.2,1,2024-03-04,
11409,U1941,411,Scanner,Tools,purchase,3.8,1,2023-06-29,
11410,U0856,653,Electric Pressure Cooker,Kitchen,add_to_cart,,0,2024-03-24,
11411,U0749,4161,Pressure Washer,Cleaning,view,,0,2024-02-17,141.0
11412,U1823,4684,Coffee Maker,Kitchen,purchase,3.9,1,2024-08-16,
11413,U1317,553,Lawn Mower,Tools,view,,0,2024-05-30,44.0
11414,U0670,3834,Electric Scooter Charger,Power,purchase,4.2,1,2024-07-13,
11415,U1926,1303,Steam Iron,Laundry,add_to_cart,,0,2023-11-03,
11416,U1577,3875,Smart Hub,Networking,purchase,3.5,1,2024-05-09,
11417,U1006,4258,Handheld Vacuum,Cleaning,purchase,4.1,1,2023-01-23,
11418,U1603,2385,Mixer Grinder,Kitchen,view,,0,2023-12-28,191.0
11419,U1963,2068,Landline Phone,Smart Home,purchase,4.1,1,2024-03-31,
11420,U1791,2997,Jacuzzi Pump,Bathroom,wishlist,3.5,0,2023-03-01,
11421,U1983,863,WiFi Extender,Networking,view,,0,2024-08-06,13.0
11422,U1818,971,Electric Shaver,Personal Care,view,,0,2024-06-08,388.0
11423,U0580,4044,Bread Maker,Kitchen,wishlist,2.2,0,2024-08-23,
11424,U0796,3878,Garment Steamer,Laundry,purchase,5.0,1,2023-05-08,
11425,U1741,4113,Mixer Grinder,Kitchen,view,,0,2023-05-05,75.0
11426,U0389,2415,Electric Grill,Kitchen,view,,0,2023-09-04,159.0
11427,U0261,1416,CCTV System,Security,purchase,4.8,1,2023-09-30,
11428,U1131,961,Electric Blanket,Personal Care,view,,0,2023-02-04,55.0
11429,U0801,2384,Clock,Decor,view,,0,2023-07-29,12.0
11430,U1381,1915,Angle Grinder,Tools,view,,0,2023-02-22,127.0
11431,U0018,2426,Smart Washer,Laundry,purchase,4.7,1,2024-08-09,
11432,U1943,1149,Landline Phone,Smart Home,view,,0,2024-05-16,99.0
11433,U1795,3623,Dehumidifier,Climate,view,,0,2023-02-18,702.0
11434,U0457,1733,Built In Oven,Kitchen,view,,0,2023-02-17,75.0
11435,U1014,923,Grill Microwave,Kitchen,view,,0,2023-08-04,27.0
11436,U1978,2843,Hair Dryer,Personal Care,purchase,3.9,1,2023-11-20,
11437,U0953,2234,Smart Display,Entertainment,view,,0,2024-08-15,65.0
11438,U1069,955,Aquarium Heater,Pet,view,,0,2024-11-04,219.0
11439,U1537,4953,Smart Speaker,Entertainment,view,,0,2024-03-24,36.0
11440,U1354,3781,Solar Panel Inverter,Power,add_to_cart,,0,2023-09-23,
11441,U1564,1349,Inverter,Power,add_to_cart,,0,2024-10-07,
11442,U0151,4921,Soundbar,Entertainment,wishlist,4.4,0,2023-09-05,
11443,U1374,1098,Automatic Pet Water Fountain,Pet,wishlist,4.8,0,2023-04-24,
11444,U0063,67,Vacuum Cleaner,Cleaning,view,,0,2024-07-12,86.0
11445,U0006,4749,Smart Bulb,Smart Home,purchase,4.7,1,2023-09-11,
11446,U0360,2610,Massager,Personal Care,view,,0,2023-09-02,48.0
11447,U1928,1004,Emergency Light,Security,purchase,5.0,1,2024-08-25,
11448,U1409,4738,Aquarium Filter,Pet,view,,0,2023-04-04,105.0
11449,U1709,1399,Smart Vacuum,Cleaning,view,,0,2024-09-28,82.0
11450,U1692,1620,Refrigerator,Kitchen,view,,0,2023-03-15,42.0
11451,U1659,1319,Electric Vehicle Charger,Power,view,,0,2023-10-25,43.0
11452,U1597,684,Central Vacuum System,Cleaning,purchase,5.0,1,2024-04-14,
11453,U0584,2537,Heater,Climate,purchase,4.2,1,2024-04-25,
11454,U0254,526,Tankless Water Heater,Bathroom,purchase,4.2,1,2024-09-07,
11455,U1800,1979,Angle Grinder,Tools,add_to_cart,,0,2023-02-07,
11456,U0493,1104,Speakers,Entertainment,view,,0,2024-01-24,0.0
11457,U1117,2364,Fan,Climate,add_to_cart,,0,2024-03-18,
11458,U1944,4314,Smoke Detector,Security,add_to_cart,,0,2024-08-02,
11459,U0994,4974,Carpet Cleaner,Cleaning,view,,0,2024-12-20,126.0
11460,U1120,1311,Epilator,Personal Care,view,,0,2024-03-27,51.0
11461,U0909,1230,Hair Curler,Personal Care,view,,0,2023-01-19,201.0
11462,U0686,852,Electric Knife,Kitchen,view,,0,2024-12-29,24.0
11463,U0477,3920,Trimmer,Personal Care,purchase,3.4,1,2023-12-19,
11464,U1334,4572,Label Maker,Tools,purchase,5.0,1,2023-10-15,
11465,U1822,1726,Router,Networking,view,,0,2024-11-22,5.0
11466,U0255,4196,Speakers,Entertainment,view,,0,2023-03-09,71.0
11467,U1623,2075,Pool Pump,Outdoor,view,,0,2023-01-23,180.0
11468,U1159,563,Panini Press,Kitchen,purchase,3.0,1,2023-08-16,
11469,U1099,3579,Home Sauna,Fitness,view,,0,2023-08-27,66.0
11470,U1628,1563,Wall Clock,Decor,view,,0,2024-06-30,21.0
11471,U1795,3200,Emergency Light,Security,view,,0,2024-02-06,97.0
11472,U0926,1527,Weather Station,Smart Home,view,,0,2023-02-19,155.0
11473,U0556,3861,Deep Fryer,Kitchen,purchase,2.8,1,2024-10-14,
11474,U0031,221,Popcorn Maker,Kitchen,add_to_cart,,0,2023-08-27,
11475,U1991,2367,Soundbar,Entertainment,view,,0,2023-08-31,68.0
11476,U1253,3463,Home Automation Controller,Networking,add_to_cart,,0,2024-07-02,
11477,U1954,1303,Steam Iron,Laundry,view,,0,2024-02-10,45.0
11478,U1766,4036,Hand Mixer,Kitchen,view,,0,2023-12-13,108.0
11479,U0514,3197,Electric Shaver,Personal Care,add_to_cart,,0,2024-07-05,
11480,U1490,3594,Smart Curtain Motor,Smart Home,view,,0,2024-10-12,22.0
11481,U1058,3488,Sewing Machine,Hobby,view,,0,2024-02-09,60.0
11482,U0059,1495,Emergency Light,Security,view,,0,2023-05-17,577.0
11483,U0850,3087,Electric Fireplace,Climate,view,,0,2024-12-21,56.0
11484,U1626,342,Hair Curler,Personal Care,view,,0,2023-07-13,338.0
11485,U0099,1456,Window Cleaner Robot,Cleaning,view,,0,2024-01-30,17.0
11486,U1818,3665,Table Fan,Climate,add_to_cart,,0,2024-03-31,
11487,U1690,1395,Treadmill,Fitness,purchase,3.4,1,2023-01-28,
11488,U0874,3067,Projector,Entertainment,view,,0,2024-03-30,93.0
11489,U1330,2780,Towel Warmer,Bathroom,add_to_cart,,0,2023-04-24,
11490,U1532,1575,Aquarium Heater,Pet,purchase,5.0,1,2024-06-06,
11491,U1377,3241,Food Dehydrator,Kitchen,purchase,1.7,1,2024-08-01,
11492,U1113,4378,Television,Entertainment,view,,0,2023-05-31,56.0
11493,U0079,4896,Kombucha Maker,Hobby,add_to_cart,,0,2024-07-14,
11494,U0595,1859,Sprinkler System,Tools,add_to_cart,,0,2023-09-01,
11495,U0345,1287,Scanner,Tools,purchase,3.3,1,2023-04-01,
11496,U0734,952,Clock,Decor,view,,0,2023-01-26,50.0
11497,U1979,3686,Electric Lunch Box,Kitchen,view,,0,2023-09-25,35.0
11498,U1244,3594,Smart Curtain Motor,Smart Home,add_to_cart,,0,2024-11-28,
11499,U1107,2565,Automatic Pet Water Fountain,Pet,add_to_cart,,0,2023-07-06,
11500,U0453,177,Smart Plug,Smart Home,add_to_cart,,0,2023-11-10,
11501,U1003,4834,Deep Fryer,Kitchen,add_to_cart,,0,2024-03-26,
11502,U0933,753,Jacuzzi Pump,Bathroom,view,,0,2023-03-02,54.0
11503,U1823,1130,Smart Thermostat,Climate,purchase,2.1,1,2023-03-01,
11504,U0218,2046,Subwoofer,Entertainment,add_to_cart,,0,2023-08-20,
11505,U1947,968,Smart TV,Entertainment,add_to_cart,,0,2024-07-05,
11506,U1333,4873,Electric Fireplace,Climate,add_to_cart,,0,2024-07-07,
11507,U0956,1209,Sous Vide Cooker,Kitchen,view,,0,2024-02-03,368.0
11508,U1885,314,Pressure Washer,Cleaning,add_to_cart,,0,2023-08-13,
11509,U0139,1334,Jacuzzi Pump,Bathroom,purchase,4.7,1,2023-06-06,
11510,U0307,1373,Air Purifier,Climate,purchase,3.9,1,2023-10-27,
11511,U0610,2948,Smart Washer,Laundry,view,,0,2023-04-05,104.0
11512,U0495,2080,Coffee Grinder,Kitchen,add_to_cart,,0,2023-06-13,
11513,U0611,1936,Yogurt Maker,Kitchen,wishlist,4.9,0,2024-02-25,
11514,U0194,3805,Air Quality Monitor,Smart Home,view,,0,2024-09-19,38.0
11515,U1087,964,Panini Press,Kitchen,add_to_cart,,0,2024-07-11,
11516,U1862,2412,Kitchen Chimney,Kitchen,view,,0,2024-01-31,9.0
11517,U1488,4204,Convection Microwave,Kitchen,view,,0,2024-07-17,41.0
11518,U1704,2252,Electric Skillet,Kitchen,purchase,2.0,1,2023-09-13,
11519,U1435,4806,Voltage Stabilizer,Power,view,,0,2023-01-17,30.0
11520,U0096,4484,Washer Dryer Combo,Laundry,view,,0,2024-02-03,68.0
11521,U1623,3494,Water Pump,Outdoor,view,,0,2023-01-21,37.0
11522,U0263,1601,Humidifier,Climate,purchase,4.0,1,2023-08-12,
11523,U0197,2064,Misting Fan,Climate,view,,0,2023-05-29,84.0
11524,U1817,2129,Can Opener,Kitchen,view,,0,2023-05-28,354.0
11525,U1927,291,Lawn Mower,Tools,add_to_cart,,0,2024-01-05,
11526,U1373,4056,Smart Speaker,Entertainment,add_to_cart,,0,2023-06-22,
11527,U1162,177,Smart Plug,Smart Home,purchase,4.5,1,2024-09-12,
11528,U0447,279,Bread Maker,Kitchen,wishlist,4.9,0,2023-03-15,
11529,U0829,2206,Misting Fan,Climate,purchase,4.9,1,2024-11-29,
11530,U1837,4113,Mixer Grinder,Kitchen,purchase,4.1,1,2023-10-29,
11531,U1189,2645,Wall Clock,Decor,purchase,5.0,1,2024-07-22,
11532,U0280,950,Power Strip,Power,view,,0,2023-05-08,379.0
11533,U0626,3175,Air Quality Monitor,Smart Home,view,,0,2023-08-03,61.0
11534,U0128,1732,Hair Curler,Personal Care,view,,0,2023-03-06,127.0
11535,U1373,4658,Electric Drill,Tools,purchase,4.3,1,2024-07-27,
11536,U1862,1597,Handheld Vacuum,Cleaning,view,,0,2024-01-10,371.0
11537,U1792,1682,Clock,Decor,view,,0,2023-08-02,51.0
11538,U0617,1215,Milk Frother,Kitchen,view,,0,2024-03-31,30.0
11539,U1483,3204,3D Printer,Hobby,view,,0,2023-10-01,134.0
11540,U1691,1705,Electric Drill,Tools,purchase,5.0,1,2023-07-29,
11541,U0025,3498,Laminator,Tools,view,,0,2024-10-22,419.0
11542,U1977,2548,Air Quality Monitor,Smart Home,purchase,4.7,1,2024-07-28,
11543,U1848,3537,Aquarium Filter,Pet,add_to_cart,,0,2024-09-21,
11544,U1890,4598,Modem,Networking,purchase,5.0,1,2023-02-26,
11545,U1375,1063,Electric Tandoor,Kitchen,purchase,2.6,1,2023-12-16,
11546,U0680,1749,Gas Stove,Kitchen,view,,0,2023-05-20,212.0
11547,U0930,3307,Automatic Pet Water Fountain,Pet,view,,0,2023-07-25,30.0
11548,U1950,1321,Inverter,Power,add_to_cart,,0,2023-12-12,
11549,U0361,2573,Dough Maker,Kitchen,add_to_cart,,0,2024-12-01,
11550,U0767,4013,Network Attached Storage,Networking,purchase,4.7,1,2023-08-11,
11551,U1195,4973,Smart Vacuum,Cleaning,add_to_cart,,0,2024-10-09,
11552,U1620,4669,Smart Bulb,Smart Home,view,,0,2023-02-12,142.0
11553,U1867,388,Electric Skillet,Kitchen,add_to_cart,,0,2023-02-09,
11554,U1102,986,Home Brewing Kit,Hobby,view,,0,2024-09-15,201.0
11555,U0142,943,Refrigerator,Kitchen,view,,0,2024-04-06,8.0
11556,U0598,2559,Subwoofer,Entertainment,view,,0,2024-03-24,107.0
11557,U1053,837,Massage Chair,Personal Care,wishlist,4.0,0,2023-01-02,
11558,U1794,671,Foot Massager,Personal Care,purchase,4.9,1,2023-08-10,
11559,U0495,3815,Chainsaw,Tools,add_to_cart,,0,2023-08-22,
11560,U0540,2458,Robot Vacuum,Cleaning,add_to_cart,,0,2024-04-17,
11561,U1132,4523,Water Heater,Bathroom,wishlist,5.0,0,2023-06-05,
11562,U0909,3866,Smart Hub,Networking,wishlist,4.1,0,2024-10-14,
11563,U1293,3611,Range Hood,Kitchen,view,,0,2023-10-09,207.0
11564,U0426,437,Yogurt Maker,Kitchen,view,,0,2024-03-15,205.0
11565,U0955,3950,Carbon Monoxide Detector,Security,purchase,3.3,1,2024-11-19,
11566,U0776,606,Electric Blanket,Personal Care,view,,0,2023-06-26,26.0
11567,U1952,1376,Countertop Dishwasher,Cleaning,purchase,4.8,1,2024-07-02,
11568,U0923,2194,Central Vacuum System,Cleaning,add_to_cart,,0,2023-03-14,
11569,U1998,1748,Smart Washer,Laundry,purchase,3.3,1,2023-11-04,
11570,U0520,394,Smart Vacuum,Cleaning,purchase,3.0,1,2024-05-18,
11571,U1108,4149,Smart Air Conditioner,Climate,purchase,3.3,1,2023-03-14,
11572,U1876,1268,Convection Microwave,Kitchen,add_to_cart,,0,2023-11-26,
11573,U1224,1419,Dough Maker,Kitchen,wishlist,4.2,0,2023-04-12,
11574,U1649,4508,Food Dehydrator,Kitchen,view,,0,2023-03-25,83.0
11575,U1329,4241,Electric Scooter Charger,Power,view,,0,2023-12-20,98.0
11576,U0507,4645,Smart Plug,Smart Home,view,,0,2023-04-21,70.0
11577,U1801,600,Electric Toothbrush,Personal Care,wishlist,3.0,0,2024-08-13,
11578,U1084,3626,Exhaust Fan,Climate,view,,0,2023-06-03,58.0
11579,U1478,2803,Router,Networking,purchase,1.3,1,2024-10-03,
11580,U1258,4088,Video Doorbell,Security,purchase,4.0,1,2024-05-13,
11581,U1592,3116,Steam Cleaner,Cleaning,wishlist,4.1,0,2023-05-05,
11582,U1211,4760,Deep Fryer,Kitchen,wishlist,3.5,0,2023-08-09,
11583,U0094,1993,Scanner,Tools,purchase,4.4,1,2024-04-02,
11584,U1988,2644,Tea Maker,Kitchen,view,,0,2024-07-01,106.0
11585,U1884,3269,WiFi Extender,Networking,purchase,4.2,1,2024-07-10,
11586,U0926,4960,Aquarium Filter,Pet,wishlist,3.6,0,2023-08-10,
11587,U0298,523,Pressure Washer,Cleaning,add_to_cart,,0,2024-01-13,
11588,U1750,3611,Range Hood,Kitchen,add_to_cart,,0,2024-10-06,
11589,U0356,2650,Terrarium Heater,Pet,wishlist,4.0,0,2024-02-20,
11590,U0318,546,Electric Mop,Cleaning,view,,0,2023-12-26,491.0
11591,U1742,4215,Electric Blanket,Personal Care,view,,0,2023-06-12,95.0
11592,U1589,1276,Hair Straightener,Personal Care,add_to_cart,,0,2023-05-15,
11593,U0675,1269,Pet Feeder,Pet,purchase,2.3,1,2024-05-28,
11594,U1612,2297,Trimmer,Personal Care,view,,0,2023-02-18,23.0
11595,U1055,767,Router,Networking,purchase,4.0,1,2023-01-27,
11596,U0377,2510,Hot Plate,Kitchen,purchase,4.5,1,2023-01-23,
11597,U1934,1927,Waffle Maker,Kitchen,add_to_cart,,0,2024-07-24,
11598,U0686,4730,Crepe Maker,Kitchen,view,,0,2023-11-27,2.0
11599,U1872,4213,Aquarium Heater,Pet,view,,0,2023-09-03,10.0
11600,U0229,3777,Table Fan,Climate,wishlist,4.5,0,2023-02-01,
11601,U1308,215,Emergency Light,Security,wishlist,2.2,0,2024-11-22,
11602,U1787,4275,Electric Mop,Cleaning,add_to_cart,,0,2024-09-26,
11603,U1890,2505,Countertop Dishwasher,Cleaning,view,,0,2023-05-12,183.0
11604,U0097,1820,Milk Frother,Kitchen,add_to_cart,,0,2023-03-26,
11605,U0031,734,Electric Skillet,Kitchen,purchase,4.1,1,2024-02-12,
11606,U0942,4578,Hair Dryer,Personal Care,purchase,4.8,1,2024-08-23,
11607,U1610,548,Paper Shredder,Tools,purchase,4.8,1,2023-09-27,
11608,U0694,3241,Food Dehydrator,Kitchen,add_to_cart,,0,2024-10-30,
11609,U1989,1174,Aquarium Filter,Pet,view,,0,2023-01-13,22.0
11610,U0979,2158,Leaf Blower,Tools,view,,0,2024-07-18,102.0
11611,U0525,1637,Solar Panel Inverter,Power,view,,0,2023-08-17,78.0
11612,U0775,3457,Aquarium Filter,Pet,view,,0,2024-05-30,77.0
11613,U0081,4136,Blu Ray Player,Entertainment,view,,0,2024-01-10,251.0
11614,U1841,2135,Ice Maker,Kitchen,purchase,4.1,1,2023-09-06,
11615,U1352,1398,Yogurt Maker,Kitchen,add_to_cart,,0,2024-05-13,
11616,U0957,1921,Electric Lunch Box,Kitchen,purchase,4.5,1,2024-01-15,
11617,U1536,2815,Electric Pressure Cooker,Kitchen,view,,0,2024-09-29,78.0
11618,U1815,3537,Aquarium Filter,Pet,purchase,4.1,1,2023-11-04,
11619,U0434,3586,Washer Dryer Combo,Laundry,view,,0,2023-04-03,75.0
11620,U1575,2462,Hair Curler,Personal Care,purchase,4.2,1,2023-06-27,
11621,U1948,365,Milk Frother,Kitchen,view,,0,2024-12-29,31.0
11622,U0428,4717,Built In Dishwasher,Kitchen,purchase,4.2,1,2023-01-15,
11623,U0335,4725,Foot Massager,Personal Care,view,,0,2024-12-15,36.0
11624,U1472,2733,Carpet Cleaner,Cleaning,view,,0,2023-02-26,0.0
11625,U1448,4362,Electric Oven,Kitchen,view,,0,2024-02-19,60.0
11626,U0868,932,Central Vacuum System,Cleaning,wishlist,1.4,0,2023-09-01,
11627,U0415,1495,Emergency Light,Security,view,,0,2024-07-04,107.0
11628,U1489,4289,Pressure Washer,Cleaning,purchase,4.2,1,2023-07-07,
11629,U1081,2218,Heating Pad,Personal Care,purchase,5.0,1,2023-01-06,
11630,U0947,2932,Hot Plate,Kitchen,wishlist,4.0,0,2024-02-11,
11631,U1074,1767,Booster Pump,Outdoor,view,,0,2024-11-22,133.0
11632,U1310,4248,Air Purifier,Climate,purchase,2.6,1,2024-11-20,
11633,U1611,1418,Steam Cleaner,Cleaning,purchase,3.7,1,2024-01-03,
11634,U0131,2524,Steam Iron,Laundry,purchase,5.0,1,2024-12-04,
11635,U0250,2184,Automatic Pet Water Fountain,Pet,view,,0,2024-04-27,82.0
11636,U1126,3420,Ice Maker,Kitchen,add_to_cart,,0,2024-03-18,
11637,U1108,2817,Electric Knife,Kitchen,add_to_cart,,0,2024-11-02,
11638,U0762,670,Smart Thermostat,Climate,view,,0,2023-05-08,56.0
11639,U0501,1003,Modem,Networking,wishlist,4.0,0,2024-07-24,
11640,U0819,4934,Hair Curler,Personal Care,add_to_cart,,0,2023-02-04,
11641,U1539,2207,Clock,Decor,view,,0,2024-07-25,233.0
11642,U1199,623,Bathroom Exhaust Fan,Bathroom,add_to_cart,,0,2024-12-09,
11643,U1757,3270,Cotton Candy Machine,Hobby,add_to_cart,,0,2023-01-19,
11644,U1294,180,Bladeless Fan,Climate,purchase,4.7,1,2023-01-03,
11645,U1685,3940,Air Quality Monitor,Smart Home,wishlist,4.1,0,2023-04-17,
11646,U0267,185,Weather Station,Smart Home,purchase,4.2,1,2023-03-04,
11647,U1908,621,Wine Cooler,Kitchen,view,,0,2024-09-13,25.0
11648,U1275,2650,Terrarium Heater,Pet,view,,0,2024-12-28,451.0
11649,U0747,1074,Built In Refrigerator,Kitchen,add_to_cart,,0,2024-05-20,
11650,U1620,3794,Aquarium Filter,Pet,view,,0,2023-12-28,114.0
11651,U0482,3403,Massager,Personal Care,add_to_cart,,0,2024-04-20,
11652,U1689,2932,Hot Plate,Kitchen,add_to_cart,,0,2024-12-22,
11653,U0853,891,Slush Machine,Hobby,add_to_cart,,0,2023-02-10,
11654,U0422,3195,Massage Chair,Personal Care,purchase,4.5,1,2023-07-04,
11655,U0595,1862,Booster Pump,Outdoor,view,,0,2023-09-18,140.0
11656,U0695,67,Vacuum Cleaner,Cleaning,add_to_cart,,0,2024-04-21,
11657,U1888,4240,Smart Door Lock,Security,view,,0,2024-04-10,6.0
11658,U0225,3715,Bottle Sterilizer,Kitchen,view,,0,2024-01-03,53.0
11659,U1766,2876,Smart Switch,Smart Home,add_to_cart,,0,2023-04-11,
11660,U1073,1068,Fan,Climate,add_to_cart,,0,2023-11-02,
11661,U1433,3327,Modem,Networking,purchase,4.3,1,2024-05-01,
11662,U1072,727,Grill Microwave,Kitchen,purchase,4.4,1,2023-08-05,
11663,U0567,4311,Vacuum Sealer,Kitchen,add_to_cart,,0,2024-05-20,
11664,U0025,2171,Home Automation Controller,Networking,view,,0,2024-12-05,52.0
11665,U0363,4539,Electric Knife,Kitchen,view,,0,2024-08-03,131.0
11666,U1146,2503,Smart Dryer,Laundry,purchase,4.7,1,2023-10-25,
11667,U0889,3742,Rice Cooker,Kitchen,purchase,5.0,1,2023-04-23,
11668,U1691,2254,Sprinkler System,Tools,add_to_cart,,0,2023-01-17,
11669,U0640,771,Automatic Pet Water Fountain,Pet,add_to_cart,,0,2024-10-18,
11670,U1032,3319,Wall Clock,Decor,purchase,4.7,1,2024-01-09,
11671,U0797,4791,Alarm Clock,Decor,purchase,4.8,1,2023-03-04,
11672,U0717,2995,Sprinkler System,Tools,add_to_cart,,0,2023-10-30,
11673,U0015,3526,Dishwasher,Cleaning,view,,0,2024-08-12,178.0
11674,U0925,1529,Hand Mixer,Kitchen,add_to_cart,,0,2023-09-27,
11675,U1781,3542,Air Cooler,Climate,view,,0,2024-10-19,39.0
11676,U0484,1807,Emergency Light,Security,view,,0,2024-10-27,45.0
11677,U1238,1285,Smart Door Lock,Security,add_to_cart,,0,2023-11-29,
11678,U1193,2103,Epilator,Personal Care,purchase,4.1,1,2023-03-27,
11679,U1172,4050,Home Automation Controller,Networking,add_to_cart,,0,2024-05-21,
11680,U1189,3770,Smart Switch,Smart Home,view,,0,2023-08-19,29.0
11681,U1781,2699,Ceiling Fan,Climate,purchase,4.6,1,2024-10-02,
11682,U1104,786,Hair Dryer,Personal Care,purchase,3.9,1,2024-11-23,
11683,U0605,849,Hair Dryer,Personal Care,purchase,3.3,1,2023-12-06,
11684,U1553,4307,Smoke Detector,Security,add_to_cart,,0,2023-06-16,
11685,U1363,811,Geyser,Bathroom,purchase,3.4,1,2024-05-21,
11686,U0716,4493,Sprinkler System,Tools,add_to_cart,,0,2024-10-12,
11687,U1436,3168,Milk Frother,Kitchen,purchase,4.7,1,2023-08-23,
11688,U0293,1952,Attic Fan,Climate,add_to_cart,,0,2023-11-23,
11689,U1028,4461,Range Hood,Kitchen,view,,0,2024-10-27,43.0
11690,U0432,1142,Built In Oven,Kitchen,add_to_cart,,0,2023-06-01,
11691,U1700,2604,Robot Vacuum,Cleaning,add_to_cart,,0,2024-03-26,
11692,U0693,277,Massage Chair,Personal Care,purchase,3.9,1,2024-03-01,
11693,U1371,3622,Robot Vacuum,Cleaning,view,,0,2023-12-13,436.0
11694,U1935,3723,Window Cleaner Robot,Cleaning,view,,0,2023-02-22,60.0
11695,U0845,1337,Wine Cooler,Kitchen,view,,0,2023-05-11,133.0
11696,U0896,1340,Ice Crusher,Kitchen,view,,0,2023-11-06,264.0
11697,U1037,2433,Clothes Dryer,Laundry,add_to_cart,,0,2024-08-18,
11698,U1785,4647,Printer,Tools,wishlist,4.8,0,2023-07-27,
11699,U0005,1327,Smart Garage Door Opener,Security,add_to_cart,,0,2024-03-07,
11700,U1044,3102,Home Automation Controller,Networking,view,,0,2023-04-25,14.0
11701,U0404,2899,Grill Microwave,Kitchen,add_to_cart,,0,2023-08-12,
11702,U0783,4192,Fabric Shaver,Laundry,add_to_cart,,0,2023-12-01,
11703,U1707,1200,Bread Maker,Kitchen,view,,0,2023-07-05,79.0
11704,U1752,4498,Landline Phone,Smart Home,add_to_cart,,0,2024-07-13,
11705,U0378,114,Sprinkler System,Tools,add_to_cart,,0,2023-03-04,
11706,U1553,4821,Smart Bulb,Smart Home,view,,0,2024-12-10,349.0
11707,U1313,4424,Bathroom Exhaust Fan,Bathroom,purchase,4.3,1,2023-02-21,
11708,U0207,1342,Dishwasher,Cleaning,purchase,3.7,1,2023-05-30,
11709,U0850,4798,Steam Iron,Laundry,purchase,2.5,1,2024-08-29,
11710,U0241,2510,Hot Plate,Kitchen,purchase,4.0,1,2023-05-22,
11711,U0420,4495,Clothes Dryer,Laundry,view,,0,2023-01-22,13.0
11712,U1764,4512,Router,Networking,add_to_cart,,0,2024-02-13,
11713,U0057,1685,Aquarium Filter,Pet,view,,0,2023-07-12,63.0
11714,U0792,2821,Label Maker,Tools,add_to_cart,,0,2024-02-13,
11715,U1998,1901,Toaster,Kitchen,add_to_cart,,0,2023-01-20,
11716,U1113,708,Smart Plug,Smart Home,add_to_cart,,0,2024-01-01,
11717,U0944,353,Smart TV,Entertainment,add_to_cart,,0,2023-02-03,
11718,U0362,1924,Smart Switch,Smart Home,purchase,2.6,1,2024-05-16,
11719,U1287,3703,Geyser,Bathroom,view,,0,2024-01-11,61.0
11720,U1891,4238,OTG Oven,Kitchen,add_to_cart,,0,2023-01-01,
11721,U1504,4695,Network Attached Storage,Networking,purchase,5.0,1,2023-04-20,
11722,U1059,2789,Exhaust Fan,Climate,purchase,5.0,1,2023-10-12,
11723,U0755,1678,Label Maker,Tools,purchase,4.8,1,2024-02-13,
11724,U1540,4665,Inverter,Power,view,,0,2024-06-10,13.0
11725,U1903,695,Slush Machine,Hobby,add_to_cart,,0,2024-06-08,
11726,U1666,2682,Trimmer,Personal Care,purchase,5.0,1,2023-01-25,
11727,U0034,3388,Geyser,Bathroom,view,,0,2024-04-11,215.0
11728,U0520,1492,Scanner,Tools,view,,0,2023-06-10,315.0
11729,U0348,3831,Dehumidifier,Climate,purchase,4.6,1,2024-08-27,
11730,U0955,2490,Water Heater,Bathroom,add_to_cart,,0,2023-07-29,
11731,U1318,2827,Handheld Vacuum,Cleaning,view,,0,2024-06-03,275.0
11732,U1271,3369,Water Pump,Outdoor,view,,0,2023-03-13,60.0
11733,U1679,1213,Pressure Cooker,Kitchen,wishlist,4.2,0,2023-10-06,
11734,U1451,797,Misting Fan,Climate,purchase,4.0,1,2024-09-28,
11735,U1841,906,Window Air Conditioner,Climate,view,,0,2024-01-08,40.0
11736,U0076,1646,Wall Clock,Decor,purchase,4.0,1,2023-10-08,
11737,U0376,1651,Floor Polisher,Cleaning,purchase,3.4,1,2024-03-11,
11738,U1282,3814,Water Filter,Bathroom,view,,0,2024-06-03,137.0
11739,U0498,623,Bathroom Exhaust Fan,Bathroom,view,,0,2023-08-28,50.0
11740,U0046,2867,Terrarium Heater,Pet,view,,0,2024-02-29,198.0
11741,U0112,2463,Lawn Mower,Tools,purchase,4.3,1,2023-02-13,
11742,U0490,3794,Aquarium Filter,Pet,purchase,3.0,1,2024-05-03,
11743,U0744,2412,Kitchen Chimney,Kitchen,add_to_cart,,0,2024-03-18,
11744,U0452,57,Toaster,Kitchen,add_to_cart,,0,2024-01-24,
11745,U1226,2548,Air Quality Monitor,Smart Home,purchase,2.5,1,2024-11-06,
11746,U0976,3776,Paper Shredder,Tools,wishlist,5.0,0,2023-08-14,
11747,U1698,1610,Air Quality Monitor,Smart Home,purchase,4.0,1,2023-10-14,
11748,U1152,1956,Tea Maker,Kitchen,view,,0,2023-02-10,33.0
11749,U0158,4686,Central Vacuum System,Cleaning,add_to_cart,,0,2024-01-22,
11750,U1248,3389,Toaster Oven,Kitchen,add_to_cart,,0,2024-07-06,
11751,U1782,4166,Blu Ray Player,Entertainment,wishlist,4.8,0,2024-06-08,
11752,U1411,1624,Ice Cream Maker,Kitchen,add_to_cart,,0,2024-08-29,
11753,U0546,2286,Water Heater,Bathroom,purchase,4.4,1,2024-01-02,
11754,U0799,1390,Home Automation Controller,Networking,add_to_cart,,0,2024-05-05,
11755,U0563,133,Inverter,Power,view,,0,2023-11-02,34.0
11756,U1550,1430,Smart Washer,Laundry,view,,0,2024-04-11,0.0
11757,U0680,1702,Pet Feeder,Pet,purchase,4.6,1,2023-06-02,
11758,U0412,4593,Garbage Disposal,Kitchen,view,,0,2023-10-27,195.0
11759,U0263,2134,Massage Chair,Personal Care,view,,0,2023-08-03,312.0
11760,U0032,3047,UV Water Purifier,Bathroom,purchase,3.7,1,2023-05-08,
11761,U1980,4653,Mini Fridge,Kitchen,add_to_cart,,0,2024-02-07,
11762,U1553,96,Electric Shaver,Personal Care,purchase,2.5,1,2023-04-07,
11763,U1573,4911,Electric Shaver,Personal Care,add_to_cart,,0,2024-10-14,
11764,U0064,1610,Air Quality Monitor,Smart Home,view,,0,2024-09-25,172.0
11765,U1873,4079,Electric Tandoor,Kitchen,add_to_cart,,0,2023-09-20,
11766,U0548,1997,Electric Pressure Cooker,Kitchen,view,,0,2023-08-22,113.0
11767,U0903,2340,Smoke Detector,Security,purchase,3.9,1,2024-01-28,
11768,U0697,4233,Power Strip,Power,purchase,4.4,1,2024-11-19,
11769,U0635,3165,Solar Panel Inverter,Power,view,,0,2024-03-06,240.0
11770,U1774,194,RO Purifier,Bathroom,view,,0,2024-05-07,45.0
11771,U1655,1489,Egg Cooker,Kitchen,purchase,4.0,1,2023-08-20,
11772,U2000,4966,Hand Mixer,Kitchen,view,,0,2023-05-08,47.0
11773,U1918,1102,Steam Iron,Laundry,wishlist,3.9,0,2023-08-12,
11774,U0250,648,Label Maker,Tools,view,,0,2024-09-21,131.0
11775,U0091,1148,Heating Pad,Personal Care,add_to_cart,,0,2023-09-22,
11776,U0909,1384,Robot Vacuum,Cleaning,add_to_cart,,0,2024-10-23,
11777,U1538,2093,Paper Shredder,Tools,view,,0,2023-06-09,223.0
11778,U1485,4468,Clothesline Dryer,Laundry,add_to_cart,,0,2024-04-05,
11779,U1425,4585,Smart Hub,Networking,view,,0,2023-12-03,47.0
11780,U1829,316,Streaming Device,Entertainment,view,,0,2023-07-24,94.0
11781,U1208,2432,Hot Plate,Kitchen,purchase,4.3,1,2023-12-21,
11782,U1344,2880,Handheld Vacuum,Cleaning,view,,0,2023-10-14,251.0
11783,U0496,809,Mini Fridge,Kitchen,wishlist,4.4,0,2023-04-29,
11784,U0494,662,Smoke Detector,Security,wishlist,4.2,0,2024-11-20,
11785,U0525,285,WiFi Extender,Networking,view,,0,2024-10-29,5.0
11786,U1795,1823,Water Dispenser,Kitchen,view,,0,2023-09-04,316.0
11787,U1217,3700,Geyser,Bathroom,view,,0,2023-10-06,39.0
11788,U0952,1875,Smart Lock,Security,wishlist,4.2,0,2023-03-22,
11789,U0719,2349,Pressure Washer,Cleaning,view,,0,2023-06-02,49.0
11790,U1872,3148,Smart Plug,Smart Home,purchase,3.5,1,2023-01-01,
11791,U0270,2418,Tankless Water Heater,Bathroom,view,,0,2023-11-24,27.0
11792,U0917,4322,Garage Door Motor,Outdoor,view,,0,2023-03-11,46.0
11793,U0249,1574,Elliptical Trainer,Fitness,view,,0,2024-06-16,104.0
11794,U1613,3999,Coffee Grinder,Kitchen,view,,0,2024-09-14,116.0
11795,U0751,3427,Washer Dryer Combo,Laundry,add_to_cart,,0,2024-07-12,
11796,U1376,4218,Wall Clock,Decor,wishlist,4.3,0,2023-12-06,
11797,U1663,3144,Electric Stove,Kitchen,view,,0,2023-03-17,15.0
11798,U1626,4594,Air Fryer,Kitchen,add_to_cart,,0,2023-05-07,
11799,U0566,1435,Exhaust Fan,Climate,add_to_cart,,0,2023-06-17,
11800,U1959,4393,Induction Cooktop,Kitchen,wishlist,2.8,0,2023-06-28,
11801,U0901,4534,Alarm Clock,Decor,view,,0,2024-03-05,4.0
11802,U0613,352,Inverter,Power,view,,0,2024-11-13,330.0
11803,U0759,1091,Smart Bulb,Smart Home,add_to_cart,,0,2024-08-19,
11804,U0732,4372,UPS,Power,add_to_cart,,0,2023-06-11,
11805,U1108,4548,Leaf Blower,Tools,view,,0,2023-09-14,90.0
11806,U1671,4692,Electric Oven,Kitchen,purchase,5.0,1,2023-05-15,
11807,U0998,4441,Bathroom Exhaust Fan,Bathroom,purchase,5.0,1,2023-12-28,
11808,U1237,627,Sump Pump,Outdoor,add_to_cart,,0,2024-04-15,
11809,U1263,3668,Smart Refrigerator,Kitchen,view,,0,2023-11-19,37.0
11810,U0791,3311,Security Camera,Security,add_to_cart,,0,2023-09-10,
11811,U1278,533,Food Processor,Kitchen,add_to_cart,,0,2024-09-10,
11812,U1557,3506,Stand Mixer,Kitchen,wishlist,3.3,0,2023-10-03,
11813,U0876,2762,Set Top Box,Entertainment,view,,0,2023-06-07,103.0
11814,U0013,4183,Water Flosser,Personal Care,view,,0,2023-04-28,16.0
11815,U1926,3607,Scanner,Tools,wishlist,4.1,0,2023-12-07,
11816,U1511,3480,Slush Machine,Hobby,view,,0,2024-02-02,9.0
11817,U0515,4259,Electric Scooter Charger,Power,add_to_cart,,0,2023-03-21,
11818,U0637,2628,Meat Grinder,Kitchen,purchase,4.0,1,2023-12-11,
11819,U1558,4338,Lawn Mower,Tools,purchase,5.0,1,2024-06-13,
11820,U1460,3448,Video Doorbell,Security,purchase,3.8,1,2023-11-09,
11821,U1351,742,Water Dispenser,Kitchen,purchase,4.9,1,2023-12-09,
11822,U0511,4949,Home Automation Controller,Networking,view,,0,2023-02-24,16.0
11823,U1386,3309,Built In Dishwasher,Kitchen,add_to_cart,,0,2023-08-27,
11824,U0118,1792,Fan,Climate,view,,0,2024-01-08,237.0
11825,U1485,2699,Ceiling Fan,Climate,view,,0,2024-04-11,49.0
11826,U1634,3461,Mini Washing Machine,Laundry,add_to_cart,,0,2024-06-09,
11827,U1566,2318,Modem,Networking,purchase,4.7,1,2024-04-26,
11828,U0796,4780,UV Water Purifier,Bathroom,wishlist,4.7,0,2023-06-28,
11829,U1780,1462,Hand Mixer,Kitchen,purchase,1.2,1,2024-10-01,
11830,U1558,898,Smart Bulb,Smart Home,purchase,5.0,1,2023-01-22,
11831,U0896,2672,Bread Maker,Kitchen,purchase,3.6,1,2023-03-09,
11832,U0959,4926,Tea Maker,Kitchen,wishlist,5.0,0,2024-12-11,
11833,U1985,3300,Smart Vacuum,Cleaning,wishlist,4.9,0,2024-06-26,
11834,U1174,1593,Coffee Grinder,Kitchen,purchase,3.0,1,2023-12-16,
11835,U0635,4428,Pet Feeder,Pet,purchase,3.2,1,2023-04-29,
11836,U0401,4679,Smart Vacuum,Cleaning,purchase,4.0,1,2024-03-27,
11837,U1275,2030,Aquarium Heater,Pet,add_to_cart,,0,2024-03-16,
11838,U1789,2307,Kitchen Chimney,Kitchen,purchase,3.2,1,2024-07-07,
11839,U1622,1704,Digital Safe,Security,add_to_cart,,0,2024-09-13,
11840,U1854,3264,Waffle Maker,Kitchen,view,,0,2023-06-02,51.0
11841,U1117,2800,Chapati Maker,Kitchen,view,,0,2023-11-05,179.0
11842,U1793,3013,Aquarium Filter,Pet,view,,0,2024-05-10,127.0
11843,U1420,3382,Cooktop,Kitchen,view,,0,2023-10-17,70.0
11844,U0852,2913,Cotton Candy Machine,Hobby,view,,0,2024-04-24,13.0
11845,U1213,1610,Air Quality Monitor,Smart Home,view,,0,2023-12-25,308.0
11846,U1820,4787,Tea Maker,Kitchen,wishlist,4.6,0,2024-06-22,
11847,U1549,3303,Water Boiler,Kitchen,add_to_cart,,0,2024-12-21,
11848,U0560,4859,Bladeless Fan,Climate,purchase,3.3,1,2023-05-02,
11849,U0175,2000,Wine Cooler,Kitchen,purchase,3.4,1,2023-01-25,
11850,U1682,4332,Laminator,Tools,add_to_cart,,0,2023-06-27,
11851,U1520,1759,Smart Plug,Smart Home,purchase,3.8,1,2024-08-15,
11852,U1924,2091,Weather Station,Smart Home,view,,0,2023-07-20,206.0
11853,U1828,2241,Wall Clock,Decor,purchase,3.8,1,2023-03-21,
11854,U0934,799,Tankless Water Heater,Bathroom,view,,0,2023-07-21,1.0
11855,U0479,3497,Food Dehydrator,Kitchen,view,,0,2023-06-16,42.0
11856,U1542,2682,Trimmer,Personal Care,add_to_cart,,0,2024-01-12,
11857,U1508,140,Modem,Networking,wishlist,4.8,0,2024-03-14,
11858,U1491,1182,Cooktop,Kitchen,view,,0,2024-09-16,278.0
11859,U1803,2895,Built In Microwave,Kitchen,view,,0,2023-11-19,191.0
11860,U0375,1211,Electric Stove,Kitchen,purchase,2.8,1,2023-11-30,
11861,U0004,561,UV Water Purifier,Bathroom,view,,0,2024-08-29,434.0
11862,U0004,1120,Central Air Conditioner,Climate,view,,0,2024-04-06,53.0
11863,U1023,1156,Treadmill,Fitness,view,,0,2023-03-22,13.0
11864,U1408,3140,Weather Station,Smart Home,purchase,1.6,1,2023-02-05,
11865,U0238,2485,Toaster Oven,Kitchen,purchase,4.0,1,2024-08-10,
11866,U1427,770,Clock,Decor,add_to_cart,,0,2023-04-02,
11867,U0577,4034,Wall Clock,Decor,wishlist,4.8,0,2024-07-01,
11868,U1045,4523,Water Heater,Bathroom,view,,0,2023-09-09,222.0
11869,U1579,3582,Wall Clock,Decor,view,,0,2024-12-04,6.0
11870,U1040,7,Mixer Grinder,Kitchen,view,,0,2023-02-18,194.0
11871,U0001,4545,Kitchen Chimney,Kitchen,view,,0,2023-04-04,50.0
11872,U0339,4469,Digital Safe,Security,purchase,3.5,1,2023-08-17,
11873,U0011,4203,Countertop Dishwasher,Cleaning,view,,0,2024-04-12,95.0
11874,U0113,4268,Smart TV,Entertainment,view,,0,2023-10-06,323.0
11875,U0303,582,Electric Vehicle Charger,Power,purchase,4.9,1,2024-10-19,
11876,U0385,1546,Electric Scooter Charger,Power,add_to_cart,,0,2024-06-03,
11877,U0607,4137,Door Intercom,Security,add_to_cart,,0,2024-08-09,
11878,U0289,1119,CCTV System,Security,add_to_cart,,0,2023-01-13,
11879,U0197,1070,Blender,Kitchen,wishlist,4.9,0,2023-05-29,
11880,U0728,3091,Window Cleaner Robot,Cleaning,wishlist,4.7,0,2024-08-20,
11881,U1214,4118,Smart Bulb,Smart Home,view,,0,2023-09-09,89.0
11882,U0351,2571,Wall Clock,Decor,view,,0,2024-11-19,24.0
11883,U1535,1178,Hot Dog Maker,Kitchen,add_to_cart,,0,2024-12-17,
11884,U1608,3677,Water Filter,Bathroom,view,,0,2023-08-22,46.0
11885,U0871,4542,Gas Stove,Kitchen,add_to_cart,,0,2024-10-21,
11886,U1555,3694,Window Cleaner Robot,Cleaning,add_to_cart,,0,2024-03-04,
11887,U1698,1882,Terrarium Heater,Pet,purchase,3.7,1,2024-04-11,
11888,U1116,913,Fermentation Crock,Hobby,purchase,3.6,1,2024-10-17,
11889,U0066,1599,Air Cooler,Climate,purchase,4.6,1,2023-10-08,
11890,U1264,2318,Modem,Networking,add_to_cart,,0,2023-06-05,
11891,U0916,1733,Built In Oven,Kitchen,view,,0,2023-07-31,72.0
11892,U0963,1465,Handheld Vacuum,Cleaning,view,,0,2024-02-26,202.0
11893,U1243,4370,Water Filter,Bathroom,view,,0,2023-09-09,53.0
11894,U0703,1077,Smart Switch,Smart Home,purchase,3.7,1,2023-01-19,
11895,U0562,3278,Iron,Laundry,view,,0,2024-01-18,268.0
11896,U0169,3333,Handheld Vacuum,Cleaning,purchase,4.8,1,2023-08-09,
11897,U1698,2755,Heating Pad,Personal Care,view,,0,2023-09-22,97.0
11898,U0193,3322,Refrigerator,Kitchen,view,,0,2024-11-06,124.0
11899,U0069,1728,Built In Refrigerator,Kitchen,purchase,3.4,1,2023-10-19,
11900,U1375,1533,Toaster,Kitchen,add_to_cart,,0,2024-11-23,
11901,U0145,3163,Electric Shaver,Personal Care,wishlist,3.1,0,2024-03-12,
11902,U0465,4327,Air Quality Monitor,Smart Home,add_to_cart,,0,2024-12-07,
11903,U0451,486,Vacuum Sealer,Kitchen,view,,0,2023-08-15,74.0
11904,U0229,2802,Terrarium Heater,Pet,purchase,4.5,1,2023-02-25,
11905,U1170,639,Water Pump,Outdoor,purchase,4.3,1,2023-03-31,
11906,U0715,3866,Smart Hub,Networking,wishlist,3.5,0,2024-10-09,
11907,U0783,3743,Thermostat,Climate,purchase,4.0,1,2024-06-08,
11908,U1178,2453,Clothes Dryer,Laundry,view,,0,2023-04-28,136.0
11909,U1909,4860,Wall Clock,Decor,view,,0,2023-08-03,67.0
11910,U1782,3782,Wine Cooler,Kitchen,purchase,4.7,1,2024-04-06,
11911,U0612,855,Smart Refrigerator,Kitchen,add_to_cart,,0,2024-11-05,
11912,U1897,3380,Hot Plate,Kitchen,wishlist,3.4,0,2023-09-07,
11913,U1219,2792,Automatic Pet Water Fountain,Pet,wishlist,3.5,0,2024-06-15,
11914,U0421,2320,Smart Curtain Motor,Smart Home,add_to_cart,,0,2024-08-08,
11915,U1980,968,Smart TV,Entertainment,purchase,4.5,1,2023-11-11,
11916,U0141,3741,Clothes Dryer,Laundry,add_to_cart,,0,2023-05-20,
11917,U0432,4944,CCTV System,Security,add_to_cart,,0,2023-01-13,
11918,U0215,2850,Garment Steamer,Laundry,view,,0,2024-01-03,26.0
11919,U0540,1014,Boot Warmer,Laundry,purchase,4.4,1,2024-06-25,
11920,U1728,2768,Refrigerator,Kitchen,view,,0,2023-02-13,173.0
11921,U1146,3116,Steam Cleaner,Cleaning,purchase,4.3,1,2024-05-13,
11922,U1436,1215,Milk Frother,Kitchen,view,,0,2024-07-12,2.0
11923,U0746,4977,Router,Networking,view,,0,2023-02-09,212.0
11924,U1254,233,Shoe Dryer,Laundry,view,,0,2024-09-10,36.0
11925,U0189,1622,Tea Maker,Kitchen,wishlist,3.5,0,2024-09-29,
11926,U1553,4268,Smart TV,Entertainment,view,,0,2024-09-27,429.0
11927,U1463,1816,Modem,Networking,view,,0,2024-04-07,247.0
11928,U0325,4127,Steam Cleaner,Cleaning,purchase,4.3,1,2024-09-07,
11929,U1931,836,Pool Heater,Outdoor,purchase,3.0,1,2023-06-18,
11930,U1056,2543,Smart Bulb,Smart Home,add_to_cart,,0,2023-11-15,
11931,U1047,2976,Stand Mixer,Kitchen,purchase,4.1,1,2024-02-15,
11932,U1008,777,Clock,Decor,purchase,5.0,1,2024-09-18,
11933,U0371,3119,Paper Shredder,Tools,add_to_cart,,0,2024-03-15,
11934,U0779,1004,Emergency Light,Security,add_to_cart,,0,2023-08-24,
11935,U0692,2385,Mixer Grinder,Kitchen,add_to_cart,,0,2023-05-31,
11936,U1472,4257,Electric Shaver,Personal Care,view,,0,2024-01-03,242.0
11937,U1635,4727,DVD Player,Entertainment,purchase,3.8,1,2024-06-29,
11938,U0575,3261,Automatic Pet Water Fountain,Pet,view,,0,2024-02-07,34.0
11939,U1138,3191,Paper Shredder,Tools,purchase,4.3,1,2024-01-21,
11940,U1245,4173,Induction Oven,Kitchen,purchase,4.2,1,2023-12-24,
11941,U1976,753,Jacuzzi Pump,Bathroom,view,,0,2023-01-29,5.0
11942,U1464,2230,Label Maker,Tools,view,,0,2024-09-02,231.0
11943,U0692,3401,Espresso Machine,Kitchen,purchase,4.0,1,2024-08-05,
11944,U1531,2185,Digital Safe,Security,view,,0,2023-11-26,193.0
11945,U0121,1448,Sandwich Maker,Kitchen,view,,0,2024-03-16,97.0
11946,U1419,4763,Slush Machine,Hobby,add_to_cart,,0,2024-02-14,
11947,U1111,914,Sprinkler System,Tools,purchase,5.0,1,2024-08-19,
11948,U1592,553,Lawn Mower,Tools,add_to_cart,,0,2024-08-15,
11949,U1702,4822,Automatic Pet Water Fountain,Pet,view,,0,2023-10-25,192.0
11950,U0621,3331,Electric Kettle,Kitchen,view,,0,2024-02-12,82.0
11951,U1909,4482,Set Top Box,Entertainment,add_to_cart,,0,2024-04-05,
11952,U0138,4312,Hair Dryer,Personal Care,add_to_cart,,0,2024-12-27,
11953,U1355,4869,Home Server,Networking,view,,0,2023-11-09,62.0
11954,U1360,618,Projector,Entertainment,view,,0,2024-04-20,109.0
11955,U1508,2271,Smart Plug,Smart Home,view,,0,2024-03-08,29.0
11956,U0492,1610,Air Quality Monitor,Smart Home,purchase,3.2,1,2023-10-20,
11957,U0584,3692,Pool Heater,Outdoor,purchase,3.0,1,2023-05-18,
11958,U1964,3225,DVD Player,Entertainment,purchase,3.1,1,2024-04-28,
11959,U1240,2642,Blu Ray Player,Entertainment,add_to_cart,,0,2024-05-23,
11960,U1320,2307,Kitchen Chimney,Kitchen,add_to_cart,,0,2023-09-23,
11961,U0126,1487,Smart Plug,Smart Home,wishlist,1.1,0,2024-11-06,
11962,U1050,4906,Electric Drill,Tools,purchase,5.0,1,2024-05-25,
11963,U1867,2539,Ice Maker,Kitchen,add_to_cart,,0,2023-06-16,
11964,U0967,1336,Portable Dishwasher,Cleaning,purchase,5.0,1,2024-09-17,
11965,U1898,1583,Sprinkler System,Tools,add_to_cart,,0,2023-11-02,
11966,U0271,4003,Electric Blanket,Personal Care,add_to_cart,,0,2024-07-23,
11967,U1916,223,Gas Stove,Kitchen,view,,0,2024-01-27,56.0
11968,U0140,4405,Weather Station,Smart Home,view,,0,2023-05-28,64.0
11969,U0889,2222,Home Theater System,Entertainment,view,,0,2024-11-11,132.0
11970,U0691,997,Countertop Dishwasher,Cleaning,add_to_cart,,0,2023-03-31,
11971,U1590,3973,Electric Fireplace,Climate,view,,0,2023-05-24,278.0
11972,U1210,4186,Epilator,Personal Care,purchase,4.2,1,2024-11-16,
11973,U1292,1077,Smart Switch,Smart Home,view,,0,2023-06-23,81.0
11974,U0291,1238,Freezer,Kitchen,purchase,2.4,1,2023-06-01,
11975,U0216,3730,Terrarium Heater,Pet,view,,0,2024-06-22,79.0
11976,U1647,2144,WiFi Extender,Networking,view,,0,2023-07-25,87.0
11977,U0668,53,Smart Door Lock,Security,view,,0,2023-09-03,237.0
11978,U1687,641,Massage Chair,Personal Care,wishlist,4.5,0,2023-05-19,
11979,U1981,3725,Booster Pump,Outdoor,wishlist,5.0,0,2023-04-09,
11980,U1944,233,Shoe Dryer,Laundry,add_to_cart,,0,2023-03-21,
11981,U0040,1550,Cooktop,Kitchen,add_to_cart,,0,2024-06-23,
11982,U0969,801,Paper Shredder,Tools,add_to_cart,,0,2023-10-25,
11983,U1544,3356,Printer,Tools,add_to_cart,,0,2024-01-09,
11984,U1738,811,Geyser,Bathroom,wishlist,3.8,0,2023-05-18,
11985,U1166,4721,Terrarium Heater,Pet,view,,0,2023-01-15,32.0
11986,U1949,216,Electric Shaver,Personal Care,add_to_cart,,0,2023-05-25,
11987,U1759,4023,Foot Massager,Personal Care,view,,0,2024-08-02,57.0
11988,U0198,1868,Network Attached Storage,Networking,view,,0,2024-05-18,0.0
11989,U1259,1658,Portable Air Conditioner,Climate,view,,0,2023-12-30,65.0
11990,U0515,467,Electric Blanket,Personal Care,view,,0,2024-10-18,63.0
11991,U1860,1897,UV Water Purifier,Bathroom,add_to_cart,,0,2024-10-17,
11992,U1977,1492,Scanner,Tools,wishlist,2.0,0,2023-11-07,
11993,U1806,2448,Washer Dryer Combo,Laundry,wishlist,2.8,0,2024-03-12,
11994,U1345,4809,RO Purifier,Bathroom,view,,0,2023-02-11,57.0
11995,U1125,3234,Smart Garage Door Opener,Security,view,,0,2024-03-23,2.0
11996,U0327,3957,Jacuzzi Pump,Bathroom,add_to_cart,,0,2023-03-07,
11997,U0453,2798,Central Air Conditioner,Climate,view,,0,2023-09-24,390.0
11998,U0295,1173,Central Vacuum System,Cleaning,view,,0,2024-04-11,76.0
11999,U0604,2424,Aquarium Heater,Pet,view,,0,2023-06-06,32.0
12000,U1905,887,Coffee Maker,Kitchen,purchase,3.5,1,2024-05-24,
12001,U1680,4568,Espresso Machine,Kitchen,add_to_cart,,0,2024-01-20,
12002,U0430,3165,Solar Panel Inverter,Power,wishlist,2.3,0,2023-04-05,
12003,U0182,1619,Space Heater,Climate,add_to_cart,,0,2024-02-04,
12004,U0445,2493,Refrigerator,Kitchen,purchase,4.0,1,2023-08-28,
12005,U0716,2616,Meat Grinder,Kitchen,view,,0,2023-11-16,83.0
12006,U0355,225,Robot Vacuum,Cleaning,view,,0,2024-04-26,76.0
12007,U1637,1807,Emergency Light,Security,add_to_cart,,0,2023-03-31,
12008,U0730,4788,Security Camera,Security,purchase,4.4,1,2024-03-22,
12009,U1738,3119,Paper Shredder,Tools,add_to_cart,,0,2023-07-15,
12010,U1691,2878,Lawn Mower,Tools,add_to_cart,,0,2024-04-13,
12011,U1310,4346,Iron,Laundry,purchase,3.3,1,2024-07-19,
12012,U0026,3361,Geyser,Bathroom,view,,0,2023-12-11,121.0
12013,U1428,4421,Digital Photo Frame,Entertainment,view,,0,2023-04-24,201.0
12014,U0848,3031,Water Dispenser,Kitchen,wishlist,4.1,0,2023-04-25,
12015,U1637,2684,Laminator,Tools,purchase,4.8,1,2023-06-02,
12016,U1789,4189,Printer,Tools,add_to_cart,,0,2023-04-16,
12017,U1046,4332,Laminator,Tools,view,,0,2024-07-28,14.0
12018,U0979,208,Smart Lock,Security,purchase,2.6,1,2023-08-20,
12019,U1655,160,Booster Pump,Outdoor,purchase,4.4,1,2023-05-15,
12020,U1070,3209,Slush Machine,Hobby,add_to_cart,,0,2023-08-25,
12021,U1016,1708,Angle Grinder,Tools,view,,0,2023-07-30,105.0
12022,U0286,2040,Central Vacuum System,Cleaning,view,,0,2024-10-20,78.0
12023,U0107,928,Smart Oven,Kitchen,view,,0,2023-07-11,29.0
12024,U1428,3712,Electric Knife,Kitchen,wishlist,3.0,0,2023-12-09,
12025,U1513,2218,Heating Pad,Personal Care,wishlist,4.0,0,2024-07-22,
12026,U1844,2447,Hair Dryer,Personal Care,wishlist,3.2,0,2023-01-05,
12027,U1952,1107,Home Server,Networking,view,,0,2024-11-30,112.0
12028,U0108,4712,Carpet Cleaner,Cleaning,wishlist,4.1,0,2024-05-16,
12029,U1854,4441,Bathroom Exhaust Fan,Bathroom,purchase,4.3,1,2023-08-26,
12030,U0367,1799,Sewing Machine,Hobby,wishlist,3.8,0,2023-01-01,
12031,U0006,2012,Terrarium Heater,Pet,add_to_cart,,0,2024-12-19,
12032,U1956,4954,Pet Feeder,Pet,purchase,5.0,1,2024-09-02,
12033,U1073,3041,Baby Food Maker,Kitchen,wishlist,3.2,0,2023-08-26,
12034,U0890,3866,Smart Hub,Networking,purchase,5.0,1,2023-04-08,
12035,U0409,4966,Hand Mixer,Kitchen,wishlist,5.0,0,2024-10-26,
12036,U0020,2024,Chainsaw,Tools,add_to_cart,,0,2024-02-26,
12037,U1587,2265,Air Quality Monitor,Smart Home,view,,0,2024-10-30,58.0
12038,U1015,1489,Egg Cooker,Kitchen,add_to_cart,,0,2024-06-28,
12039,U0095,608,Rice Cooker,Kitchen,purchase,5.0,1,2023-02-22,
12040,U0800,3725,Booster Pump,Outdoor,wishlist,4.3,0,2023-02-02,
12041,U0922,4805,Leaf Blower,Tools,purchase,5.0,1,2024-02-03,
12042,U1139,3625,Cold Press Juicer,Kitchen,add_to_cart,,0,2023-08-05,
12043,U0742,2386,Aquarium Heater,Pet,wishlist,4.4,0,2023-03-15,
12044,U0273,3700,Geyser,Bathroom,view,,0,2023-01-04,182.0
12045,U0079,16,Smart Switch,Smart Home,view,,0,2023-06-19,82.0
12046,U0711,4038,Smart Lock,Security,purchase,3.8,1,2024-01-25,
12047,U1804,919,Smart Door Lock,Security,purchase,3.5,1,2024-01-06,
12048,U1751,285,WiFi Extender,Networking,purchase,3.2,1,2023-06-09,
12049,U0895,4131,Baby Food Maker,Kitchen,add_to_cart,,0,2023-09-20,
12050,U0290,2261,Range Hood,Kitchen,purchase,4.4,1,2023-09-14,
12051,U0496,241,Slow Cooker,Kitchen,add_to_cart,,0,2024-04-27,
12052,U1166,4435,Steam Cleaner,Cleaning,wishlist,4.3,0,2023-11-27,
12053,U1598,2650,Terrarium Heater,Pet,view,,0,2024-03-06,147.0
12054,U0831,306,Massager,Personal Care,purchase,5.0,1,2023-06-25,
12055,U1473,3533,Home Automation Controller,Networking,add_to_cart,,0,2024-07-02,
12056,U0583,3802,Washer Dryer Combo,Laundry,view,,0,2023-11-13,34.0
12057,U0844,500,Solo Microwave,Kitchen,add_to_cart,,0,2023-02-19,
12058,U1129,4416,Attic Fan,Climate,purchase,3.9,1,2023-05-26,
12059,U0073,3622,Robot Vacuum,Cleaning,wishlist,3.9,0,2024-04-13,
12060,U0436,1409,Carpet Cleaner,Cleaning,add_to_cart,,0,2024-12-22,
12061,U1523,4736,Smart Curtain Motor,Smart Home,purchase,4.2,1,2023-04-23,
12062,U0304,2176,Smart Switch,Smart Home,add_to_cart,,0,2023-08-31,
12063,U0998,336,Water Filter,Bathroom,view,,0,2023-09-09,98.0
12064,U1785,3199,Dishwasher,Cleaning,wishlist,4.2,0,2024-11-02,
12065,U0728,3798,Window Cleaner Robot,Cleaning,view,,0,2024-04-09,51.0
12066,U0400,4959,Security Camera,Security,add_to_cart,,0,2024-01-16,
12067,U0257,3816,Smart Curtain Motor,Smart Home,view,,0,2023-05-25,134.0
12068,U1554,1411,Aquarium Heater,Pet,wishlist,5.0,0,2023-03-30,
12069,U0757,1234,Security Camera,Security,view,,0,2024-12-03,100.0
12070,U0404,1283,Smart Oven,Kitchen,add_to_cart,,0,2024-03-04,
12071,U1465,264,Smart Plug,Smart Home,view,,0,2023-06-15,471.0
12072,U1483,4423,DVD Player,Entertainment,view,,0,2024-04-26,259.0
12073,U0416,1039,Sump Pump,Outdoor,add_to_cart,,0,2024-08-02,
12074,U0253,1701,Aquarium Filter,Pet,view,,0,2024-04-03,39.0
12075,U0258,4938,Smart Door Lock,Security,add_to_cart,,0,2023-08-21,
12076,U1976,1309,RO Purifier,Bathroom,wishlist,3.6,0,2023-10-15,
12077,U1113,2774,Aquarium Filter,Pet,view,,0,2023-04-07,221.0
12078,U1912,1926,Video Doorbell,Security,purchase,3.4,1,2024-12-05,
12079,U0657,1551,Geyser,Bathroom,add_to_cart,,0,2023-12-24,
12080,U0320,2840,UV Water Purifier,Bathroom,wishlist,3.4,0,2024-11-20,
12081,U1795,194,RO Purifier,Bathroom,view,,0,2024-01-06,324.0
12082,U1321,372,Food Dehydrator,Kitchen,view,,0,2023-02-18,199.0
12083,U1371,3405,Smart Plug,Smart Home,view,,0,2023-06-29,175.0
12084,U0661,2076,Pet Feeder,Pet,purchase,4.3,1,2024-09-06,
12085,U1590,3440,Door Intercom,Security,view,,0,2024-06-15,139.0
12086,U1591,2382,Milk Frother,Kitchen,add_to_cart,,0,2024-10-10,
12087,U0817,2087,Electric Toothbrush,Personal Care,view,,0,2024-10-12,57.0
12088,U0939,1401,Portable Air Conditioner,Climate,wishlist,3.2,0,2024-04-16,
12089,U0988,994,Blender,Kitchen,add_to_cart,,0,2024-03-27,
12090,U1491,3001,Pressure Washer,Cleaning,add_to_cart,,0,2024-03-06,
12091,U1165,1920,Smart Thermostat,Climate,wishlist,5.0,0,2023-04-20,
12092,U0733,543,Grill Microwave,Kitchen,purchase,2.6,1,2023-02-25,
12093,U1101,4260,Ceiling Fan,Climate,view,,0,2024-09-09,23.0
12094,U1871,2060,Alarm Clock,Decor,wishlist,4.0,0,2024-05-19,
12095,U1451,3685,Air Purifier,Climate,view,,0,2024-09-14,14.0
12096,U1732,3582,Wall Clock,Decor,view,,0,2024-12-07,0.0
12097,U1934,329,Can Opener,Kitchen,add_to_cart,,0,2023-02-13,
12098,U0978,1574,Elliptical Trainer,Fitness,view,,0,2024-05-07,79.0
12099,U1544,727,Grill Microwave,Kitchen,view,,0,2023-07-20,14.0
12100,U0067,4249,Water Filter,Bathroom,add_to_cart,,0,2023-11-01,
12101,U1502,1508,Pet Feeder,Pet,purchase,4.6,1,2024-02-04,
12102,U0499,964,Panini Press,Kitchen,add_to_cart,,0,2023-07-07,
12103,U1335,4310,Cold Press Juicer,Kitchen,purchase,4.7,1,2024-03-11,
12104,U0338,3455,Wall Clock,Decor,purchase,3.0,1,2024-05-16,
12105,U0622,2106,Electric Fireplace,Climate,view,,0,2024-01-12,25.0
12106,U0479,455,Home Automation Controller,Networking,view,,0,2024-08-01,36.0
12107,U1787,2664,Smart Bulb,Smart Home,view,,0,2023-09-01,1.0
12108,U1832,1540,Leaf Blower,Tools,add_to_cart,,0,2023-07-12,
12109,U0154,3609,Robot Vacuum,Cleaning,view,,0,2024-11-30,18.0
12110,U0804,227,RO Purifier,Bathroom,view,,0,2024-01-06,34.0
12111,U0530,4325,Drip Coffee Maker,Kitchen,purchase,4.7,1,2024-05-01,
12112,U1643,1333,Massager,Personal Care,view,,0,2024-10-10,241.0
12113,U1337,264,Smart Plug,Smart Home,view,,0,2023-01-17,38.0
12114,U1053,2188,Bathroom Exhaust Fan,Bathroom,add_to_cart,,0,2023-02-13,
12115,U1364,4451,Toaster Oven,Kitchen,add_to_cart,,0,2023-07-16,
12116,U1530,4232,Thermostat,Climate,view,,0,2024-04-26,88.0
12117,U0406,4429,Gaming Console,Entertainment,purchase,3.4,1,2024-06-09,
12118,U1272,1258,Electric Kettle,Kitchen,view,,0,2024-10-31,0.0
12119,U1366,642,Door Intercom,Security,view,,0,2023-10-12,177.0
12120,U0115,3239,Waffle Maker,Kitchen,purchase,5.0,1,2024-10-26,
12121,U1442,2427,Smart Refrigerator,Kitchen,purchase,5.0,1,2024-03-01,
12122,U0080,708,Smart Plug,Smart Home,purchase,5.0,1,2023-07-12,
12123,U1890,3525,Water Filter,Bathroom,view,,0,2023-04-07,53.0
12124,U0808,4590,Carpet Cleaner,Cleaning,wishlist,4.1,0,2024-05-18,
12125,U1360,3404,Foot Massager,Personal Care,view,,0,2024-02-27,290.0
12126,U1254,4745,Pet Feeder,Pet,add_to_cart,,0,2024-10-06,
12127,U0457,2464,Heater,Climate,view,,0,2023-03-20,45.0
12128,U0893,4804,Vacuum Sealer,Kitchen,add_to_cart,,0,2024-10-22,
12129,U0563,2541,Solar Panel Inverter,Power,view,,0,2024-06-09,243.0
12130,U1961,2034,Wall Clock,Decor,add_to_cart,,0,2024-02-11,
12131,U0318,2810,Alarm Clock,Decor,view,,0,2024-03-12,32.0
12132,U1784,4143,Terrarium Heater,Pet,wishlist,3.5,0,2024-08-20,
12133,U1062,1260,Smart Refrigerator,Kitchen,add_to_cart,,0,2023-07-11,
12134,U0582,2833,Slush Machine,Hobby,add_to_cart,,0,2024-10-10,
12135,U1803,4785,Hand Mixer,Kitchen,view,,0,2023-05-05,330.0
12136,U1755,4378,Television,Entertainment,view,,0,2023-10-12,103.0
12137,U1812,3968,Scanner,Tools,wishlist,4.4,0,2023-10-09,
12138,U0568,1586,Rice Cooker,Kitchen,view,,0,2024-02-22,353.0
12139,U1005,4654,Trash Compactor,Kitchen,view,,0,2023-12-10,302.0
12140,U1322,1948,Floor Polisher,Cleaning,purchase,4.2,1,2023-02-10,
12141,U0854,2316,Electric Blanket,Personal Care,add_to_cart,,0,2023-09-20,
12142,U0746,2501,Angle Grinder,Tools,view,,0,2024-06-23,103.0
12143,U0804,2496,Built In Microwave,Kitchen,purchase,2.4,1,2024-11-08,
12144,U1648,224,Towel Warmer,Bathroom,purchase,4.4,1,2024-03-06,
12145,U0268,4200,Window Cleaner Robot,Cleaning,add_to_cart,,0,2023-06-27,
12146,U0301,4355,WiFi Extender,Networking,view,,0,2023-07-07,11.0
12147,U0911,2807,Lawn Mower,Tools,wishlist,4.6,0,2023-06-30,
12148,U0958,3858,Handheld Vacuum,Cleaning,add_to_cart,,0,2023-03-27,
12149,U0760,2360,Set Top Box,Entertainment,view,,0,2024-02-19,454.0
12150,U1993,3623,Dehumidifier,Climate,view,,0,2024-05-28,42.0
12151,U0451,111,Hair Straightener,Personal Care,purchase,5.0,1,2024-06-12,
12152,U0003,1024,Electric Stove,Kitchen,add_to_cart,,0,2023-04-13,
12153,U0003,1159,Range Hood,Kitchen,view,,0,2023-01-16,66.0
12154,U1414,742,Water Dispenser,Kitchen,add_to_cart,,0,2023-02-21,
12155,U1365,2827,Handheld Vacuum,Cleaning,purchase,2.5,1,2024-12-13,
12156,U1627,686,Emergency Light,Security,wishlist,4.9,0,2024-06-04,
12157,U0694,2674,Smart Display,Entertainment,purchase,2.6,1,2023-09-23,
12158,U0792,1759,Smart Plug,Smart Home,add_to_cart,,0,2023-08-14,
12159,U1119,446,Clock,Decor,purchase,4.2,1,2023-01-20,
12160,U1100,2818,Iron,Laundry,add_to_cart,,0,2024-12-24,
12161,U1071,1287,Scanner,Tools,add_to_cart,,0,2023-01-03,
12162,U0361,546,Electric Mop,Cleaning,view,,0,2024-10-06,328.0
12163,U0546,2172,CCTV System,Security,view,,0,2023-11-26,96.0
12164,U0962,206,Handheld Vacuum,Cleaning,view,,0,2023-03-18,219.0
12165,U0439,3578,Water Flosser,Personal Care,wishlist,3.6,0,2024-10-04,
12166,U1345,2145,Mini Fridge,Kitchen,view,,0,2023-07-02,21.0
12167,U1614,4291,Built In Oven,Kitchen,view,,0,2023-02-28,149.0
12168,U0211,1091,Smart Bulb,Smart Home,add_to_cart,,0,2024-01-01,
12169,U0370,1867,Electric Toothbrush,Personal Care,view,,0,2023-12-17,117.0
12170,U1600,26,Smart Curtain Motor,Smart Home,add_to_cart,,0,2024-09-13,
12171,U0483,1812,Water Pump,Outdoor,purchase,5.0,1,2023-11-24,
12172,U1723,3260,Attic Fan,Climate,view,,0,2023-12-02,41.0
12173,U1862,318,Smart Lock,Security,view,,0,2024-04-20,24.0
12174,U1154,4164,Chainsaw,Tools,wishlist,3.9,0,2024-11-26,
12175,U1449,2887,Boot Warmer,Laundry,view,,0,2024-01-10,112.0
12176,U0541,4249,Water Filter,Bathroom,wishlist,2.3,0,2024-06-08,
12177,U1164,99,Built In Refrigerator,Kitchen,purchase,4.9,1,2024-02-04,
12178,U1801,4913,Treadmill,Fitness,wishlist,3.7,0,2024-12-03,
12179,U0936,2211,Trash Compactor,Kitchen,add_to_cart,,0,2024-02-27,
12180,U0128,3275,Carpet Cleaner,Cleaning,add_to_cart,,0,2023-04-28,
12181,U1948,3995,Sandwich Maker,Kitchen,purchase,4.8,1,2023-02-06,
12182,U1390,1504,Iron,Laundry,view,,0,2023-10-01,118.0
12183,U0144,191,Smart Washer,Laundry,view,,0,2024-02-13,359.0
12184,U0619,3267,Air Quality Monitor,Smart Home,view,,0,2023-04-15,22.0
12185,U1151,4038,Smart Lock,Security,view,,0,2023-09-25,40.0
12186,U0764,852,Electric Knife,Kitchen,add_to_cart,,0,2024-05-31,
12187,U1012,4542,Gas Stove,Kitchen,view,,0,2023-07-08,53.0
12188,U1363,1730,Smart Plug,Smart Home,purchase,4.9,1,2023-03-27,
12189,U1890,1418,Steam Cleaner,Cleaning,purchase,4.1,1,2024-07-04,
12190,U1020,789,Induction Oven,Kitchen,add_to_cart,,0,2023-09-13,
12191,U0940,4822,Automatic Pet Water Fountain,Pet,view,,0,2023-04-16,81.0
12192,U1814,2297,Trimmer,Personal Care,add_to_cart,,0,2024-11-07,
12193,U1284,4982,Can Opener,Kitchen,purchase,4.4,1,2024-06-17,
12194,U1905,2525,Electric Kettle,Kitchen,view,,0,2024-04-28,22.0
12195,U1753,1149,Landline Phone,Smart Home,add_to_cart,,0,2024-01-23,
12196,U0817,2363,Foot Massager,Personal Care,view,,0,2024-12-22,33.0
12197,U1165,2519,Portable Dishwasher,Cleaning,add_to_cart,,0,2023-04-19,
12198,U0531,3360,Bottle Sterilizer,Kitchen,view,,0,2023-11-28,15.0
12199,U0055,4602,Aquarium Heater,Pet,view,,0,2024-04-06,233.0
12200,U1447,1409,Carpet Cleaner,Cleaning,add_to_cart,,0,2023-11-24,
12201,U0972,3702,Gaming Console,Entertainment,view,,0,2023-11-06,29.0
12202,U1437,577,3D Printer,Hobby,add_to_cart,,0,2023-12-17,
12203,U1316,1594,Rowing Machine,Fitness,view,,0,2024-08-02,32.0
12204,U0816,842,Humidifier,Climate,add_to_cart,,0,2023-01-27,
12205,U1430,2139,Hair Curler,Personal Care,wishlist,2.9,0,2023-11-01,
12206,U1539,4405,Weather Station,Smart Home,view,,0,2024-05-03,91.0
12207,U1065,516,Water Softener,Bathroom,view,,0,2024-12-28,24.0
12208,U1045,4443,Hot Plate,Kitchen,view,,0,2024-02-29,11.0
12209,U1508,2552,Citrus Juicer,Kitchen,add_to_cart,,0,2023-11-16,
12210,U1169,1164,Iron,Laundry,wishlist,5.0,0,2023-10-27,
12211,U0514,4782,Window Air Conditioner,Climate,view,,0,2024-04-20,1.0
12212,U0766,2553,Pool Heater,Outdoor,view,,0,2023-11-19,39.0
12213,U1236,4483,Tankless Water Heater,Bathroom,add_to_cart,,0,2023-05-01,
12214,U0390,1348,Pet Feeder,Pet,wishlist,2.9,0,2024-03-14,
12215,U0157,3018,Blender,Kitchen,purchase,3.4,1,2023-04-28,
12216,U0687,2680,Electric Vehicle Charger,Power,purchase,4.6,1,2023-03-27,
12217,U0748,897,Freezer,Kitchen,purchase,5.0,1,2023-01-09,
12218,U1724,823,Blender,Kitchen,add_to_cart,,0,2023-01-30,
12219,U0360,923,Grill Microwave,Kitchen,purchase,4.2,1,2023-02-07,
12220,U1641,377,Air Quality Monitor,Smart Home,add_to_cart,,0,2023-05-02,
12221,U0311,3000,Waffle Maker,Kitchen,view,,0,2024-11-08,123.0
12222,U1481,2150,Terrarium Heater,Pet,view,,0,2023-12-02,19.0
12223,U1281,2907,Meat Grinder,Kitchen,wishlist,4.3,0,2024-12-11,
12224,U1747,210,Electric Skillet,Kitchen,purchase,2.5,1,2023-05-13,
12225,U0034,4908,Massage Chair,Personal Care,view,,0,2023-11-21,203.0
12226,U0237,727,Grill Microwave,Kitchen,view,,0,2023-01-17,2.0
12227,U1950,4699,Aquarium Filter,Pet,wishlist,4.0,0,2023-03-05,
12228,U0192,3349,Projector,Entertainment,view,,0,2023-09-18,54.0
12229,U1680,2504,Water Flosser,Personal Care,add_to_cart,,0,2023-01-14,
12230,U0926,4361,Landline Phone,Smart Home,view,,0,2024-09-20,123.0
12231,U0416,4155,Cotton Candy Machine,Hobby,add_to_cart,,0,2023-02-24,
12232,U1917,2700,Shoe Dryer,Laundry,view,,0,2024-01-06,201.0
12233,U1301,2009,Electric Scooter Charger,Power,add_to_cart,,0,2023-07-08,
12234,U0416,314,Pressure Washer,Cleaning,view,,0,2023-06-05,69.0
12235,U1873,1022,Smart Display,Entertainment,add_to_cart,,0,2023-03-27,
12236,U0254,569,Countertop Dishwasher,Cleaning,purchase,3.4,1,2023-04-25,
12237,U1081,3,Tea Maker,Kitchen,view,,0,2023-03-28,98.0
12238,U0210,2260,Modem,Networking,add_to_cart,,0,2023-07-30,
12239,U1706,2176,Smart Switch,Smart Home,purchase,4.1,1,2024-08-04,
12240,U1420,4364,Popcorn Maker,Kitchen,wishlist,3.6,0,2024-05-21,
12241,U0110,1627,Electric Vehicle Charger,Power,add_to_cart,,0,2024-03-15,
12242,U1622,1806,OTG Oven,Kitchen,add_to_cart,,0,2024-06-02,
12243,U0183,1359,Iron,Laundry,view,,0,2023-05-12,54.0
12244,U1863,615,Fermentation Crock,Hobby,purchase,5.0,1,2024-05-04,
12245,U0720,115,Hair Straightener,Personal Care,wishlist,5.0,0,2023-05-31,
12246,U1734,909,UPS,Power,purchase,4.2,1,2023-08-06,
12247,U0757,2615,Router,Networking,wishlist,4.8,0,2024-05-11,
12248,U1662,3809,Hair Dryer,Personal Care,add_to_cart,,0,2024-11-18,
12249,U0491,1560,Hair Curler,Personal Care,add_to_cart,,0,2023-12-22,
12250,U1906,4724,Aquarium Heater,Pet,view,,0,2024-11-13,140.0
12251,U0576,1091,Smart Bulb,Smart Home,view,,0,2023-06-11,343.0
12252,U1701,4544,Electric Vehicle Charger,Power,view,,0,2024-04-20,139.0
12253,U1000,2416,Massage Chair,Personal Care,view,,0,2023-06-16,233.0
12254,U1630,2035,Bottle Sterilizer,Kitchen,view,,0,2024-04-30,383.0
12255,U0583,235,Booster Pump,Outdoor,view,,0,2023-11-21,44.0
12256,U1609,4908,Massage Chair,Personal Care,view,,0,2023-12-25,14.0
12257,U0113,2643,Electric Mop,Cleaning,purchase,5.0,1,2024-10-21,
12258,U0786,1969,Sewing Machine,Hobby,purchase,3.3,1,2024-03-21,
12259,U1421,4791,Alarm Clock,Decor,add_to_cart,,0,2023-02-13,
12260,U1717,2782,Juicer,Kitchen,add_to_cart,,0,2024-02-03,
12261,U0810,386,Trimmer,Personal Care,view,,0,2023-07-13,87.0
12262,U0336,2035,Bottle Sterilizer,Kitchen,view,,0,2024-08-14,43.0
12263,U1764,1064,Deep Fryer,Kitchen,add_to_cart,,0,2024-12-01,
12264,U1092,317,Vacuum Sealer,Kitchen,purchase,4.7,1,2023-08-12,
12265,U0345,482,Home Automation Controller,Networking,add_to_cart,,0,2024-02-11,
12266,U1197,4459,Electric Mop,Cleaning,purchase,4.7,1,2024-06-25,
12267,U0766,3029,Gas Stove,Kitchen,purchase,4.8,1,2024-03-21,
12268,U1711,4530,Ice Maker,Kitchen,wishlist,2.8,0,2023-10-07,
12269,U0101,2770,Roti Maker,Kitchen,wishlist,4.1,0,2023-08-10,
12270,U1030,731,Smart Oven,Kitchen,add_to_cart,,0,2023-10-25,
12271,U1565,2939,Coffee Grinder,Kitchen,purchase,3.9,1,2024-03-27,
12272,U0203,1906,Coffee Grinder,Kitchen,view,,0,2024-07-27,79.0
12273,U0576,1941,Home Automation Controller,Networking,purchase,4.9,1,2023-04-29,
12274,U0346,3578,Water Flosser,Personal Care,view,,0,2024-08-10,112.0
12275,U0812,203,Electric Oven,Kitchen,view,,0,2024-11-19,156.0
12276,U1818,1336,Portable Dishwasher,Cleaning,view,,0,2024-01-13,211.0
12277,U0762,2316,Electric Blanket,Personal Care,purchase,3.7,1,2024-11-24,
12278,U1061,1211,Electric Stove,Kitchen,view,,0,2024-10-24,288.0
12279,U0145,286,Epilator,Personal Care,add_to_cart,,0,2023-11-02,
12280,U0662,3613,Electric Mop,Cleaning,add_to_cart,,0,2023-05-16,
12281,U0003,3016,Video Doorbell,Security,view,,0,2023-04-08,138.0
12282,U0574,2262,Air Quality Monitor,Smart Home,purchase,4.0,1,2024-03-05,
12283,U0259,3480,Slush Machine,Hobby,add_to_cart,,0,2023-10-09,
12284,U1052,3836,Floor Polisher,Cleaning,purchase,2.5,1,2024-01-23,
12285,U1695,708,Smart Plug,Smart Home,add_to_cart,,0,2024-05-11,
12286,U1835,2455,Electric Lunch Box,Kitchen,wishlist,3.3,0,2024-05-21,
12287,U1122,623,Bathroom Exhaust Fan,Bathroom,wishlist,3.2,0,2023-04-04,
12288,U0043,4933,Pressure Cooker,Kitchen,view,,0,2023-11-18,222.0
12289,U0320,2909,Subwoofer,Entertainment,add_to_cart,,0,2023-07-07,
12290,U1896,1377,Door Intercom,Security,view,,0,2023-07-21,141.0
12291,U0871,617,Printer,Tools,view,,0,2023-05-26,24.0
12292,U0503,2603,Mini Fridge,Kitchen,view,,0,2024-05-14,26.0
12293,U0123,2117,Tower Fan,Climate,purchase,3.8,1,2024-10-04,
12294,U0915,3052,Juicer,Kitchen,wishlist,2.2,0,2024-04-09,
12295,U0936,2296,Deep Fryer,Kitchen,add_to_cart,,0,2023-05-01,
12296,U1866,347,Built In Dishwasher,Kitchen,view,,0,2024-03-20,39.0
12297,U1400,3476,Smart Refrigerator,Kitchen,add_to_cart,,0,2024-08-04,
12298,U1490,497,Smart Bulb,Smart Home,view,,0,2024-04-08,39.0
12299,U0111,4784,Smart Display,Entertainment,purchase,4.0,1,2024-08-13,
12300,U0226,3194,Label Maker,Tools,view,,0,2024-03-02,0.0
12301,U1834,3405,Smart Plug,Smart Home,view,,0,2024-05-14,32.0
12302,U0320,153,CCTV System,Security,view,,0,2024-07-07,193.0
12303,U0965,209,Electric Mop,Cleaning,purchase,4.1,1,2023-07-27,
12304,U0558,2081,Smart Washer,Laundry,wishlist,3.8,0,2023-03-12,
12305,U0995,92,Handheld Vacuum,Cleaning,add_to_cart,,0,2024-10-22,
12306,U0139,2067,Built In Refrigerator,Kitchen,add_to_cart,,0,2023-08-17,
12307,U0182,1066,Foot Massager,Personal Care,purchase,3.0,1,2024-12-04,
12308,U0190,1327,Smart Garage Door Opener,Security,add_to_cart,,0,2023-12-28,
12309,U0047,853,Aquarium Heater,Pet,purchase,3.9,1,2024-07-29,
12310,U0556,4308,Heating Pad,Personal Care,purchase,3.3,1,2024-04-18,
12311,U0976,851,Sewing Machine,Hobby,wishlist,3.5,0,2024-03-24,
12312,U1284,1346,Sprinkler System,Tools,view,,0,2024-04-25,69.0
12313,U0608,3498,Laminator,Tools,purchase,4.3,1,2024-08-10,
12314,U1636,3285,Toaster Oven,Kitchen,purchase,4.6,1,2023-09-07,
12315,U0249,3114,Automatic Pet Water Fountain,Pet,view,,0,2024-07-01,422.0
12316,U1980,4784,Smart Display,Entertainment,view,,0,2023-07-20,5.0
12317,U1503,1269,Pet Feeder,Pet,view,,0,2023-11-14,358.0
12318,U0679,2042,Kegerator,Hobby,purchase,2.8,1,2023-11-17,
12319,U0729,3673,Digital Safe,Security,view,,0,2024-09-02,6.0
12320,U0309,954,Elliptical Trainer,Fitness,view,,0,2023-11-08,47.0
12321,U1401,1871,Heating Pad,Personal Care,purchase,4.3,1,2024-05-15,
12322,U1214,4498,Landline Phone,Smart Home,purchase,4.6,1,2024-09-02,
12323,U1235,3301,Hot Dog Maker,Kitchen,purchase,4.9,1,2024-09-06,
12324,U1623,2615,Router,Networking,purchase,4.6,1,2023-04-28,
12325,U0348,2684,Laminator,Tools,purchase,4.8,1,2023-05-01,
12326,U1235,643,Food Dehydrator,Kitchen,view,,0,2023-05-29,75.0
12327,U1273,2206,Misting Fan,Climate,add_to_cart,,0,2023-08-12,
12328,U0869,3688,Electric Lunch Box,Kitchen,view,,0,2024-09-29,34.0
12329,U1654,3622,Robot Vacuum,Cleaning,add_to_cart,,0,2024-03-04,
12330,U1437,1794,Electric Drill,Tools,view,,0,2023-09-03,62.0
12331,U1232,1170,Smart Door Lock,Security,add_to_cart,,0,2024-09-12,
12332,U0592,4194,Crepe Maker,Kitchen,view,,0,2023-10-20,85.0
12333,U1550,474,Soundbar,Entertainment,view,,0,2023-02-23,52.0
12334,U0458,2548,Air Quality Monitor,Smart Home,add_to_cart,,0,2023-03-07,
12335,U1687,3772,Modem,Networking,view,,0,2024-11-04,28.0
12336,U1456,3333,Handheld Vacuum,Cleaning,purchase,4.0,1,2023-10-27,
12337,U0065,2386,Aquarium Heater,Pet,add_to_cart,,0,2024-06-05,
12338,U0155,616,Sandwich Maker,Kitchen,purchase,4.3,1,2024-11-27,
12339,U0752,3083,Electric Lunch Box,Kitchen,view,,0,2023-10-24,142.0
12340,U0050,2090,Ice Cream Maker,Kitchen,view,,0,2024-07-19,246.0
12341,U1870,3723,Window Cleaner Robot,Cleaning,purchase,3.1,1,2023-04-23,
12342,U1616,1444,RO Purifier,Bathroom,wishlist,4.4,0,2024-07-25,
12343,U1410,3520,Smart Garage Door Opener,Security,purchase,5.0,1,2024-03-07,
12344,U0855,3495,Can Opener,Kitchen,view,,0,2024-06-16,60.0
12345,U0408,2638,Tankless Water Heater,Bathroom,view,,0,2024-09-11,80.0
12346,U0509,1579,Battery Charger,Power,purchase,3.3,1,2024-03-20,
12347,U1149,3460,Electric Fireplace,Climate,purchase,4.0,1,2023-06-10,
12348,U1588,4437,Garbage Disposal,Kitchen,view,,0,2023-07-25,13.0
12349,U0238,2676,WiFi Extender,Networking,wishlist,4.9,0,2023-07-23,
12350,U0782,135,Smart Lock,Security,view,,0,2023-06-11,58.0
12351,U1224,4713,Knitting Machine,Hobby,add_to_cart,,0,2023-08-14,
12352,U0041,4672,Massager,Personal Care,purchase,4.1,1,2024-09-17,
12353,U0988,1066,Foot Massager,Personal Care,view,,0,2023-06-12,384.0
12354,U1441,775,Central Vacuum System,Cleaning,add_to_cart,,0,2023-07-08,
12355,U1940,61,Electric Stove,Kitchen,add_to_cart,,0,2023-02-11,
12356,U0983,4542,Gas Stove,Kitchen,purchase,4.5,1,2024-09-21,
12357,U0196,4685,Jacuzzi Pump,Bathroom,wishlist,3.8,0,2024-08-08,
12358,U1567,486,Vacuum Sealer,Kitchen,add_to_cart,,0,2024-03-25,
12359,U1389,2404,WiFi Extender,Networking,add_to_cart,,0,2023-03-19,
12360,U0176,2963,Home Server,Networking,add_to_cart,,0,2023-08-23,
12361,U1000,3498,Laminator,Tools,purchase,4.6,1,2024-06-20,
12362,U1705,1887,Digital Photo Frame,Entertainment,view,,0,2024-06-29,66.0
12363,U0089,4050,Home Automation Controller,Networking,view,,0,2024-09-18,30.0
12364,U0924,4716,Emergency Light,Security,purchase,4.3,1,2023-09-05,
12365,U0462,1648,Kegerator,Hobby,wishlist,2.9,0,2024-06-14,
12366,U1129,4308,Heating Pad,Personal Care,purchase,2.9,1,2023-01-19,
12367,U1805,2679,Smart Refrigerator,Kitchen,purchase,5.0,1,2024-11-02,
12368,U0904,2308,Popcorn Maker,Kitchen,purchase,4.3,1,2024-08-23,
12369,U1118,4601,Gaming Console,Entertainment,add_to_cart,,0,2023-01-26,
12370,U1391,4600,Rowing Machine,Fitness,view,,0,2023-07-07,400.0
12371,U0913,3672,Vacuum Cleaner,Cleaning,add_to_cart,,0,2023-05-23,
12372,U1045,1834,Boot Warmer,Laundry,add_to_cart,,0,2023-08-21,
12373,U1050,127,Massager,Personal Care,add_to_cart,,0,2024-06-23,
12374,U0762,1332,Aquarium Heater,Pet,purchase,3.1,1,2024-01-03,
12375,U1241,856,Smart Refrigerator,Kitchen,view,,0,2024-06-16,77.0
12376,U1408,4924,Panini Press,Kitchen,purchase,3.6,1,2023-05-13,
12377,U0492,2391,Ice Crusher,Kitchen,add_to_cart,,0,2024-05-22,
12378,U1421,1838,Water Flosser,Personal Care,add_to_cart,,0,2024-04-18,
12379,U1116,69,Electric Scooter Charger,Power,purchase,4.9,1,2024-09-25,
12380,U1013,1701,Aquarium Filter,Pet,view,,0,2023-05-10,162.0
12381,U1816,4215,Electric Blanket,Personal Care,view,,0,2024-09-22,16.0
12382,U0486,140,Modem,Networking,purchase,4.9,1,2024-12-23,
12383,U0457,220,Water Pump,Outdoor,view,,0,2023-11-16,354.0
12384,U0361,2636,Smart Bulb,Smart Home,add_to_cart,,0,2023-11-23,
12385,U1698,4960,Aquarium Filter,Pet,view,,0,2024-05-01,238.0
12386,U0854,2441,UPS,Power,view,,0,2024-01-07,205.0
12387,U1447,2959,Drip Coffee Maker,Kitchen,add_to_cart,,0,2023-10-31,
12388,U0596,2682,Trimmer,Personal Care,wishlist,4.0,0,2023-02-15,
12389,U1784,150,Terrarium Heater,Pet,view,,0,2024-01-29,93.0
12390,U1915,527,Heating Pad,Personal Care,view,,0,2024-11-20,113.0
12391,U1417,4631,Soundbar,Entertainment,add_to_cart,,0,2024-04-04,
12392,U0361,1091,Smart Bulb,Smart Home,add_to_cart,,0,2023-08-23,
12393,U0184,1371,Hair Curler,Personal Care,view,,0,2023-07-11,55.0
12394,U1627,2010,Electric Knife,Kitchen,view,,0,2024-07-22,148.0
12395,U0833,526,Tankless Water Heater,Bathroom,purchase,5.0,1,2023-01-30,
12396,U0255,3586,Washer Dryer Combo,Laundry,purchase,4.2,1,2023-01-03,
12397,U0374,4248,Air Purifier,Climate,add_to_cart,,0,2023-07-13,
12398,U0097,4754,Juicer,Kitchen,purchase,3.5,1,2023-05-14,
12399,U0616,2158,Leaf Blower,Tools,purchase,4.2,1,2024-08-30,
12400,U0718,4325,Drip Coffee Maker,Kitchen,view,,0,2023-01-26,60.0
12401,U0171,4314,Smoke Detector,Security,view,,0,2023-07-05,30.0
12402,U0857,4658,Electric Drill,Tools,view,,0,2024-05-20,163.0
12403,U1298,463,Fermentation Crock,Hobby,view,,0,2023-05-24,46.0
12404,U0716,4451,Toaster Oven,Kitchen,wishlist,4.0,0,2024-08-07,
12405,U0616,4765,Geyser,Bathroom,view,,0,2023-08-02,20.0
12406,U1117,3815,Chainsaw,Tools,view,,0,2023-02-28,177.0
12407,U0160,4596,Floor Polisher,Cleaning,add_to_cart,,0,2024-12-25,
12408,U0599,4999,Deep Fryer,Kitchen,purchase,3.4,1,2023-04-24,
12409,U0469,4038,Smart Lock,Security,purchase,4.3,1,2023-04-29,
12410,U1881,3816,Smart Curtain Motor,Smart Home,purchase,3.3,1,2023-10-19,
12411,U0647,442,Steam Cleaner,Cleaning,add_to_cart,,0,2023-05-21,
12412,U1083,4650,Smoke Detector,Security,purchase,5.0,1,2023-02-06,
12413,U1072,3593,Paper Shredder,Tools,view,,0,2024-08-18,212.0
12414,U1626,1412,Bidet Seat,Bathroom,view,,0,2024-04-20,159.0
12415,U0813,2421,Water Heater,Bathroom,purchase,5.0,1,2024-12-26,
12416,U0052,4643,Induction Cooktop,Kitchen,add_to_cart,,0,2023-12-03,
12417,U0192,216,Electric Shaver,Personal Care,purchase,4.0,1,2024-08-08,
12418,U1318,488,Subwoofer,Entertainment,view,,0,2024-07-12,108.0
12419,U1625,2719,Vacuum Cleaner,Cleaning,view,,0,2023-08-01,6.0
12420,U1267,3714,Portable Dishwasher,Cleaning,wishlist,3.7,0,2023-07-07,
12421,U1566,1667,Heating Pad,Personal Care,purchase,5.0,1,2023-12-09,
12422,U0152,821,Label Maker,Tools,purchase,4.4,1,2024-09-05,
12423,U0024,4582,Exhaust Fan,Climate,add_to_cart,,0,2023-11-12,
12424,U0434,4682,Smart Washer,Laundry,add_to_cart,,0,2023-10-12,
12425,U0710,3005,Terrarium Heater,Pet,add_to_cart,,0,2023-04-23,
12426,U1224,127,Massager,Personal Care,view,,0,2023-08-17,23.0
12427,U0942,2077,Home Server,Networking,add_to_cart,,0,2024-10-11,
12428,U1624,193,Water Heater,Bathroom,add_to_cart,,0,2023-04-09,
12429,U0611,4561,Geyser,Bathroom,purchase,4.2,1,2023-01-05,
12430,U0678,623,Bathroom Exhaust Fan,Bathroom,add_to_cart,,0,2024-01-14,
12431,U1750,2933,Misting Fan,Climate,add_to_cart,,0,2024-04-06,
12432,U1004,4936,Freezer,Kitchen,purchase,4.5,1,2024-06-04,
12433,U0196,2312,Epilator,Personal Care,view,,0,2024-07-27,37.0
12434,U1170,3755,Printer,Tools,view,,0,2024-12-06,150.0
12435,U1587,1623,UV Water Purifier,Bathroom,view,,0,2023-11-04,503.0
12436,U0691,2287,Freezer,Kitchen,wishlist,4.8,0,2023-07-06,
12437,U1847,2995,Sprinkler System,Tools,view,,0,2024-01-15,129.0
12438,U1605,1741,Fan,Climate,view,,0,2024-05-30,204.0
12439,U1372,1926,Video Doorbell,Security,purchase,5.0,1,2024-01-16,
12440,U0537,1913,Induction Cooktop,Kitchen,add_to_cart,,0,2023-05-28,
12441,U0494,3089,Built In Microwave,Kitchen,view,,0,2024-03-25,239.0
12442,U0887,3805,Air Quality Monitor,Smart Home,view,,0,2023-05-24,52.0
12443,U1379,1577,Hair Straightener,Personal Care,view,,0,2023-11-26,64.0
12444,U1110,4642,Smart Oven,Kitchen,view,,0,2024-04-11,98.0
12445,U1655,2272,Range Hood,Kitchen,purchase,4.5,1,2024-03-09,
12446,U0148,4352,Blu Ray Player,Entertainment,view,,0,2023-08-10,68.0
12447,U0983,860,Air Cooler,Climate,purchase,1.7,1,2023-04-09,
12448,U1252,2207,Clock,Decor,purchase,5.0,1,2024-06-02,
12449,U0780,1151,Mini Washing Machine,Laundry,add_to_cart,,0,2024-09-22,
12450,U0764,1987,Digital Safe,Security,wishlist,3.0,0,2023-06-29,
12451,U0701,4802,Robot Vacuum,Cleaning,view,,0,2023-04-14,44.0
12452,U1870,1039,Sump Pump,Outdoor,wishlist,5.0,0,2024-05-13,
12453,U1765,1413,Window Cleaner Robot,Cleaning,add_to_cart,,0,2023-08-19,
12454,U0152,3651,Network Attached Storage,Networking,view,,0,2023-09-27,7.0
12455,U1269,423,Pet Feeder,Pet,purchase,4.5,1,2023-05-24,
12456,U0186,1182,Cooktop,Kitchen,purchase,2.5,1,2023-01-01,
12457,U0341,4396,Space Heater,Climate,view,,0,2024-07-06,7.0
12458,U1381,955,Aquarium Heater,Pet,view,,0,2023-05-31,141.0
12459,U0575,1065,Hot Plate,Kitchen,add_to_cart,,0,2023-07-03,
12460,U1403,2709,Table Fan,Climate,purchase,3.9,1,2023-02-07,
12461,U0959,4106,Door Intercom,Security,view,,0,2023-05-11,5.0
12462,U0771,4576,Router,Networking,wishlist,5.0,0,2023-04-23,
12463,U0490,3872,Steam Iron,Laundry,view,,0,2024-12-23,64.0
12464,U1262,1202,Waffle Maker,Kitchen,add_to_cart,,0,2024-10-02,
12465,U1577,551,Router,Networking,view,,0,2023-10-18,211.0
12466,U0067,4131,Baby Food Maker,Kitchen,purchase,3.9,1,2023-12-16,
12467,U0170,788,Carpet Cleaner,Cleaning,view,,0,2023-02-09,318.0
12468,U1375,3360,Bottle Sterilizer,Kitchen,purchase,4.6,1,2024-12-12,
12469,U1549,3639,Kitchen Chimney,Kitchen,add_to_cart,,0,2023-12-24,
12470,U0286,417,Water Pump,Outdoor,purchase,3.5,1,2023-06-06,
12471,U1242,2887,Boot Warmer,Laundry,add_to_cart,,0,2024-04-08,
12472,U1665,641,Massage Chair,Personal Care,wishlist,4.7,0,2023-02-06,
12473,U1842,3946,Foot Massager,Personal Care,view,,0,2023-08-20,17.0
12474,U0850,1010,Hot Dog Maker,Kitchen,add_to_cart,,0,2023-06-13,
12475,U1230,2190,Security Camera,Security,purchase,3.5,1,2023-04-05,
12476,U1068,2868,Home Automation Controller,Networking,view,,0,2024-07-31,57.0
12477,U1271,3059,Landline Phone,Smart Home,add_to_cart,,0,2024-03-10,
12478,U1998,984,Citrus Juicer,Kitchen,wishlist,4.0,0,2024-01-05,
12479,U0971,611,Air Fryer,Kitchen,view,,0,2023-04-09,82.0
12480,U1281,3168,Milk Frother,Kitchen,view,,0,2023-06-11,203.0
12481,U1816,4600,Rowing Machine,Fitness,add_to_cart,,0,2024-05-30,
12482,U1870,952,Clock,Decor,view,,0,2024-02-20,109.0
12483,U1655,1483,Window Cleaner Robot,Cleaning,add_to_cart,,0,2023-03-15,
12484,U1209,4652,Home Theater System,Entertainment,add_to_cart,,0,2024-02-01,
12485,U1022,1562,Countertop Dishwasher,Cleaning,add_to_cart,,0,2023-01-04,
12486,U1321,579,Hot Plate,Kitchen,view,,0,2023-03-11,98.0
12487,U1561,4622,Home Automation Controller,Networking,view,,0,2023-02-27,92.0
12488,U0311,3674,Tankless Water Heater,Bathroom,add_to_cart,,0,2023-09-04,
12489,U1954,2250,Robot Vacuum,Cleaning,wishlist,3.0,0,2023-07-15,
12490,U0794,755,Smart Lock,Security,wishlist,3.7,0,2024-10-27,
12491,U1570,4445,Roti Maker,Kitchen,wishlist,4.5,0,2024-12-07,
12492,U0692,4880,Electric Oven,Kitchen,purchase,5.0,1,2024-09-14,
12493,U1738,3355,Voltage Stabilizer,Power,add_to_cart,,0,2024-07-11,
12494,U1346,1855,Electric Grill,Kitchen,purchase,3.9,1,2024-01-23,
12495,U1130,3445,Electric Fireplace,Climate,add_to_cart,,0,2024-03-25,
12496,U1306,51,Carpet Cleaner,Cleaning,wishlist,3.7,0,2024-11-26,
12497,U0654,264,Smart Plug,Smart Home,view,,0,2024-08-08,62.0
12498,U0502,3099,Range Hood,Kitchen,purchase,4.3,1,2024-03-26,
12499,U1992,1685,Aquarium Filter,Pet,wishlist,3.4,0,2024-02-11,
12500,U1535,930,Geyser,Bathroom,view,,0,2023-07-19,304.0
12501,U0418,2841,Bread Maker,Kitchen,add_to_cart,,0,2024-11-19,
12502,U0829,1484,Air Purifier,Climate,wishlist,4.7,0,2023-11-15,
12503,U1769,4766,Towel Warmer,Bathroom,view,,0,2023-03-01,5.0
12504,U1080,2113,Leaf Blower,Tools,add_to_cart,,0,2023-04-29,
12505,U0911,3570,Electric Oven,Kitchen,wishlist,3.5,0,2023-04-24,
12506,U0535,1503,Can Opener,Kitchen,wishlist,3.9,0,2024-10-22,
12507,U0920,97,Freezer,Kitchen,purchase,3.1,1,2023-03-06,
12508,U1134,2976,Stand Mixer,Kitchen,view,,0,2024-11-08,91.0
12509,U0703,623,Bathroom Exhaust Fan,Bathroom,view,,0,2023-06-09,171.0
12510,U1284,1508,Pet Feeder,Pet,add_to_cart,,0,2024-01-11,
12511,U1502,697,Smart Plug,Smart Home,view,,0,2023-07-07,47.0
12512,U0058,2627,Washing Machine,Laundry,add_to_cart,,0,2024-09-19,
12513,U0426,3087,Electric Fireplace,Climate,view,,0,2024-10-24,54.0
12514,U1830,4589,Blu Ray Player,Entertainment,view,,0,2024-03-20,2.0
12515,U1900,1685,Aquarium Filter,Pet,view,,0,2023-06-13,47.0
12516,U1131,1871,Heating Pad,Personal Care,view,,0,2024-08-10,36.0
12517,U0493,842,Humidifier,Climate,purchase,5.0,1,2024-04-06,
12518,U0015,2860,Smart Plug,Smart Home,view,,0,2023-04-22,64.0
12519,U0755,4138,Induction Oven,Kitchen,view,,0,2023-11-25,109.0
12520,U1213,3753,Built In Dishwasher,Kitchen,view,,0,2024-04-12,1.0
12521,U1664,786,Hair Dryer,Personal Care,view,,0,2024-12-11,505.0
12522,U1187,2316,Electric Blanket,Personal Care,view,,0,2023-09-29,40.0
12523,U1895,3594,Smart Curtain Motor,Smart Home,view,,0,2024-05-15,91.0
12524,U1586,901,Electric Mop,Cleaning,purchase,3.8,1,2023-01-22,
12525,U1637,3327,Modem,Networking,view,,0,2023-11-13,52.0
12526,U1646,1989,Tankless Water Heater,Bathroom,add_to_cart,,0,2023-11-19,
12527,U0161,177,Smart Plug,Smart Home,purchase,4.0,1,2023-06-10,
12528,U0219,3192,Panini Press,Kitchen,purchase,4.4,1,2024-02-18,
12529,U0875,3353,Bread Maker,Kitchen,purchase,4.7,1,2024-12-08,
12530,U1754,2492,Chapati Maker,Kitchen,add_to_cart,,0,2024-10-09,
12531,U1861,1809,Pet Feeder,Pet,wishlist,4.7,0,2024-04-11,
12532,U0306,2797,Smart Bulb,Smart Home,view,,0,2023-01-30,6.0
12533,U0086,1610,Air Quality Monitor,Smart Home,wishlist,2.8,0,2023-06-07,
12534,U0488,2313,CCTV System,Security,purchase,3.8,1,2024-01-21,
12535,U1622,984,Citrus Juicer,Kitchen,view,,0,2024-10-23,67.0
12536,U0691,715,Vacuum Cleaner,Cleaning,add_to_cart,,0,2023-04-16,
12537,U1261,974,Booster Pump,Outdoor,purchase,4.8,1,2023-09-10,
12538,U1167,2241,Wall Clock,Decor,purchase,4.3,1,2023-07-16,
12539,U1512,626,Tower Fan,Climate,view,,0,2023-02-16,94.0
12540,U1321,4649,Bathroom Exhaust Fan,Bathroom,view,,0,2023-05-24,15.0
12541,U0152,1300,Hot Plate,Kitchen,purchase,3.0,1,2023-03-17,
12542,U1134,1102,Steam Iron,Laundry,view,,0,2024-12-21,67.0
12543,U0599,43,Waffle Maker,Kitchen,purchase,3.3,1,2024-10-09,
12544,U0045,1836,Smart Thermostat,Climate,view,,0,2023-11-12,50.0
12545,U0774,2840,UV Water Purifier,Bathroom,purchase,3.0,1,2023-02-08,
12546,U1330,2997,Jacuzzi Pump,Bathroom,purchase,3.7,1,2024-03-18,
12547,U0416,2597,Smart Bulb,Smart Home,view,,0,2024-06-09,15.0
12548,U0179,923,Grill Microwave,Kitchen,view,,0,2023-08-28,89.0
12549,U1149,546,Electric Mop,Cleaning,view,,0,2024-02-06,278.0
12550,U1246,4729,Printer,Tools,add_to_cart,,0,2023-11-09,
12551,U1299,4533,Air Conditioner,Climate,purchase,4.0,1,2024-12-02,
12552,U1688,4308,Heating Pad,Personal Care,add_to_cart,,0,2024-05-31,
12553,U1644,3264,Waffle Maker,Kitchen,wishlist,3.6,0,2023-02-16,
12554,U0876,425,Garbage Disposal,Kitchen,view,,0,2024-04-16,318.0
12555,U1305,1731,Kegerator,Hobby,wishlist,3.1,0,2024-02-11,
12556,U1675,3973,Electric Fireplace,Climate,purchase,4.6,1,2024-05-11,
12557,U0209,1105,Smart Curtain Motor,Smart Home,view,,0,2024-06-14,56.0
12558,U1252,4856,WiFi Extender,Networking,view,,0,2023-07-24,188.0
12559,U1711,301,Window Cleaner Robot,Cleaning,add_to_cart,,0,2024-03-09,
12560,U1753,3582,Wall Clock,Decor,view,,0,2024-11-07,123.0
12561,U0562,1518,Printer,Tools,view,,0,2023-04-15,55.0
12562,U0943,832,Washing Machine,Laundry,wishlist,4.3,0,2024-01-30,
12563,U0857,1743,Automatic Pet Water Fountain,Pet,purchase,3.7,1,2024-06-24,
12564,U0688,592,Foot Massager,Personal Care,purchase,3.6,1,2023-01-21,
12565,U1035,1348,Pet Feeder,Pet,purchase,4.0,1,2023-12-24,
12566,U0843,2389,Emergency Light,Security,view,,0,2024-09-24,271.0
12567,U0821,2062,Pressure Washer,Cleaning,wishlist,3.6,0,2023-02-18,
12568,U0682,2676,WiFi Extender,Networking,purchase,4.8,1,2023-05-27,
12569,U0360,261,Clock,Decor,view,,0,2024-01-22,44.0
12570,U1009,105,Home Server,Networking,view,,0,2023-06-29,56.0
12571,U1992,1173,Central Vacuum System,Cleaning,purchase,4.2,1,2024-08-25,
12572,U1912,158,OTG Oven,Kitchen,purchase,3.6,1,2023-01-28,
12573,U0688,2887,Boot Warmer,Laundry,view,,0,2023-06-23,774.0
12574,U1691,3739,Built In Oven,Kitchen,add_to_cart,,0,2024-03-04,
12575,U0320,988,Sous Vide Cooker,Kitchen,purchase,5.0,1,2023-11-19,
12576,U1628,2106,Electric Fireplace,Climate,add_to_cart,,0,2024-07-26,
12577,U1546,206,Handheld Vacuum,Cleaning,view,,0,2023-02-25,0.0
12578,U1577,1348,Pet Feeder,Pet,view,,0,2024-01-20,26.0
12579,U1661,3182,Induction Cooktop,Kitchen,wishlist,4.6,0,2024-02-04,
12580,U1207,4143,Terrarium Heater,Pet,view,,0,2023-04-05,67.0
12581,U1850,1560,Hair Curler,Personal Care,view,,0,2023-06-26,71.0
12582,U0471,885,Electric Pressure Cooker,Kitchen,view,,0,2024-02-06,168.0
12583,U1953,4623,Pet Feeder,Pet,add_to_cart,,0,2023-10-20,
12584,U1906,3131,Electric Vehicle Charger,Power,add_to_cart,,0,2024-08-12,
12585,U1736,2906,Convection Microwave,Kitchen,purchase,5.0,1,2024-03-15,
12586,U0967,2257,Electric Mop,Cleaning,view,,0,2024-05-14,68.0
12587,U0640,145,Chainsaw,Tools,add_to_cart,,0,2024-08-01,
12588,U0216,1253,Smart Refrigerator,Kitchen,add_to_cart,,0,2024-03-22,
12589,U1830,617,Printer,Tools,wishlist,4.0,0,2023-07-06,
12590,U1924,1342,Dishwasher,Cleaning,wishlist,3.4,0,2024-10-03,
12591,U0988,2322,Slush Machine,Hobby,purchase,2.2,1,2024-01-21,
12592,U1683,2744,Automatic Pet Water Fountain,Pet,view,,0,2024-03-07,3.0
12593,U1518,2733,Carpet Cleaner,Cleaning,add_to_cart,,0,2023-04-04,
12594,U0560,1475,Sprinkler System,Tools,purchase,4.7,1,2023-12-24,
12595,U1762,3876,Electric Tandoor,Kitchen,wishlist,3.5,0,2024-10-05,
12596,U0027,4809,RO Purifier,Bathroom,add_to_cart,,0,2023-10-27,
12597,U1440,110,Electric Kettle,Kitchen,purchase,3.4,1,2024-01-13,
12598,U0549,4712,Carpet Cleaner,Cleaning,view,,0,2023-06-10,21.0
12599,U1441,1978,Hair Dryer,Personal Care,view,,0,2024-04-13,120.0
12600,U1841,32,Hand Mixer,Kitchen,purchase,5.0,1,2023-10-21,
12601,U0349,617,Printer,Tools,purchase,4.5,1,2024-02-23,
12602,U1276,4442,Gaming Console,Entertainment,view,,0,2023-04-01,361.0
12603,U0072,3994,Knitting Machine,Hobby,view,,0,2024-01-10,50.0
12604,U0957,1505,Can Opener,Kitchen,add_to_cart,,0,2024-07-18,
12605,U1881,4498,Landline Phone,Smart Home,view,,0,2024-06-26,77.0
12606,U0813,2645,Wall Clock,Decor,wishlist,4.3,0,2023-01-01,
12607,U1298,1278,Electric Mop,Cleaning,add_to_cart,,0,2024-12-24,
12608,U1722,563,Panini Press,Kitchen,view,,0,2024-04-24,45.0
12609,U1876,3749,Hair Curler,Personal Care,add_to_cart,,0,2024-02-16,
12610,U1563,1948,Floor Polisher,Cleaning,view,,0,2023-06-22,97.0
12611,U0849,1937,Chainsaw,Tools,purchase,4.1,1,2023-01-08,
12612,U1312,4699,Aquarium Filter,Pet,view,,0,2023-06-09,19.0
12613,U1231,4412,Landline Phone,Smart Home,add_to_cart,,0,2023-12-18,
12614,U0952,2772,Juicer,Kitchen,purchase,4.3,1,2023-03-01,
12615,U1405,4757,Smart TV,Entertainment,view,,0,2023-03-28,141.0
12616,U1423,511,Weather Station,Smart Home,view,,0,2023-07-25,33.0
12617,U1089,3149,Toaster,Kitchen,view,,0,2024-11-07,325.0
12618,U1426,1889,Smart Switch,Smart Home,purchase,4.9,1,2023-01-11,
12619,U1362,1085,Bottle Sterilizer,Kitchen,view,,0,2024-01-11,140.0
12620,U1150,2322,Slush Machine,Hobby,view,,0,2024-01-20,53.0
12621,U1703,3831,Dehumidifier,Climate,purchase,3.9,1,2023-06-03,
12622,U1941,236,Printer,Tools,view,,0,2024-06-25,4.0
12623,U0185,607,Deep Fryer,Kitchen,view,,0,2024-11-17,464.0
12624,U1145,1603,Electric Toothbrush,Personal Care,add_to_cart,,0,2024-02-12,
12625,U1691,657,Clock,Decor,add_to_cart,,0,2023-10-03,
12626,U1637,1456,Window Cleaner Robot,Cleaning,purchase,3.8,1,2023-11-03,
12627,U0980,4413,Foot Massager,Personal Care,add_to_cart,,0,2024-08-02,
12628,U0091,3525,Water Filter,Bathroom,add_to_cart,,0,2024-12-06,
12629,U0644,3975,Handheld Vacuum,Cleaning,add_to_cart,,0,2024-07-08,
12630,U0524,2035,Bottle Sterilizer,Kitchen,add_to_cart,,0,2023-08-29,
12631,U0762,2458,Robot Vacuum,Cleaning,add_to_cart,,0,2023-05-30,
12632,U1730,1254,Electric Tandoor,Kitchen,purchase,4.7,1,2023-02-01,
12633,U0304,2958,Vacuum Cleaner,Cleaning,purchase,3.0,1,2024-12-23,
12634,U0203,630,Food Dehydrator,Kitchen,purchase,3.9,1,2024-06-29,
12635,U0254,3880,RO Purifier,Bathroom,view,,0,2024-08-06,77.0
12636,U0789,2296,Deep Fryer,Kitchen,add_to_cart,,0,2023-03-10,
12637,U1883,1277,Electric Skillet,Kitchen,wishlist,4.3,0,2024-01-18,
12638,U1525,2729,Solar Water Heater,Power,purchase,4.3,1,2023-08-18,
12639,U0617,2371,Meat Grinder,Kitchen,add_to_cart,,0,2023-05-18,
12640,U0351,2858,Milk Frother,Kitchen,purchase,4.2,1,2024-01-13,
12641,U0800,1128,Sump Pump,Outdoor,view,,0,2023-11-18,16.0
12642,U0364,4503,Chapati Maker,Kitchen,wishlist,4.5,0,2023-05-16,
12643,U0112,2963,Home Server,Networking,view,,0,2024-08-23,170.0
12644,U1422,3200,Emergency Light,Security,add_to_cart,,0,2024-10-12,
12645,U0365,4468,Clothesline Dryer,Laundry,view,,0,2024-12-22,18.0
12646,U0042,1848,Solo Microwave,Kitchen,purchase,3.5,1,2023-10-08,
12647,U1545,993,Leaf Blower,Tools,view,,0,2023-07-13,13.0
12648,U1303,34,Hot Dog Maker,Kitchen,add_to_cart,,0,2024-08-14,
12649,U0234,1245,Misting Fan,Climate,purchase,3.1,1,2024-05-21,
12650,U0126,4321,Washer Dryer Combo,Laundry,wishlist,4.0,0,2023-06-08,
12651,U1297,3428,Modem,Networking,view,,0,2024-12-31,141.0
12652,U1573,2494,Attic Fan,Climate,wishlist,4.9,0,2023-09-06,
12653,U0567,911,Water Heater,Bathroom,view,,0,2024-08-20,70.0
12654,U0657,39,Label Maker,Tools,purchase,2.8,1,2023-08-21,
12655,U1331,2459,Kitchen Chimney,Kitchen,view,,0,2023-11-01,35.0
12656,U0473,3478,Basement Dehumidifier,Outdoor,view,,0,2024-02-11,35.0
12657,U0742,2158,Leaf Blower,Tools,purchase,4.6,1,2024-11-02,
12658,U1677,2064,Misting Fan,Climate,view,,0,2023-06-12,26.0
12659,U0490,364,RO Purifier,Bathroom,purchase,4.2,1,2023-04-04,
12660,U0232,2929,3D Printer,Hobby,purchase,4.5,1,2023-12-24,
12661,U1992,738,Electric Oven,Kitchen,add_to_cart,,0,2024-03-28,
12662,U0752,2608,Cold Press Juicer,Kitchen,add_to_cart,,0,2023-08-12,
12663,U1986,466,Weather Station,Smart Home,wishlist,4.6,0,2024-08-19,
12664,U1387,1344,Aquarium Heater,Pet,view,,0,2024-09-16,29.0
12665,U1630,4701,Electric Vehicle Charger,Power,view,,0,2024-09-16,90.0
12666,U1757,4372,UPS,Power,purchase,4.3,1,2023-05-26,
12667,U1394,3362,CCTV System,Security,view,,0,2023-08-14,41.0
12668,U0125,2339,WiFi Extender,Networking,purchase,3.2,1,2023-10-16,
12669,U0331,3891,Fan,Climate,view,,0,2023-02-20,215.0
12670,U0003,1309,RO Purifier,Bathroom,add_to_cart,,0,2024-03-08,
12671,U0365,220,Water Pump,Outdoor,add_to_cart,,0,2023-10-18,
12672,U1714,567,Lawn Mower,Tools,purchase,3.6,1,2024-04-19,
12673,U0396,2810,Alarm Clock,Decor,purchase,4.5,1,2023-11-13,
12674,U1703,4599,Can Opener,Kitchen,purchase,2.5,1,2024-01-18,
12675,U0568,4011,Microwave Oven,Kitchen,wishlist,5.0,0,2024-09-08,
12676,U1245,991,Sewing Machine,Hobby,view,,0,2024-03-09,4.0
12677,U0026,2290,Smart Lock,Security,view,,0,2024-01-19,41.0
12678,U1549,3263,Food Processor,Kitchen,view,,0,2023-09-24,76.0
12679,U1488,4830,Microwave Oven,Kitchen,purchase,3.8,1,2024-02-09,
12680,U1230,4349,Crepe Maker,Kitchen,purchase,3.9,1,2023-05-01,
12681,U0152,331,Solar Water Heater,Power,view,,0,2024-01-03,298.0
12682,U1786,4640,Water Softener,Bathroom,wishlist,5.0,0,2023-11-23,
12683,U1582,2103,Epilator,Personal Care,purchase,4.9,1,2023-05-08,
12684,U0003,4919,Towel Warmer,Bathroom,view,,0,2023-01-01,10.0
12685,U1701,3281,Solar Panel Inverter,Power,view,,0,2023-04-29,128.0
12686,U1852,2515,Bidet Seat,Bathroom,purchase,3.5,1,2023-01-24,
12687,U1043,837,Massage Chair,Personal Care,view,,0,2024-07-31,110.0
12688,U1307,1078,Electric Mop,Cleaning,add_to_cart,,0,2023-09-24,
12689,U0948,2595,Pool Pump,Outdoor,view,,0,2024-11-30,4.0
12690,U0036,1330,Massage Chair,Personal Care,view,,0,2023-03-01,223.0
12691,U0059,4889,Electric Blanket,Personal Care,view,,0,2024-08-08,51.0
12692,U0661,1455,Garbage Disposal,Kitchen,view,,0,2024-05-13,247.0
12693,U1393,3319,Wall Clock,Decor,purchase,4.5,1,2024-02-10,
12694,U0928,3205,UPS,Power,purchase,4.8,1,2024-07-22,
12695,U1287,4179,Smart Door Lock,Security,purchase,4.7,1,2023-05-12,
12696,U1307,2064,Misting Fan,Climate,view,,0,2023-09-28,22.0
12697,U0079,1649,Smart Switch,Smart Home,view,,0,2023-04-13,55.0
12698,U1161,1296,Hair Curler,Personal Care,purchase,4.6,1,2023-04-05,
12699,U0498,1302,Landline Phone,Smart Home,add_to_cart,,0,2024-01-15,
12700,U0996,4730,Crepe Maker,Kitchen,add_to_cart,,0,2024-12-06,
12701,U0340,2810,Alarm Clock,Decor,purchase,5.0,1,2024-06-08,
12702,U1567,4633,Tea Maker,Kitchen,view,,0,2024-08-17,19.0
12703,U0264,4591,Set Top Box,Entertainment,add_to_cart,,0,2023-08-26,
12704,U1130,3573,Deep Fryer,Kitchen,view,,0,2023-09-30,48.0
12705,U1151,3808,Treadmill,Fitness,purchase,2.1,1,2024-12-12,
12706,U1751,580,Voltage Stabilizer,Power,wishlist,4.6,0,2023-09-12,
12707,U0750,1117,Stand Mixer,Kitchen,add_to_cart,,0,2023-08-28,
12708,U0738,1173,Central Vacuum System,Cleaning,view,,0,2024-06-02,44.0
12709,U1256,4625,Smart Hub,Networking,purchase,3.6,1,2024-06-07,
12710,U0082,952,Clock,Decor,add_to_cart,,0,2024-10-15,
12711,U1684,760,Solo Microwave,Kitchen,view,,0,2024-02-29,2.0
12712,U1904,2290,Smart Lock,Security,view,,0,2023-09-06,127.0
12713,U0276,125,Kombucha Maker,Hobby,purchase,4.5,1,2023-05-05,
12714,U0531,1158,Smart Oven,Kitchen,add_to_cart,,0,2023-12-03,
12715,U0059,4278,Water Boiler,Kitchen,view,,0,2023-09-06,31.0
12716,U0377,1352,Label Maker,Tools,add_to_cart,,0,2024-07-28,
12717,U0069,1448,Sandwich Maker,Kitchen,view,,0,2024-11-15,405.0
12718,U0669,1733,Built In Oven,Kitchen,view,,0,2023-07-20,457.0
12719,U0764,1699,Range Hood,Kitchen,purchase,3.0,1,2023-06-21,
12720,U0428,3908,Heating Pad,Personal Care,view,,0,2023-06-24,160.0
12721,U0090,1107,Home Server,Networking,view,,0,2023-07-30,41.0
12722,U1507,3439,Electric Toothbrush,Personal Care,view,,0,2024-04-04,7.0
12723,U0818,3502,Digital Photo Frame,Entertainment,view,,0,2024-05-14,166.0
12724,U0284,4960,Aquarium Filter,Pet,wishlist,3.3,0,2023-03-05,
12725,U0543,2657,Alarm Clock,Decor,wishlist,3.7,0,2023-04-27,
12726,U0668,3359,Towel Warmer,Bathroom,view,,0,2023-07-15,2.0
12727,U1278,2831,Induction Cooktop,Kitchen,add_to_cart,,0,2024-04-14,
12728,U1616,1342,Dishwasher,Cleaning,view,,0,2023-08-28,134.0
12729,U1862,37,Modem,Networking,view,,0,2024-11-25,75.0
12730,U1736,1754,Toaster Oven,Kitchen,wishlist,5.0,0,2023-03-11,
12731,U1311,1562,Countertop Dishwasher,Cleaning,view,,0,2023-03-15,600.0
12732,U0912,4556,Water Pump,Outdoor,purchase,5.0,1,2023-07-03,
12733,U0419,378,Video Doorbell,Security,wishlist,3.2,0,2023-11-21,
12734,U1639,4649,Bathroom Exhaust Fan,Bathroom,purchase,5.0,1,2023-07-28,
12735,U0139,203,Electric Oven,Kitchen,add_to_cart,,0,2023-12-08,
12736,U0367,1105,Smart Curtain Motor,Smart Home,view,,0,2023-07-02,292.0
12737,U0796,3156,Bidet Seat,Bathroom,add_to_cart,,0,2024-10-11,
12738,U0251,1465,Handheld Vacuum,Cleaning,view,,0,2024-03-01,103.0
12739,U0398,485,Bathroom Exhaust Fan,Bathroom,view,,0,2024-04-14,102.0
12740,U1496,2053,Exercise Bike,Fitness,view,,0,2023-10-09,102.0
12741,U1812,3308,Digital Photo Frame,Entertainment,purchase,3.7,1,2023-07-23,
12742,U1841,2060,Alarm Clock,Decor,view,,0,2023-12-02,5.0
12743,U0970,1171,Speakers,Entertainment,view,,0,2024-05-12,57.0
12744,U1752,1189,Smart Bulb,Smart Home,purchase,4.5,1,2024-05-04,
12745,U1325,3301,Hot Dog Maker,Kitchen,purchase,4.0,1,2024-06-25,
12746,U1708,2491,Crepe Maker,Kitchen,add_to_cart,,0,2023-01-20,
12747,U0756,1283,Smart Oven,Kitchen,wishlist,5.0,0,2023-08-31,
12748,U0751,755,Smart Lock,Security,purchase,4.8,1,2024-01-22,
12749,U0151,3576,Massage Chair,Personal Care,view,,0,2023-08-02,155.0
12750,U1973,4790,Electric Fireplace,Climate,purchase,5.0,1,2024-02-19,
12751,U1537,1682,Clock,Decor,purchase,4.1,1,2024-05-14,
12752,U1686,2803,Router,Networking,view,,0,2024-03-11,111.0
12753,U0753,2543,Smart Bulb,Smart Home,wishlist,5.0,0,2023-02-17,
12754,U0636,2026,Slow Cooker,Kitchen,add_to_cart,,0,2023-07-11,
12755,U1973,3008,Electric Oven,Kitchen,purchase,4.1,1,2024-10-16,
12756,U0054,1570,Tankless Water Heater,Bathroom,add_to_cart,,0,2024-12-20,
12757,U1514,3986,Smart Dryer,Laundry,wishlist,4.8,0,2023-10-13,
12758,U0785,1937,Chainsaw,Tools,add_to_cart,,0,2023-08-07,
12759,U1453,1657,Solar Water Heater,Power,add_to_cart,,0,2024-02-25,
12760,U1268,844,Automatic Pet Water Fountain,Pet,add_to_cart,,0,2023-11-28,
12761,U1601,71,Blu Ray Player,Entertainment,add_to_cart,,0,2024-09-10,
12762,U0086,3831,Dehumidifier,Climate,wishlist,4.4,0,2024-03-07,
12763,U1759,3578,Water Flosser,Personal Care,add_to_cart,,0,2023-08-07,
12764,U0232,363,Pressure Washer,Cleaning,wishlist,4.7,0,2024-02-04,
12765,U1227,244,Pressure Cooker,Kitchen,purchase,3.7,1,2023-03-22,
12766,U1716,2868,Home Automation Controller,Networking,wishlist,5.0,0,2023-04-03,
12767,U1076,926,Set Top Box,Entertainment,purchase,5.0,1,2023-12-24,
12768,U1636,2711,Vacuum Sealer,Kitchen,view,,0,2024-09-28,43.0
12769,U0093,4860,Wall Clock,Decor,purchase,4.0,1,2023-06-19,
12770,U0554,3656,Mini Fridge,Kitchen,view,,0,2023-12-02,181.0
12771,U1144,3156,Bidet Seat,Bathroom,add_to_cart,,0,2024-07-26,
12772,U1207,3805,Air Quality Monitor,Smart Home,view,,0,2024-11-10,3.0
12773,U0192,4712,Carpet Cleaner,Cleaning,purchase,4.8,1,2023-04-10,
12774,U1948,4816,Fabric Shaver,Laundry,view,,0,2024-09-03,133.0
12775,U1897,1749,Gas Stove,Kitchen,view,,0,2024-07-30,26.0
12776,U0770,2528,Electric Oven,Kitchen,add_to_cart,,0,2023-04-01,
12777,U1768,2571,Wall Clock,Decor,view,,0,2023-12-03,26.0
12778,U0031,1295,Grill Microwave,Kitchen,view,,0,2024-11-24,188.0
12779,U0436,2201,Angle Grinder,Tools,purchase,4.8,1,2023-07-13,
12780,U0950,1457,Terrarium Heater,Pet,add_to_cart,,0,2024-12-04,
12781,U0752,3287,Streaming Device,Entertainment,view,,0,2024-06-03,0.0
12782,U0650,867,Exercise Bike,Fitness,purchase,4.1,1,2023-02-19,
12783,U1356,1646,Wall Clock,Decor,purchase,4.5,1,2023-08-18,
12784,U0130,1700,Alarm System,Security,add_to_cart,,0,2023-09-05,
12785,U1485,626,Tower Fan,Climate,view,,0,2023-12-19,62.0
12786,U0026,3898,Bottle Sterilizer,Kitchen,purchase,4.5,1,2024-11-25,
12787,U0493,4956,Electric Grill,Kitchen,wishlist,2.7,0,2023-08-10,
12788,U1175,1490,Ceiling Fan,Climate,purchase,3.9,1,2023-09-01,
12789,U0570,925,Jacuzzi Pump,Bathroom,purchase,3.1,1,2023-07-26,
12790,U0112,2805,Scanner,Tools,purchase,5.0,1,2024-05-01,
12791,U1600,1924,Smart Switch,Smart Home,purchase,4.4,1,2024-03-17,
12792,U0642,931,Printer,Tools,purchase,3.5,1,2023-08-04,
12793,U1026,1028,Wall Clock,Decor,view,,0,2023-07-05,20.0
12794,U1062,276,Smart TV,Entertainment,wishlist,3.1,0,2023-03-18,
12795,U0681,1003,Modem,Networking,wishlist,3.8,0,2024-07-20,
12796,U0234,4463,Juicer,Kitchen,add_to_cart,,0,2024-02-27,
12797,U1413,2711,Vacuum Sealer,Kitchen,purchase,4.4,1,2024-01-29,
12798,U1230,4526,Portable Dishwasher,Cleaning,view,,0,2023-04-11,315.0
12799,U0724,372,Food Dehydrator,Kitchen,add_to_cart,,0,2024-10-20,
12800,U0588,1228,Meat Grinder,Kitchen,purchase,2.1,1,2023-07-16,
12801,U0999,4983,Induction Oven,Kitchen,add_to_cart,,0,2024-04-05,
12802,U0374,3442,Massager,Personal Care,view,,0,2023-02-25,94.0
12803,U1704,1995,Espresso Machine,Kitchen,wishlist,4.4,0,2023-06-05,
12804,U1349,3110,Window Cleaner Robot,Cleaning,view,,0,2023-12-22,40.0
12805,U1264,4528,Electric Shaver,Personal Care,view,,0,2024-12-05,32.0
12806,U0991,747,Scanner,Tools,view,,0,2024-05-31,108.0
12807,U0793,1295,Grill Microwave,Kitchen,add_to_cart,,0,2023-01-11,
12808,U0788,1841,Sandwich Maker,Kitchen,purchase,3.0,1,2023-09-14,
12809,U0032,4463,Juicer,Kitchen,wishlist,3.9,0,2024-07-25,
12810,U1078,79,Bathroom Exhaust Fan,Bathroom,view,,0,2024-01-19,58.0
12811,U0123,2505,Countertop Dishwasher,Cleaning,purchase,2.8,1,2024-01-26,
12812,U1582,3607,Scanner,Tools,purchase,3.5,1,2023-09-26,
12813,U0732,1333,Massager,Personal Care,view,,0,2023-03-30,124.0
12814,U0204,2215,DVD Player,Entertainment,view,,0,2024-09-03,138.0
12815,U0560,1346,Sprinkler System,Tools,view,,0,2023-08-08,122.0
12816,U0137,618,Projector,Entertainment,view,,0,2023-10-04,35.0
12817,U0595,10,Sandwich Maker,Kitchen,add_to_cart,,0,2023-02-06,
12818,U1659,3974,Baby Food Maker,Kitchen,add_to_cart,,0,2023-06-09,
12819,U1761,3455,Wall Clock,Decor,view,,0,2024-09-25,85.0
12820,U1426,4779,Foot Massager,Personal Care,purchase,3.6,1,2024-08-05,
12821,U0337,3636,Router,Networking,view,,0,2024-12-26,102.0
12822,U0780,3802,Washer Dryer Combo,Laundry,add_to_cart,,0,2023-10-28,
12823,U0182,3688,Electric Lunch Box,Kitchen,view,,0,2023-05-13,281.0
12824,U0054,1375,Cooktop,Kitchen,purchase,3.4,1,2023-02-13,
12825,U0123,3311,Security Camera,Security,view,,0,2024-04-01,42.0
12826,U1269,2919,Stand Mixer,Kitchen,add_to_cart,,0,2024-07-02,
12827,U1169,4217,Coffee Grinder,Kitchen,view,,0,2024-05-07,71.0
12828,U1958,2426,Smart Washer,Laundry,view,,0,2024-03-24,62.0
12829,U1781,1023,Electric Fireplace,Climate,add_to_cart,,0,2024-06-24,
12830,U0272,2003,Wall Clock,Decor,view,,0,2023-01-13,172.0
12831,U0850,575,Electric Drill,Tools,view,,0,2024-03-17,135.0
12832,U1437,2800,Chapati Maker,Kitchen,view,,0,2023-01-12,73.0
12833,U1098,4195,Trimmer,Personal Care,view,,0,2023-06-10,383.0
12834,U1632,862,Security Camera,Security,purchase,3.7,1,2024-04-21,
12835,U0917,4458,Mini Fridge,Kitchen,view,,0,2023-08-03,25.0
12836,U0036,3897,Hair Straightener,Personal Care,view,,0,2023-12-07,195.0
12837,U1801,1078,Electric Mop,Cleaning,view,,0,2024-05-04,49.0
12838,U1084,3264,Waffle Maker,Kitchen,wishlist,3.1,0,2023-02-08,
12839,U0800,3451,Bread Maker,Kitchen,view,,0,2024-01-29,19.0
12840,U1147,557,Vacuum Cleaner,Cleaning,add_to_cart,,0,2024-11-01,
12841,U1270,3537,Aquarium Filter,Pet,view,,0,2023-07-14,62.0
12842,U1949,4015,Smoke Detector,Security,wishlist,4.0,0,2024-02-04,
12843,U1768,1740,Fabric Shaver,Laundry,purchase,5.0,1,2023-12-07,
12844,U0792,4924,Panini Press,Kitchen,view,,0,2023-07-02,9.0
12845,U1067,4925,Smart Door Lock,Security,add_to_cart,,0,2024-02-18,
12846,U1844,2645,Wall Clock,Decor,view,,0,2024-09-28,141.0
12847,U1592,2978,Water Flosser,Personal Care,wishlist,1.5,0,2024-06-08,
12848,U0432,1303,Steam Iron,Laundry,wishlist,3.5,0,2023-12-09,
12849,U1635,1428,Washing Machine,Laundry,add_to_cart,,0,2024-02-02,
12850,U1936,4653,Mini Fridge,Kitchen,add_to_cart,,0,2024-12-20,
12851,U1826,4834,Deep Fryer,Kitchen,add_to_cart,,0,2024-07-29,
12852,U0920,196,Portable Dishwasher,Cleaning,purchase,4.6,1,2024-02-20,
12853,U0828,4126,Smoke Detector,Security,view,,0,2024-01-29,296.0
12854,U1452,138,Built In Microwave,Kitchen,purchase,4.7,1,2023-01-15,
12855,U0942,4911,Electric Shaver,Personal Care,add_to_cart,,0,2024-10-10,
12856,U1571,2901,Voltage Stabilizer,Power,purchase,5.0,1,2024-06-16,
12857,U0608,4618,Smart Hub,Networking,purchase,4.4,1,2024-09-08,
12858,U0158,2373,3D Printer,Hobby,purchase,4.5,1,2023-11-09,
12859,U0961,1584,Electric Stove,Kitchen,purchase,3.4,1,2024-12-02,
12860,U1600,2109,Weather Station,Smart Home,view,,0,2024-04-17,157.0
12861,U1850,2031,WiFi Extender,Networking,wishlist,3.2,0,2024-12-31,
12862,U1483,3095,Window Cleaner Robot,Cleaning,purchase,5.0,1,2023-06-26,
12863,U0579,3545,Smoke Detector,Security,add_to_cart,,0,2023-05-07,
12864,U1431,285,WiFi Extender,Networking,view,,0,2023-11-23,387.0
12865,U1350,571,Fabric Shaver,Laundry,view,,0,2024-11-22,0.0
12866,U0157,2721,DVD Player,Entertainment,purchase,2.8,1,2023-09-16,
12867,U0243,3526,Dishwasher,Cleaning,purchase,2.6,1,2024-05-22,
12868,U1441,736,Citrus Juicer,Kitchen,purchase,3.1,1,2024-12-10,
12869,U1830,2764,Hot Dog Maker,Kitchen,purchase,5.0,1,2024-11-22,
12870,U0684,278,Hair Curler,Personal Care,add_to_cart,,0,2024-03-13,
12871,U1957,2629,Air Purifier,Climate,wishlist,4.1,0,2023-07-01,
12872,U0458,2433,Clothes Dryer,Laundry,view,,0,2023-06-06,214.0
12873,U0390,3372,Egg Cooker,Kitchen,purchase,5.0,1,2023-08-26,
12874,U0649,1490,Ceiling Fan,Climate,view,,0,2024-12-24,122.0
12875,U0190,1779,Misting Fan,Climate,purchase,3.0,1,2023-06-03,
12876,U0419,633,Countertop Dishwasher,Cleaning,add_to_cart,,0,2023-11-03,
12877,U1440,1867,Electric Toothbrush,Personal Care,view,,0,2024-04-17,308.0
12878,U0104,4227,RO Purifier,Bathroom,purchase,3.8,1,2024-12-22,
12879,U1261,4215,Electric Blanket,Personal Care,wishlist,3.2,0,2023-01-23,
12880,U1242,4818,Heater,Climate,purchase,4.6,1,2024-07-24,
12881,U1257,2786,Pet Feeder,Pet,wishlist,4.4,0,2024-05-07,
12882,U0561,1293,Electric Tandoor,Kitchen,view,,0,2024-12-22,156.0
12883,U1711,1439,Sprinkler System,Tools,purchase,4.6,1,2024-08-06,
12884,U0782,4742,Dehumidifier,Climate,view,,0,2023-05-14,236.0
12885,U0314,2316,Electric Blanket,Personal Care,purchase,4.2,1,2023-03-04,
12886,U0154,1225,Range Hood,Kitchen,purchase,3.5,1,2023-03-19,
12887,U1564,1376,Countertop Dishwasher,Cleaning,view,,0,2023-10-21,549.0
12888,U1959,3694,Window Cleaner Robot,Cleaning,purchase,3.1,1,2024-05-16,
12889,U1082,2247,Central Vacuum System,Cleaning,view,,0,2024-07-17,80.0
12890,U0640,1494,Leaf Blower,Tools,view,,0,2024-08-20,101.0
12891,U0417,2783,Door Intercom,Security,wishlist,4.4,0,2023-09-21,
12892,U0499,3604,Heating Pad,Personal Care,purchase,4.5,1,2023-02-07,
12893,U1077,100,Bidet Seat,Bathroom,wishlist,4.0,0,2024-10-19,
12894,U0018,1250,Smart Door Lock,Security,purchase,4.4,1,2023-03-07,
12895,U0671,4510,Sprinkler System,Tools,add_to_cart,,0,2023-05-22,
12896,U0008,2272,Range Hood,Kitchen,view,,0,2023-05-21,573.0
12897,U0981,4170,Label Maker,Tools,purchase,4.0,1,2024-01-07,
12898,U1248,2518,Hair Straightener,Personal Care,view,,0,2024-08-19,64.0
12899,U1033,2124,Air Quality Monitor,Smart Home,add_to_cart,,0,2023-08-01,
12900,U1619,286,Epilator,Personal Care,add_to_cart,,0,2024-03-12,
12901,U1276,2272,Range Hood,Kitchen,add_to_cart,,0,2024-10-08,
12902,U0962,741,Hair Dryer,Personal Care,view,,0,2023-04-10,72.0
12903,U1805,3698,Soundbar,Entertainment,view,,0,2023-05-25,102.0
12904,U0549,4143,Terrarium Heater,Pet,wishlist,3.3,0,2023-04-23,
12905,U0749,394,Smart Vacuum,Cleaning,purchase,4.4,1,2023-05-19,
12906,U0488,3171,Electric Scooter Charger,Power,view,,0,2023-03-13,302.0
12907,U1915,3424,Basement Dehumidifier,Outdoor,wishlist,4.6,0,2023-03-28,
12908,U0899,1939,Smart Switch,Smart Home,view,,0,2024-01-28,77.0
12909,U1743,4988,Air Conditioner,Climate,view,,0,2024-09-14,81.0
12910,U1583,3968,Scanner,Tools,add_to_cart,,0,2023-09-02,
12911,U0899,4647,Printer,Tools,purchase,4.8,1,2024-02-16,
12912,U1396,4646,Lint Remover,Laundry,view,,0,2024-05-18,0.0
12913,U0288,3522,Cooktop,Kitchen,purchase,4.3,1,2023-03-25,
12914,U1495,657,Clock,Decor,purchase,1.9,1,2023-08-11,
12915,U0815,1974,Router,Networking,view,,0,2024-01-11,24.0
12916,U0205,2314,Smart Thermostat,Climate,add_to_cart,,0,2024-12-25,
12917,U1147,1519,UV Water Purifier,Bathroom,purchase,3.9,1,2023-10-25,
12918,U1031,4956,Electric Grill,Kitchen,view,,0,2023-03-11,222.0
12919,U1046,4779,Foot Massager,Personal Care,view,,0,2023-12-13,141.0
12920,U0044,4822,Automatic Pet Water Fountain,Pet,add_to_cart,,0,2024-03-26,
12921,U0794,1142,Built In Oven,Kitchen,view,,0,2024-03-17,133.0
12922,U1991,4541,Iron,Laundry,add_to_cart,,0,2024-07-09,
12923,U0282,3607,Scanner,Tools,view,,0,2023-03-18,29.0
12924,U1797,4846,Projector,Entertainment,add_to_cart,,0,2023-09-28,
12925,U0135,4046,Electric Toothbrush,Personal Care,add_to_cart,,0,2024-01-21,
12926,U1470,2601,Aquarium Filter,Pet,purchase,3.2,1,2024-03-24,
12927,U1931,4949,Home Automation Controller,Networking,view,,0,2024-10-07,124.0
12928,U0798,1819,Refrigerator,Kitchen,purchase,5.0,1,2024-04-30,
12929,U1299,3508,Water Flosser,Personal Care,purchase,1.9,1,2023-05-23,
12930,U1709,831,Towel Warmer,Bathroom,purchase,3.4,1,2024-12-21,
12931,U1589,4298,Aquarium Filter,Pet,view,,0,2024-08-08,174.0
12932,U0521,2194,Central Vacuum System,Cleaning,view,,0,2023-02-20,57.0
12933,U1288,3699,Emergency Light,Security,view,,0,2024-11-03,22.0
12934,U1534,2305,Space Heater,Climate,view,,0,2023-11-20,29.0
12935,U1807,561,UV Water Purifier,Bathroom,view,,0,2023-03-08,7.0
12936,U0032,4161,Pressure Washer,Cleaning,add_to_cart,,0,2024-01-28,
12937,U1908,1048,Printer,Tools,purchase,3.9,1,2024-08-01,
12938,U1587,3689,Exhaust Fan,Climate,view,,0,2024-11-03,83.0
12939,U0782,3977,Central Vacuum System,Cleaning,add_to_cart,,0,2024-07-09,
12940,U0519,1863,Garment Steamer,Laundry,purchase,3.2,1,2024-11-23,
12941,U1084,3886,Basement Dehumidifier,Outdoor,add_to_cart,,0,2023-10-05,
12942,U0593,3114,Automatic Pet Water Fountain,Pet,add_to_cart,,0,2023-10-08,
12943,U0542,3940,Air Quality Monitor,Smart Home,wishlist,4.6,0,2024-07-01,
12944,U1758,145,Chainsaw,Tools,purchase,4.3,1,2024-03-05,
12945,U1636,353,Smart TV,Entertainment,add_to_cart,,0,2023-06-21,
12946,U0865,3226,Food Processor,Kitchen,add_to_cart,,0,2023-01-13,
12947,U1171,3673,Digital Safe,Security,wishlist,2.3,0,2023-09-12,
12948,U1295,2595,Pool Pump,Outdoor,view,,0,2023-11-19,35.0
12949,U1698,1252,WiFi Extender,Networking,view,,0,2023-03-21,446.0
12950,U0759,2664,Smart Bulb,Smart Home,view,,0,2024-05-02,182.0
12951,U0170,1234,Security Camera,Security,view,,0,2024-03-23,82.0
12952,U0172,3033,Home Server,Networking,purchase,3.8,1,2024-10-23,
12953,U1378,906,Window Air Conditioner,Climate,add_to_cart,,0,2023-05-04,
12954,U1854,2068,Landline Phone,Smart Home,view,,0,2024-08-28,425.0
12955,U1540,459,Alarm System,Security,wishlist,3.7,0,2023-07-15,
12956,U0055,2465,Lint Remover,Laundry,view,,0,2023-09-15,119.0
12957,U1641,2580,WiFi Extender,Networking,add_to_cart,,0,2024-03-22,
12958,U0355,2810,Alarm Clock,Decor,purchase,3.5,1,2024-09-12,
12959,U1521,3638,Electric Skillet,Kitchen,purchase,3.8,1,2024-12-11,
12960,U0528,1670,Electric Tandoor,Kitchen,add_to_cart,,0,2024-01-10,
12961,U0849,1952,Attic Fan,Climate,purchase,4.6,1,2023-08-31,
12962,U1161,4208,Electric Tandoor,Kitchen,add_to_cart,,0,2024-03-23,
12963,U0735,143,Foot Massager,Personal Care,view,,0,2024-04-04,42.0
12964,U0931,3244,Ice Cream Maker,Kitchen,purchase,4.0,1,2023-01-18,
12965,U0342,2695,Video Doorbell,Security,view,,0,2023-10-12,151.0
12966,U1307,2863,Exhaust Fan,Climate,view,,0,2024-03-04,253.0
12967,U1152,567,Lawn Mower,Tools,add_to_cart,,0,2024-02-21,
12968,U1543,1655,Cold Press Juicer,Kitchen,view,,0,2024-11-14,110.0
12969,U1763,4142,Bathroom Exhaust Fan,Bathroom,view,,0,2024-10-02,49.0
12970,U1719,2368,Blender,Kitchen,view,,0,2024-04-12,33.0
12971,U0094,432,Floor Polisher,Cleaning,view,,0,2024-06-13,41.0
12972,U1433,4006,Electric Blanket,Personal Care,view,,0,2023-11-14,42.0
12973,U0218,851,Sewing Machine,Hobby,purchase,5.0,1,2023-01-28,
12974,U1459,4738,Aquarium Filter,Pet,view,,0,2024-08-24,34.0
12975,U1394,2418,Tankless Water Heater,Bathroom,wishlist,2.4,0,2024-01-21,
12976,U0537,2001,Coffee Maker,Kitchen,add_to_cart,,0,2023-04-20,
12977,U1596,864,Laminator,Tools,view,,0,2023-01-12,95.0
12978,U0638,4700,Table Fan,Climate,purchase,4.0,1,2023-09-10,
12979,U1822,2186,Pool Pump,Outdoor,purchase,4.0,1,2023-03-17,
12980,U0764,2519,Portable Dishwasher,Cleaning,add_to_cart,,0,2023-05-01,
12981,U1039,2560,Foot Massager,Personal Care,wishlist,4.6,0,2023-07-28,
12982,U1106,4006,Electric Blanket,Personal Care,view,,0,2023-10-17,158.0
12983,U0664,4286,Label Maker,Tools,wishlist,4.1,0,2023-08-07,
12984,U0571,2521,Smart Bulb,Smart Home,view,,0,2024-01-14,96.0
12985,U0410,2442,Toaster Oven,Kitchen,add_to_cart,,0,2023-03-29,
12986,U0523,3450,Iron,Laundry,wishlist,3.2,0,2023-09-14,
12987,U0756,1334,Jacuzzi Pump,Bathroom,add_to_cart,,0,2024-04-05,
12988,U0749,2632,Hot Plate,Kitchen,add_to_cart,,0,2024-03-13,
12989,U1758,3511,Paper Shredder,Tools,add_to_cart,,0,2024-05-08,
12990,U0081,1495,Emergency Light,Security,view,,0,2023-03-16,189.0
12991,U1244,3984,Bathroom Exhaust Fan,Bathroom,purchase,4.7,1,2023-02-26,
12992,U0818,2494,Attic Fan,Climate,view,,0,2024-12-06,114.0
12993,U0253,451,Lint Remover,Laundry,purchase,3.1,1,2023-05-24,
12994,U0708,4701,Electric Vehicle Charger,Power,view,,0,2023-04-10,29.0
12995,U1035,12,Wall Clock,Decor,add_to_cart,,0,2023-03-16,
12996,U0886,1366,Bathroom Exhaust Fan,Bathroom,add_to_cart,,0,2023-02-14,
12997,U1150,3120,Tea Maker,Kitchen,wishlist,5.0,0,2024-06-05,
12998,U0503,2313,CCTV System,Security,purchase,4.0,1,2023-06-16,
12999,U0996,4294,Cooktop,Kitchen,wishlist,4.7,0,2024-11-13,
13000,U0099,2725,Ice Cream Maker,Kitchen,view,,0,2023-05-11,30.0
13001,U1436,1710,Subwoofer,Entertainment,wishlist,4.1,0,2023-02-09,
13002,U0253,4218,Wall Clock,Decor,purchase,4.4,1,2024-01-17,
13003,U0385,1612,Sandwich Maker,Kitchen,view,,0,2024-09-23,116.0
13004,U1205,3110,Window Cleaner Robot,Cleaning,view,,0,2024-01-09,254.0
13005,U1130,2879,Heater,Climate,view,,0,2024-04-06,154.0
13006,U0285,115,Hair Straightener,Personal Care,add_to_cart,,0,2023-05-19,
13007,U1991,4165,Smart Air Conditioner,Climate,purchase,3.7,1,2024-01-23,
13008,U0990,2024,Chainsaw,Tools,purchase,4.3,1,2023-10-19,
13009,U0386,1627,Electric Vehicle Charger,Power,purchase,3.6,1,2023-01-03,
13010,U0652,4643,Induction Cooktop,Kitchen,view,,0,2024-11-19,16.0
13011,U1044,3719,Clock,Decor,view,,0,2024-07-08,291.0
13012,U1457,1595,Mini Fridge,Kitchen,wishlist,5.0,0,2024-09-23,
13013,U0570,1634,Fermentation Crock,Hobby,view,,0,2024-05-21,47.0
13014,U1150,3150,Smart Garage Door Opener,Security,wishlist,3.0,0,2024-01-03,
13015,U0699,2259,Handheld Vacuum,Cleaning,view,,0,2024-09-22,146.0
13016,U1885,4270,Aquarium Heater,Pet,view,,0,2023-02-02,100.0
13017,U1755,4738,Aquarium Filter,Pet,wishlist,3.5,0,2024-10-15,
13018,U1277,3813,Speakers,Entertainment,view,,0,2024-03-07,43.0
13019,U1165,1391,Kitchen Chimney,Kitchen,add_to_cart,,0,2024-03-31,
13020,U0794,952,Clock,Decor,view,,0,2024-08-04,525.0
13021,U1584,2552,Citrus Juicer,Kitchen,wishlist,4.6,0,2023-05-10,
13022,U1838,3768,Electric Toothbrush,Personal Care,purchase,4.6,1,2023-09-09,
13023,U1997,1331,Water Dispenser,Kitchen,wishlist,2.8,0,2024-01-27,
13024,U0597,3267,Air Quality Monitor,Smart Home,view,,0,2024-07-09,59.0
13025,U0910,708,Smart Plug,Smart Home,purchase,5.0,1,2024-10-18,
13026,U0522,1591,Hedge Trimmer,Tools,purchase,3.2,1,2024-08-27,
13027,U0793,16,Smart Switch,Smart Home,view,,0,2023-10-17,21.0
13028,U1539,2932,Hot Plate,Kitchen,purchase,4.1,1,2024-12-04,
13029,U0503,348,Juicer,Kitchen,purchase,3.8,1,2023-12-29,
13030,U0408,3161,UPS,Power,purchase,4.7,1,2024-10-18,
13031,U1294,4582,Exhaust Fan,Climate,view,,0,2024-02-08,121.0
13032,U0901,777,Clock,Decor,add_to_cart,,0,2024-07-07,
13033,U1335,898,Smart Bulb,Smart Home,purchase,4.7,1,2023-12-15,
13034,U1524,1115,Soundbar,Entertainment,wishlist,4.8,0,2023-05-16,
13035,U1383,2850,Garment Steamer,Laundry,view,,0,2024-11-04,78.0
13036,U1684,1378,Knitting Machine,Hobby,add_to_cart,,0,2024-08-12,
13037,U0998,3740,Cooktop,Kitchen,view,,0,2023-09-06,324.0
13038,U1324,3187,Deep Fryer,Kitchen,add_to_cart,,0,2023-03-27,
13039,U0452,2320,Smart Curtain Motor,Smart Home,add_to_cart,,0,2023-08-15,
13040,U0100,580,Voltage Stabilizer,Power,view,,0,2023-11-27,38.0
13041,U0251,2106,Electric Fireplace,Climate,view,,0,2023-05-10,4.0
13042,U1998,4610,Ice Cream Maker,Kitchen,add_to_cart,,0,2023-11-23,
13043,U0611,4766,Towel Warmer,Bathroom,add_to_cart,,0,2023-06-08,
13044,U1758,3820,Chainsaw,Tools,view,,0,2024-06-03,93.0
13045,U1149,2023,Wall Clock,Decor,add_to_cart,,0,2023-08-07,
13046,U1276,1753,Smart Speaker,Entertainment,wishlist,4.7,0,2023-09-23,
13047,U1510,2020,Ice Cream Maker,Kitchen,wishlist,4.1,0,2023-04-04,
13048,U0547,1746,Robot Vacuum,Cleaning,view,,0,2024-03-24,124.0
13049,U1785,919,Smart Door Lock,Security,purchase,2.9,1,2023-06-15,
13050,U1901,3422,Jacuzzi Pump,Bathroom,view,,0,2024-08-01,261.0
13051,U0773,206,Handheld Vacuum,Cleaning,view,,0,2023-08-24,145.0
13052,U1247,11,Clothes Dryer,Laundry,purchase,5.0,1,2024-11-16,
13053,U1744,3067,Projector,Entertainment,add_to_cart,,0,2024-03-15,
13054,U1178,2918,Pet Feeder,Pet,view,,0,2024-05-28,290.0
13055,U0093,497,Smart Bulb,Smart Home,view,,0,2023-04-08,112.0
13056,U0090,3226,Food Processor,Kitchen,purchase,4.6,1,2023-09-30,
13057,U1578,1294,Chainsaw,Tools,add_to_cart,,0,2024-09-04,
13058,U1753,4695,Network Attached Storage,Networking,wishlist,4.0,0,2024-02-19,
13059,U1193,2207,Clock,Decor,purchase,4.1,1,2024-04-27,
13060,U1199,138,Built In Microwave,Kitchen,purchase,5.0,1,2024-05-03,
13061,U0846,3267,Air Quality Monitor,Smart Home,purchase,3.0,1,2023-04-16,
13062,U1927,1101,Emergency Light,Security,purchase,5.0,1,2024-01-14,
13063,U0234,2757,Angle Grinder,Tools,add_to_cart,,0,2023-06-08,
13064,U0666,3133,Booster Pump,Outdoor,view,,0,2023-04-23,30.0
13065,U1820,4050,Home Automation Controller,Networking,wishlist,4.3,0,2023-11-12,
13066,U1506,3857,Electric Tandoor,Kitchen,purchase,4.1,1,2023-04-27,
13067,U0473,1322,Gas Stove,Kitchen,add_to_cart,,0,2023-02-27,
13068,U1729,1302,Landline Phone,Smart Home,view,,0,2024-07-03,20.0
13069,U0766,1369,Basement Dehumidifier,Outdoor,view,,0,2024-04-26,213.0
13070,U1033,1066,Foot Massager,Personal Care,add_to_cart,,0,2024-06-25,
13071,U0435,2669,Door Intercom,Security,view,,0,2023-02-09,113.0
13072,U0169,2077,Home Server,Networking,view,,0,2023-05-06,12.0
13073,U0799,4861,Elliptical Trainer,Fitness,view,,0,2024-04-12,173.0
13074,U1357,1846,Toaster Oven,Kitchen,purchase,5.0,1,2024-07-01,
13075,U1974,1969,Sewing Machine,Hobby,view,,0,2024-08-16,409.0
13076,U1540,3823,Epilator,Personal Care,view,,0,2024-05-20,13.0
13077,U1969,1288,Lawn Mower,Tools,view,,0,2024-07-07,68.0
13078,U0342,2543,Smart Bulb,Smart Home,view,,0,2024-11-22,125.0
13079,U1614,662,Smoke Detector,Security,wishlist,3.5,0,2023-09-13,
13080,U1297,1841,Sandwich Maker,Kitchen,view,,0,2023-07-09,40.0
13081,U1783,1883,Citrus Juicer,Kitchen,purchase,3.6,1,2023-03-12,
13082,U1547,3666,Robot Vacuum,Cleaning,view,,0,2023-12-15,101.0
13083,U0025,3442,Massager,Personal Care,view,,0,2023-08-12,297.0
13084,U1656,3276,Weather Station,Smart Home,wishlist,5.0,0,2024-05-28,
13085,U0504,4428,Pet Feeder,Pet,view,,0,2023-05-13,103.0
13086,U1621,3562,Electric Shaver,Personal Care,view,,0,2024-03-11,258.0
13087,U0460,467,Electric Blanket,Personal Care,view,,0,2024-03-23,66.0
13088,U0317,4413,Foot Massager,Personal Care,add_to_cart,,0,2023-07-16,
13089,U1937,1662,Leaf Blower,Tools,add_to_cart,,0,2024-11-20,
13090,U0389,1290,Countertop Dishwasher,Cleaning,view,,0,2024-12-03,48.0
13091,U1550,2839,Electric Grill,Kitchen,add_to_cart,,0,2024-12-13,
13092,U0254,3449,Water Filter,Bathroom,view,,0,2024-11-06,163.0
13093,U0064,1926,Video Doorbell,Security,view,,0,2024-08-12,87.0
13094,U0328,731,Smart Oven,Kitchen,purchase,2.7,1,2023-11-02,
13095,U1775,3057,Knitting Machine,Hobby,view,,0,2023-12-01,444.0
13096,U1993,919,Smart Door Lock,Security,purchase,3.6,1,2024-10-05,
13097,U0969,4245,Washing Machine,Laundry,purchase,4.6,1,2024-05-03,
13098,U1221,4957,Wine Cooler,Kitchen,wishlist,3.0,0,2024-04-15,
13099,U0040,1001,Pet Feeder,Pet,view,,0,2023-01-05,50.0
13100,U0789,1232,Electric Toothbrush,Personal Care,purchase,3.6,1,2023-02-15,
13101,U0105,3836,Floor Polisher,Cleaning,purchase,1.8,1,2024-04-30,
13102,U0158,391,Electric Pressure Cooker,Kitchen,purchase,4.1,1,2023-04-28,
13103,U0837,960,Epilator,Personal Care,view,,0,2023-04-09,15.0
13104,U1562,4782,Window Air Conditioner,Climate,view,,0,2023-11-07,211.0
13105,U1766,4222,Smart Refrigerator,Kitchen,view,,0,2023-02-20,86.0
13106,U0391,1041,Angle Grinder,Tools,add_to_cart,,0,2024-12-16,
13107,U0707,2432,Hot Plate,Kitchen,view,,0,2024-12-24,98.0
13108,U1690,868,Waffle Maker,Kitchen,view,,0,2023-01-28,196.0
13109,U0038,3231,Dough Maker,Kitchen,purchase,4.7,1,2023-11-15,
13110,U0841,373,RO Purifier,Bathroom,add_to_cart,,0,2023-07-01,
13111,U0553,4543,Citrus Juicer,Kitchen,purchase,3.6,1,2024-06-24,
13112,U0657,1240,Knitting Machine,Hobby,purchase,4.2,1,2023-07-12,
13113,U0348,3993,Modem,Networking,purchase,4.3,1,2024-07-24,
13114,U1970,2929,3D Printer,Hobby,view,,0,2024-05-09,124.0
13115,U1054,2990,Emergency Light,Security,add_to_cart,,0,2023-11-02,
13116,U0862,232,Juicer,Kitchen,purchase,4.6,1,2023-10-01,
13117,U1903,1136,Kegerator,Hobby,purchase,5.0,1,2024-11-08,
13118,U0289,4740,Landline Phone,Smart Home,view,,0,2023-09-13,99.0
13119,U1649,1270,Home Theater System,Entertainment,view,,0,2024-08-18,233.0
13120,U1946,2645,Wall Clock,Decor,add_to_cart,,0,2023-08-01,
13121,U1608,3127,Ice Cream Maker,Kitchen,purchase,4.0,1,2024-12-05,
13122,U0875,3959,Induction Oven,Kitchen,wishlist,4.6,0,2024-03-02,
13123,U1266,3983,Baby Food Maker,Kitchen,purchase,3.8,1,2024-08-07,
13124,U0357,411,Scanner,Tools,add_to_cart,,0,2023-09-30,
13125,U0315,1391,Kitchen Chimney,Kitchen,view,,0,2023-05-23,201.0
13126,U0558,4726,Jacuzzi Pump,Bathroom,view,,0,2023-05-09,12.0
13127,U0157,4583,UPS,Power,view,,0,2024-06-12,304.0
13128,U1756,1212,Slush Machine,Hobby,view,,0,2024-11-26,368.0
13129,U1068,3446,Gas Stove,Kitchen,purchase,3.4,1,2024-12-24,
13130,U1205,1448,Sandwich Maker,Kitchen,wishlist,4.8,0,2023-07-12,
13131,U0999,1423,Electric Kettle,Kitchen,wishlist,3.4,0,2023-08-13,
13132,U1944,4780,UV Water Purifier,Bathroom,purchase,5.0,1,2023-03-30,
13133,U1885,452,Electric Vehicle Charger,Power,view,,0,2024-11-29,205.0
13134,U1138,157,Water Heater,Bathroom,view,,0,2023-01-23,51.0
13135,U0868,4036,Hand Mixer,Kitchen,view,,0,2024-01-06,105.0
13136,U0258,2535,Home Sauna,Fitness,view,,0,2023-01-08,26.0
13137,U1739,1274,Sewing Machine,Hobby,view,,0,2023-09-10,7.0
13138,U0108,274,Slow Cooker,Kitchen,view,,0,2023-12-06,100.0
13139,U1883,4249,Water Filter,Bathroom,add_to_cart,,0,2024-10-14,
13140,U1738,900,Alarm Clock,Decor,view,,0,2024-03-04,176.0
13141,U1616,1014,Boot Warmer,Laundry,view,,0,2023-09-19,3.0
13142,U1493,4665,Inverter,Power,wishlist,2.8,0,2023-08-31,
13143,U1534,1477,Smart Air Conditioner,Climate,purchase,4.2,1,2024-12-18,
13144,U1687,4298,Aquarium Filter,Pet,add_to_cart,,0,2023-01-14,
13145,U1291,623,Bathroom Exhaust Fan,Bathroom,view,,0,2024-12-16,400.0
13146,U0085,4848,Pool Heater,Outdoor,add_to_cart,,0,2023-12-14,
13147,U1616,2676,WiFi Extender,Networking,wishlist,4.9,0,2023-07-03,
13148,U0833,1457,Terrarium Heater,Pet,wishlist,2.3,0,2023-02-08,
13149,U1973,628,Door Intercom,Security,wishlist,4.3,0,2024-11-19,
13150,U0408,1824,Hedge Trimmer,Tools,purchase,4.7,1,2023-06-08,
13151,U1416,4281,Central Air Conditioner,Climate,purchase,3.0,1,2023-05-07,
13152,U0599,4428,Pet Feeder,Pet,purchase,4.0,1,2024-01-22,
13153,U1667,3723,Window Cleaner Robot,Cleaning,add_to_cart,,0,2024-05-14,
13154,U0828,2087,Electric Toothbrush,Personal Care,view,,0,2023-03-11,48.0
13155,U0347,1442,Fan,Climate,add_to_cart,,0,2023-05-23,
13156,U1445,2037,Massage Chair,Personal Care,wishlist,5.0,0,2024-05-31,
13157,U1231,4278,Water Boiler,Kitchen,view,,0,2023-03-26,225.0
13158,U1913,1323,Air Purifier,Climate,view,,0,2023-10-28,156.0
13159,U0866,1889,Smart Switch,Smart Home,view,,0,2024-01-24,341.0
13160,U1101,1142,Built In Oven,Kitchen,wishlist,3.8,0,2023-08-24,
13161,U0456,2117,Tower Fan,Climate,view,,0,2023-07-13,94.0
13162,U1784,3267,Air Quality Monitor,Smart Home,view,,0,2023-10-02,20.0
13163,U1822,4239,Air Quality Monitor,Smart Home,view,,0,2024-06-12,204.0
13164,U0493,201,Fermentation Crock,Hobby,view,,0,2024-02-17,43.0
13165,U1691,1787,Hedge Trimmer,Tools,purchase,1.7,1,2024-01-15,
13166,U1455,877,3D Printer,Hobby,purchase,3.8,1,2024-12-07,
13167,U0702,2769,Smoke Detector,Security,view,,0,2024-12-10,56.0
13168,U0199,3355,Voltage Stabilizer,Power,view,,0,2023-07-12,171.0
13169,U0073,972,Ice Cream Maker,Kitchen,view,,0,2023-03-10,124.0
13170,U0017,2916,Smart Vacuum,Cleaning,view,,0,2024-12-31,168.0
13171,U1174,2723,Juicer,Kitchen,view,,0,2024-08-08,92.0
13172,U1108,1037,Fabric Shaver,Laundry,purchase,4.9,1,2023-07-14,
13173,U0268,3918,Cooktop,Kitchen,view,,0,2023-11-22,0.0
13174,U0643,4183,Water Flosser,Personal Care,view,,0,2024-07-24,27.0
13175,U0381,3267,Air Quality Monitor,Smart Home,purchase,2.9,1,2023-09-22,
13176,U0340,3012,Router,Networking,wishlist,4.5,0,2024-05-13,
13177,U1094,4932,Fermentation Crock,Hobby,wishlist,3.3,0,2024-01-25,
13178,U0882,3446,Gas Stove,Kitchen,add_to_cart,,0,2023-06-01,
13179,U0953,1747,Soundbar,Entertainment,add_to_cart,,0,2023-05-18,
13180,U1205,4642,Smart Oven,Kitchen,purchase,3.1,1,2024-12-31,
13181,U0946,766,Massage Chair,Personal Care,view,,0,2023-04-15,30.0
13182,U0228,2626,Cotton Candy Machine,Hobby,purchase,4.0,1,2023-10-06,
13183,U0228,3782,Wine Cooler,Kitchen,purchase,4.1,1,2023-12-20,
13184,U0810,4251,Mini Fridge,Kitchen,wishlist,4.3,0,2023-05-22,
13185,U1750,2318,Modem,Networking,add_to_cart,,0,2024-11-09,
13186,U1788,3796,Clothesline Dryer,Laundry,view,,0,2024-05-11,2.0
13187,U1460,868,Waffle Maker,Kitchen,purchase,4.1,1,2024-01-07,
13188,U0277,3794,Aquarium Filter,Pet,view,,0,2024-11-09,68.0
13189,U1363,1239,Shoe Dryer,Laundry,purchase,3.5,1,2024-07-19,
13190,U0289,978,Smart Curtain Motor,Smart Home,view,,0,2023-07-23,50.0
13191,U0245,63,Television,Entertainment,wishlist,4.8,0,2024-12-17,
13192,U1487,1911,Weather Station,Smart Home,purchase,4.6,1,2023-01-21,
13193,U1677,2046,Subwoofer,Entertainment,wishlist,4.7,0,2024-10-25,
13194,U1543,2636,Smart Bulb,Smart Home,view,,0,2023-05-08,117.0
13195,U0745,1243,Massager,Personal Care,view,,0,2024-08-14,213.0
13196,U0863,2087,Electric Toothbrush,Personal Care,purchase,4.1,1,2024-08-19,
13197,U1840,1964,Network Attached Storage,Networking,view,,0,2024-02-02,104.0
13198,U1056,384,Yogurt Maker,Kitchen,view,,0,2023-02-13,165.0
13199,U1577,611,Air Fryer,Kitchen,purchase,4.3,1,2024-12-04,
13200,U1185,906,Window Air Conditioner,Climate,add_to_cart,,0,2024-02-25,
13201,U1721,1493,Coffee Grinder,Kitchen,view,,0,2023-06-10,43.0
13202,U1038,1613,Central Vacuum System,Cleaning,purchase,5.0,1,2024-08-24,
13203,U1300,695,Slush Machine,Hobby,purchase,4.1,1,2023-06-11,
13204,U0792,3442,Massager,Personal Care,wishlist,3.0,0,2023-01-30,
13205,U1027,4737,Foot Massager,Personal Care,purchase,2.9,1,2024-12-12,
13206,U1344,1881,Humidifier,Climate,purchase,4.7,1,2023-05-24,
13207,U1724,2066,Pressure Washer,Cleaning,view,,0,2023-06-09,37.0
13208,U0474,3590,Electric Skillet,Kitchen,view,,0,2023-03-11,19.0
13209,U0271,1759,Smart Plug,Smart Home,add_to_cart,,0,2024-05-19,
13210,U0235,1618,Boot Warmer,Laundry,wishlist,3.1,0,2023-03-14,
13211,U1187,3723,Window Cleaner Robot,Cleaning,view,,0,2024-07-26,27.0
13212,U1185,27,Pet Feeder,Pet,purchase,4.5,1,2023-01-22,
13213,U1548,3327,Modem,Networking,view,,0,2023-01-13,26.0
13214,U1192,1529,Hand Mixer,Kitchen,purchase,4.0,1,2023-11-15,
13215,U1794,2496,Built In Microwave,Kitchen,add_to_cart,,0,2024-10-17,
13216,U0074,4247,Massage Chair,Personal Care,wishlist,2.6,0,2023-01-03,
13217,U0884,543,Grill Microwave,Kitchen,wishlist,3.4,0,2024-05-05,
13218,U1460,2873,Handheld Vacuum,Cleaning,view,,0,2023-11-12,166.0
13219,U0439,1483,Window Cleaner Robot,Cleaning,purchase,5.0,1,2024-06-09,
13220,U0308,2202,Hedge Trimmer,Tools,view,,0,2023-08-21,11.0
13221,U1873,33,Hot Plate,Kitchen,wishlist,5.0,0,2023-07-28,
13222,U1069,278,Hair Curler,Personal Care,add_to_cart,,0,2023-09-11,
13223,U1178,4542,Gas Stove,Kitchen,purchase,4.3,1,2024-09-02,
13224,U0107,1771,Water Flosser,Personal Care,view,,0,2024-08-25,205.0
13225,U0826,638,Smart Garage Door Opener,Security,view,,0,2023-01-10,167.0
13226,U0665,3237,UV Water Purifier,Bathroom,purchase,4.0,1,2024-03-26,
13227,U1893,436,Built In Oven,Kitchen,add_to_cart,,0,2024-05-20,
13228,U1292,285,WiFi Extender,Networking,view,,0,2024-10-02,42.0
13229,U1116,2258,Dishwasher,Cleaning,view,,0,2024-01-24,72.0
13230,U0516,821,Label Maker,Tools,view,,0,2024-06-05,432.0
13231,U0021,3588,Ice Crusher,Kitchen,view,,0,2024-03-26,354.0
13232,U0167,857,Towel Warmer,Bathroom,add_to_cart,,0,2024-01-30,
13233,U1328,2754,Set Top Box,Entertainment,view,,0,2024-08-22,48.0
13234,U1166,4189,Printer,Tools,purchase,4.1,1,2023-01-29,
13235,U0861,2108,Thermostat,Climate,view,,0,2023-08-29,26.0
13236,U1734,1629,Smart Plug,Smart Home,add_to_cart,,0,2024-01-10,
13237,U1334,1552,Espresso Machine,Kitchen,wishlist,4.5,0,2023-12-24,
13238,U0564,2909,Subwoofer,Entertainment,add_to_cart,,0,2023-07-25,
13239,U0116,2106,Electric Fireplace,Climate,purchase,3.6,1,2023-12-11,
13240,U0077,1678,Label Maker,Tools,view,,0,2023-02-04,402.0
13241,U1317,2719,Vacuum Cleaner,Cleaning,view,,0,2023-12-27,34.0
13242,U0955,2308,Popcorn Maker,Kitchen,add_to_cart,,0,2023-03-21,
13243,U0787,4578,Hair Dryer,Personal Care,wishlist,4.7,0,2023-12-14,
13244,U1492,1831,Panini Press,Kitchen,wishlist,5.0,0,2024-06-08,
13245,U1944,1275,Table Fan,Climate,wishlist,4.6,0,2023-01-14,
13246,U1415,1826,Massager,Personal Care,add_to_cart,,0,2024-06-02,
13247,U0655,3980,Ice Crusher,Kitchen,add_to_cart,,0,2023-10-15,
13248,U0779,153,CCTV System,Security,view,,0,2024-03-06,518.0
13249,U0268,3276,Weather Station,Smart Home,add_to_cart,,0,2024-05-27,
13250,U0527,2252,Electric Skillet,Kitchen,add_to_cart,,0,2024-04-30,
13251,U0469,4164,Chainsaw,Tools,view,,0,2024-02-14,3.0
13252,U0571,3012,Router,Networking,purchase,5.0,1,2024-08-12,
13253,U1603,1075,Hot Plate,Kitchen,view,,0,2023-12-16,58.0
13254,U0495,3307,Automatic Pet Water Fountain,Pet,wishlist,3.0,0,2023-06-05,
13255,U1929,1375,Cooktop,Kitchen,wishlist,2.5,0,2024-05-23,
13256,U1055,3666,Robot Vacuum,Cleaning,purchase,1.9,1,2023-06-05,
13257,U0087,1276,Hair Straightener,Personal Care,add_to_cart,,0,2024-07-31,
13258,U1374,3025,Deep Fryer,Kitchen,purchase,3.2,1,2023-08-20,
13259,U1035,827,Smart Hub,Networking,purchase,5.0,1,2023-07-31,
13260,U0742,2945,Power Strip,Power,purchase,3.3,1,2023-03-06,
13261,U1955,298,Electric Grill,Kitchen,wishlist,3.6,0,2023-07-06,
13262,U0553,545,Bread Maker,Kitchen,purchase,3.3,1,2023-11-04,
13263,U1233,4398,Set Top Box,Entertainment,purchase,4.3,1,2024-07-26,
13264,U0202,1871,Heating Pad,Personal Care,view,,0,2023-07-15,6.0
13265,U1542,919,Smart Door Lock,Security,purchase,3.6,1,2024-01-28,
13266,U1341,1069,Handheld Vacuum,Cleaning,view,,0,2024-05-03,16.0
13267,U1272,4612,Boot Warmer,Laundry,view,,0,2023-02-25,271.0
13268,U1854,4288,Trimmer,Personal Care,view,,0,2023-04-17,65.0
13269,U1422,2418,Tankless Water Heater,Bathroom,add_to_cart,,0,2024-04-02,
13270,U1807,3950,Carbon Monoxide Detector,Security,view,,0,2024-02-03,95.0
13271,U1930,224,Towel Warmer,Bathroom,view,,0,2024-09-16,68.0
13272,U1925,3876,Electric Tandoor,Kitchen,view,,0,2024-03-17,36.0
13273,U1397,3507,Foot Massager,Personal Care,view,,0,2023-03-23,85.0
13274,U1081,898,Smart Bulb,Smart Home,view,,0,2023-01-27,178.0
13275,U0144,2516,Clothesline Dryer,Laundry,view,,0,2024-11-01,26.0
13276,U0357,232,Juicer,Kitchen,wishlist,4.8,0,2023-01-13,
13277,U0612,1949,Network Attached Storage,Networking,view,,0,2024-08-09,200.0
13278,U0981,2999,Clothesline Dryer,Laundry,purchase,4.1,1,2024-06-02,
13279,U0259,599,Pressure Washer,Cleaning,view,,0,2024-07-25,50.0
13280,U0929,3908,Heating Pad,Personal Care,view,,0,2024-06-25,240.0
13281,U1514,940,Bread Maker,Kitchen,view,,0,2024-10-11,35.0
13282,U0323,913,Fermentation Crock,Hobby,view,,0,2023-10-21,64.0
13283,U1853,912,Emergency Light,Security,view,,0,2024-03-22,12.0
13284,U1335,2494,Attic Fan,Climate,purchase,5.0,1,2024-07-01,
13285,U1132,109,Home Automation Controller,Networking,purchase,3.4,1,2023-08-18,
13286,U1414,189,Water Heater,Bathroom,add_to_cart,,0,2023-06-03,
13287,U0179,27,Pet Feeder,Pet,purchase,4.9,1,2024-08-27,
13288,U1521,298,Electric Grill,Kitchen,view,,0,2023-12-05,26.0
13289,U1058,438,Smart Hub,Networking,purchase,3.6,1,2023-06-27,
13290,U1746,4455,Steam Cleaner,Cleaning,wishlist,3.2,0,2023-04-29,
13291,U1555,2910,Pressure Washer,Cleaning,purchase,4.5,1,2023-11-23,
13292,U1461,4562,Exercise Bike,Fitness,view,,0,2024-02-01,5.0
13293,U1877,3690,Smart Speaker,Entertainment,view,,0,2023-06-01,131.0
13294,U1942,4050,Home Automation Controller,Networking,add_to_cart,,0,2023-12-08,
13295,U1086,3107,Water Softener,Bathroom,add_to_cart,,0,2024-05-30,
13296,U1535,640,Egg Cooker,Kitchen,wishlist,3.5,0,2023-10-28,
13297,U0350,3940,Air Quality Monitor,Smart Home,add_to_cart,,0,2023-03-22,
13298,U1976,1132,Video Doorbell,Security,view,,0,2024-09-03,1.0
13299,U1207,446,Clock,Decor,purchase,5.0,1,2024-01-21,
13300,U1468,2926,Smart Plug,Smart Home,wishlist,3.9,0,2023-08-15,
13301,U0961,3758,Hedge Trimmer,Tools,view,,0,2024-02-24,57.0
13302,U0931,64,Stand Mixer,Kitchen,add_to_cart,,0,2024-09-24,
13303,U0670,1579,Battery Charger,Power,view,,0,2024-08-13,12.0
13304,U1752,1852,Automatic Pet Water Fountain,Pet,view,,0,2024-06-08,50.0
13305,U1325,2217,Hair Curler,Personal Care,view,,0,2023-07-12,9.0
13306,U0617,1972,Baby Food Maker,Kitchen,view,,0,2024-09-25,113.0
13307,U0765,4946,Home Brewing Kit,Hobby,purchase,3.2,1,2024-05-16,
13308,U1449,1794,Electric Drill,Tools,purchase,2.7,1,2024-02-04,
13309,U1511,2042,Kegerator,Hobby,purchase,2.2,1,2024-02-27,
13310,U1194,2913,Cotton Candy Machine,Hobby,view,,0,2024-10-20,160.0
13311,U1886,1653,Water Filter,Bathroom,view,,0,2024-10-14,120.0
13312,U0302,2227,Network Attached Storage,Networking,wishlist,4.7,0,2024-08-29,
13313,U0199,3290,Lawn Mower,Tools,view,,0,2023-07-14,25.0
13314,U1369,557,Vacuum Cleaner,Cleaning,view,,0,2023-01-14,77.0
13315,U1000,631,Dishwasher,Cleaning,view,,0,2023-05-05,161.0
13316,U1177,623,Bathroom Exhaust Fan,Bathroom,add_to_cart,,0,2024-08-29,
13317,U1418,2489,Drip Coffee Maker,Kitchen,wishlist,3.1,0,2024-09-08,
13318,U1030,778,Lawn Mower,Tools,add_to_cart,,0,2024-09-22,
13319,U1542,1126,Door Intercom,Security,purchase,4.9,1,2023-05-29,
13320,U0039,2545,Electric Blanket,Personal Care,view,,0,2023-08-22,122.0
13321,U0667,4307,Smoke Detector,Security,view,,0,2024-02-22,218.0
13322,U1758,566,Hedge Trimmer,Tools,purchase,3.0,1,2024-10-02,
13323,U0168,4289,Pressure Washer,Cleaning,add_to_cart,,0,2024-05-19,
13324,U0511,3185,Yogurt Maker,Kitchen,view,,0,2024-06-18,6.0
13325,U1492,2201,Angle Grinder,Tools,wishlist,5.0,0,2024-08-18,
13326,U0878,256,Fan,Climate,purchase,4.2,1,2024-08-28,
13327,U1780,1085,Bottle Sterilizer,Kitchen,view,,0,2023-03-26,56.0
13328,U0199,1794,Electric Drill,Tools,purchase,3.1,1,2023-06-15,
13329,U0495,4078,Smart Curtain Motor,Smart Home,view,,0,2024-10-05,276.0
13330,U0941,1969,Sewing Machine,Hobby,view,,0,2023-08-04,397.0
13331,U0791,2052,Carbon Monoxide Detector,Security,wishlist,4.7,0,2023-03-21,
13332,U0082,1232,Electric Toothbrush,Personal Care,view,,0,2024-12-08,481.0
13333,U0022,1561,Waffle Maker,Kitchen,view,,0,2024-07-03,15.0
13334,U1207,3025,Deep Fryer,Kitchen,view,,0,2024-09-09,40.0
13335,U1878,3993,Modem,Networking,view,,0,2023-10-21,155.0
13336,U0163,1398,Yogurt Maker,Kitchen,purchase,3.7,1,2023-12-17,
13337,U0403,3957,Jacuzzi Pump,Bathroom,wishlist,3.6,0,2023-07-15,
13338,U0882,3251,Sump Pump,Outdoor,view,,0,2024-11-20,76.0
13339,U0935,4721,Terrarium Heater,Pet,view,,0,2024-01-19,170.0
13340,U1573,1612,Sandwich Maker,Kitchen,view,,0,2023-12-11,184.0
13341,U1036,4227,RO Purifier,Bathroom,view,,0,2023-09-11,41.0
13342,U1903,2812,Chapati Maker,Kitchen,purchase,4.4,1,2024-10-15,
13343,U1258,227,RO Purifier,Bathroom,purchase,4.1,1,2023-09-24,
13344,U0758,3148,Smart Plug,Smart Home,view,,0,2024-07-09,32.0
13345,U0290,1187,Television,Entertainment,view,,0,2023-04-04,132.0
13346,U1501,3578,Water Flosser,Personal Care,view,,0,2024-03-08,53.0
13347,U0369,2679,Smart Refrigerator,Kitchen,wishlist,4.8,0,2023-11-28,
13348,U0462,2038,Sous Vide Cooker,Kitchen,view,,0,2024-04-20,152.0
13349,U0584,4088,Video Doorbell,Security,view,,0,2024-05-24,135.0
13350,U0030,3457,Aquarium Filter,Pet,view,,0,2023-01-23,157.0
13351,U1189,411,Scanner,Tools,purchase,5.0,1,2024-11-25,
13352,U0447,1152,Smart Washer,Laundry,wishlist,3.8,0,2023-02-02,
13353,U1064,2560,Foot Massager,Personal Care,purchase,3.4,1,2023-02-03,
13354,U0689,4438,Air Quality Monitor,Smart Home,wishlist,4.4,0,2023-05-21,
13355,U0641,2880,Handheld Vacuum,Cleaning,view,,0,2023-08-18,146.0
13356,U0827,3455,Wall Clock,Decor,view,,0,2023-12-09,220.0
13357,U0075,4283,Floor Polisher,Cleaning,view,,0,2023-08-07,38.0
13358,U0299,2695,Video Doorbell,Security,view,,0,2024-03-09,59.0
13359,U1240,1149,Landline Phone,Smart Home,view,,0,2024-01-26,198.0
13360,U1805,3805,Air Quality Monitor,Smart Home,add_to_cart,,0,2024-10-08,
13361,U0039,1401,Portable Air Conditioner,Climate,view,,0,2024-08-14,17.0
13362,U0084,1939,Smart Switch,Smart Home,view,,0,2024-04-06,87.0
13363,U0227,4193,Television,Entertainment,view,,0,2024-06-04,154.0
13364,U0935,956,Built In Oven,Kitchen,view,,0,2023-11-13,31.0
13365,U1889,4791,Alarm Clock,Decor,purchase,4.5,1,2023-09-25,
13366,U0931,2614,Paper Shredder,Tools,add_to_cart,,0,2024-08-04,
13367,U0573,2030,Aquarium Heater,Pet,add_to_cart,,0,2024-07-06,
13368,U0185,586,Scanner,Tools,purchase,3.2,1,2023-05-28,
13369,U0859,4270,Aquarium Heater,Pet,add_to_cart,,0,2023-09-18,
13370,U0080,2679,Smart Refrigerator,Kitchen,wishlist,5.0,0,2024-08-27,
13371,U1011,4439,Chainsaw,Tools,add_to_cart,,0,2023-02-25,
13372,U1384,2027,Portable Air Conditioner,Climate,wishlist,3.0,0,2024-09-21,
13373,U0315,1425,Home Automation Controller,Networking,purchase,2.7,1,2023-04-03,
13374,U1387,1390,Home Automation Controller,Networking,add_to_cart,,0,2024-05-24,
13375,U0583,75,Clock,Decor,wishlist,4.6,0,2023-12-19,
13376,U1445,384,Yogurt Maker,Kitchen,add_to_cart,,0,2023-07-12,
13377,U0024,2494,Attic Fan,Climate,wishlist,4.3,0,2023-12-11,
13378,U1823,4514,Laminator,Tools,view,,0,2024-04-18,54.0
13379,U0533,1915,Angle Grinder,Tools,purchase,3.1,1,2023-10-22,
13380,U0578,466,Weather Station,Smart Home,view,,0,2024-03-10,26.0
13381,U0295,4177,Home Automation Controller,Networking,view,,0,2023-09-28,20.0
13382,U0220,3211,Set Top Box,Entertainment,add_to_cart,,0,2023-05-06,
13383,U0373,2475,Range Hood,Kitchen,view,,0,2023-01-10,217.0
13384,U1601,1760,DVD Player,Entertainment,view,,0,2023-07-30,290.0
13385,U0006,2320,Smart Curtain Motor,Smart Home,purchase,4.6,1,2023-09-18,
13386,U1626,515,Portable Dishwasher,Cleaning,purchase,4.3,1,2023-03-27,
13387,U1101,3255,Dehumidifier,Climate,add_to_cart,,0,2023-07-03,
13388,U0504,1900,Streaming Device,Entertainment,add_to_cart,,0,2023-02-11,
13389,U0054,316,Streaming Device,Entertainment,purchase,5.0,1,2023-08-15,
13390,U1345,185,Weather Station,Smart Home,purchase,5.0,1,2023-12-25,
13391,U0432,215,Emergency Light,Security,view,,0,2024-04-18,88.0
13392,U0190,3177,Massage Chair,Personal Care,purchase,3.3,1,2024-09-27,
13393,U0883,2042,Kegerator,Hobby,view,,0,2023-11-21,4.0
13394,U1822,1563,Wall Clock,Decor,view,,0,2023-08-30,14.0
13395,U0615,1036,Hair Curler,Personal Care,wishlist,2.9,0,2024-10-14,
13396,U0866,3895,Alarm Clock,Decor,purchase,4.6,1,2023-09-19,
13397,U1929,1552,Espresso Machine,Kitchen,wishlist,5.0,0,2023-08-13,
13398,U0132,2990,Emergency Light,Security,view,,0,2024-07-16,303.0
13399,U1668,3058,Wall Clock,Decor,add_to_cart,,0,2024-11-23,
13400,U1386,3038,Foot Massager,Personal Care,view,,0,2024-04-03,37.0
13401,U1280,36,Drip Coffee Maker,Kitchen,add_to_cart,,0,2024-01-13,
13402,U0452,3016,Video Doorbell,Security,purchase,5.0,1,2023-09-21,
13403,U1664,849,Hair Dryer,Personal Care,purchase,2.0,1,2024-07-02,
13404,U1035,1494,Leaf Blower,Tools,view,,0,2024-12-05,68.0
13405,U0828,2533,Kombucha Maker,Hobby,add_to_cart,,0,2023-03-24,
13406,U0985,956,Built In Oven,Kitchen,purchase,2.6,1,2023-02-28,
13407,U0882,2169,RO Purifier,Bathroom,view,,0,2024-06-24,43.0
13408,U0195,1149,Landline Phone,Smart Home,purchase,2.7,1,2023-04-17,
13409,U0480,4209,Rowing Machine,Fitness,purchase,4.2,1,2023-04-07,
13410,U1115,4666,Air Cooler,Climate,view,,0,2024-08-26,9.0
13411,U0731,897,Freezer,Kitchen,wishlist,5.0,0,2023-02-11,
13412,U0088,2004,Cold Press Juicer,Kitchen,view,,0,2024-06-16,9.0
13413,U0703,1519,UV Water Purifier,Bathroom,wishlist,4.8,0,2024-02-15,
13414,U1745,1967,Smart Thermostat,Climate,purchase,3.3,1,2024-04-28,
13415,U1910,767,Router,Networking,purchase,4.9,1,2024-06-14,
13416,U0161,363,Pressure Washer,Cleaning,purchase,3.0,1,2023-08-17,
13417,U0579,1813,Steam Iron,Laundry,wishlist,4.3,0,2024-07-13,
13418,U1341,3153,Steam Cleaner,Cleaning,wishlist,3.1,0,2024-09-26,
13419,U0876,124,Meat Grinder,Kitchen,view,,0,2023-07-11,84.0
13420,U0464,2557,Clothesline Dryer,Laundry,add_to_cart,,0,2023-03-04,
13421,U1427,4268,Smart TV,Entertainment,view,,0,2023-12-20,207.0
13422,U0934,2032,RO Purifier,Bathroom,view,,0,2023-05-07,517.0
13423,U1319,1062,Food Dehydrator,Kitchen,view,,0,2023-01-12,220.0
13424,U0579,1317,Lint Remover,Laundry,view,,0,2024-01-26,32.0
13425,U1651,2193,Door Intercom,Security,purchase,4.5,1,2023-08-23,
13426,U0238,2997,Jacuzzi Pump,Bathroom,add_to_cart,,0,2023-02-09,
13427,U1559,1261,Wall Clock,Decor,wishlist,3.2,0,2023-04-03,
13428,U0687,1157,Electric Blanket,Personal Care,add_to_cart,,0,2023-04-28,
13429,U0635,3205,UPS,Power,view,,0,2024-11-13,93.0
13430,U0455,3012,Router,Networking,purchase,4.7,1,2024-11-12,
13431,U0459,900,Alarm Clock,Decor,wishlist,4.1,0,2023-01-23,
13432,U1143,1586,Rice Cooker,Kitchen,purchase,4.2,1,2024-12-26,
13433,U1258,4924,Panini Press,Kitchen,add_to_cart,,0,2024-07-01,
13434,U1666,2682,Trimmer,Personal Care,add_to_cart,,0,2023-06-29,
13435,U0660,4596,Floor Polisher,Cleaning,view,,0,2024-04-24,66.0
13436,U0758,3569,WiFi Extender,Networking,wishlist,4.6,0,2024-04-23,
13437,U1543,2753,Weather Station,Smart Home,purchase,2.7,1,2024-07-18,
13438,U0623,4346,Iron,Laundry,add_to_cart,,0,2024-02-10,
13439,U0199,4775,3D Printer,Hobby,wishlist,3.4,0,2023-08-15,
13440,U0312,1649,Smart Switch,Smart Home,view,,0,2023-10-09,0.0
13441,U1399,851,Sewing Machine,Hobby,wishlist,4.3,0,2023-12-27,
13442,U1784,2769,Smoke Detector,Security,wishlist,4.2,0,2024-09-16,
13443,U1304,4234,Exhaust Fan,Climate,view,,0,2023-03-10,178.0
13444,U0305,1225,Range Hood,Kitchen,add_to_cart,,0,2023-01-05,
13445,U0513,4203,Countertop Dishwasher,Cleaning,wishlist,3.4,0,2024-10-04,
13446,U1299,2714,Bidet Seat,Bathroom,purchase,4.8,1,2023-04-02,
13447,U1344,2303,WiFi Extender,Networking,view,,0,2023-04-10,46.0
13448,U0736,340,Jacuzzi Pump,Bathroom,view,,0,2023-11-07,28.0
13449,U0069,1010,Hot Dog Maker,Kitchen,view,,0,2024-10-10,74.0
13450,U0135,2171,Home Automation Controller,Networking,add_to_cart,,0,2023-04-16,
13451,U0402,2030,Aquarium Heater,Pet,view,,0,2023-01-02,36.0
13452,U0758,1563,Wall Clock,Decor,purchase,4.8,1,2024-02-09,
13453,U1460,1188,Portable Dishwasher,Cleaning,view,,0,2023-09-14,148.0
13454,U0037,561,UV Water Purifier,Bathroom,purchase,3.7,1,2023-02-13,
13455,U1286,4015,Smoke Detector,Security,add_to_cart,,0,2023-01-19,
13456,U1061,3096,Steam Cleaner,Cleaning,add_to_cart,,0,2023-07-13,
13457,U0523,4046,Electric Toothbrush,Personal Care,wishlist,4.4,0,2024-04-01,
13458,U0925,1689,Floor Polisher,Cleaning,purchase,3.7,1,2024-09-26,
13459,U0143,2606,Yogurt Maker,Kitchen,purchase,4.9,1,2024-02-03,
13460,U0768,3798,Window Cleaner Robot,Cleaning,add_to_cart,,0,2023-05-19,
13461,U1649,1199,Television,Entertainment,view,,0,2023-08-06,154.0
13462,U0358,4274,Tower Fan,Climate,view,,0,2024-12-25,58.0
13463,U0235,4993,Solar Panel Inverter,Power,purchase,2.3,1,2023-01-01,
13464,U0083,4002,Blu Ray Player,Entertainment,view,,0,2024-08-16,321.0
13465,U1249,2058,Hair Dryer,Personal Care,purchase,4.3,1,2023-01-30,
13466,U1157,2103,Epilator,Personal Care,view,,0,2024-08-20,571.0
13467,U1523,2993,Smart Bulb,Smart Home,purchase,4.2,1,2023-03-08,
13468,U1782,3490,Smart TV,Entertainment,wishlist,3.2,0,2023-05-25,
13469,U1038,3720,Water Dispenser,Kitchen,view,,0,2024-10-29,80.0
13470,U0331,2283,Attic Fan,Climate,purchase,4.2,1,2024-06-04,
13471,U0195,4595,Cooktop,Kitchen,add_to_cart,,0,2024-03-04,
13472,U1598,3662,Heating Pad,Personal Care,add_to_cart,,0,2023-09-11,
13473,U1486,3383,Massage Chair,Personal Care,view,,0,2023-03-07,58.0
13474,U1713,3074,Smart Switch,Smart Home,view,,0,2024-07-06,2.0
13475,U1424,539,Bathroom Exhaust Fan,Bathroom,wishlist,3.3,0,2023-02-26,
13476,U1618,4512,Router,Networking,purchase,4.0,1,2023-04-18,
13477,U1852,2458,Robot Vacuum,Cleaning,view,,0,2023-10-31,49.0
13478,U0247,4469,Digital Safe,Security,view,,0,2023-01-11,209.0
13479,U1614,742,Water Dispenser,Kitchen,add_to_cart,,0,2024-04-15,
13480,U0121,1453,Cotton Candy Machine,Hobby,purchase,4.4,1,2024-09-27,
13481,U1871,1376,Countertop Dishwasher,Cleaning,add_to_cart,,0,2023-01-13,
13482,U1297,2808,Water Boiler,Kitchen,purchase,3.6,1,2023-11-25,
13483,U0372,832,Washing Machine,Laundry,purchase,5.0,1,2024-10-15,
13484,U1137,2037,Massage Chair,Personal Care,add_to_cart,,0,2024-05-10,
13485,U0267,2523,Infrared Sauna,Fitness,purchase,3.9,1,2024-01-02,
13486,U1104,410,Sandwich Maker,Kitchen,view,,0,2023-03-01,20.0
13487,U0612,50,Air Fryer,Kitchen,add_to_cart,,0,2024-04-11,
13488,U1013,4828,Grill Microwave,Kitchen,view,,0,2023-03-06,571.0
13489,U0498,3035,Treadmill,Fitness,purchase,4.2,1,2024-07-27,
13490,U1471,4994,Hair Curler,Personal Care,purchase,4.1,1,2024-08-19,
13491,U0663,138,Built In Microwave,Kitchen,wishlist,5.0,0,2024-10-10,
13492,U0266,921,Projector,Entertainment,view,,0,2023-06-18,370.0
13493,U1457,1400,Jacuzzi Pump,Bathroom,purchase,4.7,1,2024-09-28,
13494,U0044,1142,Built In Oven,Kitchen,view,,0,2024-07-23,12.0
13495,U0202,3231,Dough Maker,Kitchen,purchase,4.1,1,2024-08-25,
13496,U0136,1775,Television,Entertainment,view,,0,2023-11-13,11.0
13497,U1260,3899,Automatic Pet Water Fountain,Pet,add_to_cart,,0,2023-04-12,
13498,U1117,4412,Landline Phone,Smart Home,view,,0,2023-09-05,34.0
13499,U0966,4451,Toaster Oven,Kitchen,view,,0,2024-07-13,71.0
13500,U1522,421,Rowing Machine,Fitness,add_to_cart,,0,2023-11-08,
13501,U0672,2960,Smart Plug,Smart Home,view,,0,2024-05-31,45.0
13502,U0493,3669,Streaming Device,Entertainment,view,,0,2024-06-15,235.0
13503,U0987,2097,Yogurt Maker,Kitchen,view,,0,2023-03-26,38.0
13504,U1109,4844,Water Flosser,Personal Care,add_to_cart,,0,2024-08-29,
13505,U0394,520,Hedge Trimmer,Tools,add_to_cart,,0,2023-03-18,
13506,U1742,2741,Aquarium Filter,Pet,add_to_cart,,0,2023-10-17,
13507,U1184,1481,Heater,Climate,purchase,2.7,1,2023-02-18,
13508,U1800,426,Jacuzzi Pump,Bathroom,view,,0,2024-06-07,3.0
13509,U0300,2159,Table Fan,Climate,add_to_cart,,0,2023-01-28,
13510,U1015,3471,Smart Vacuum,Cleaning,view,,0,2023-05-09,39.0
13511,U0654,1928,Alarm Clock,Decor,purchase,4.4,1,2024-05-30,
13512,U0980,4362,Electric Oven,Kitchen,purchase,2.4,1,2023-03-17,
13513,U1662,1225,Range Hood,Kitchen,view,,0,2024-12-28,240.0
13514,U1348,2400,Smart Dryer,Laundry,add_to_cart,,0,2023-06-08,
13515,U1898,35,Sprinkler System,Tools,wishlist,2.7,0,2024-02-11,
13516,U0727,1455,Garbage Disposal,Kitchen,add_to_cart,,0,2023-09-12,
13517,U0336,1860,Pool Pump,Outdoor,add_to_cart,,0,2024-07-22,
13518,U0277,469,Clock,Decor,purchase,3.5,1,2024-07-27,
13519,U0091,192,WiFi Extender,Networking,view,,0,2024-12-26,9.0
13520,U0388,140,Modem,Networking,view,,0,2024-07-23,76.0
13521,U1656,2023,Wall Clock,Decor,view,,0,2024-04-06,66.0
13522,U1383,1757,Steam Iron,Laundry,view,,0,2023-02-15,33.0
13523,U0975,3188,Extension Cord,Power,view,,0,2023-11-03,184.0
13524,U1765,4517,Vacuum Sealer,Kitchen,view,,0,2024-04-17,39.0
13525,U0793,734,Electric Skillet,Kitchen,purchase,4.9,1,2024-03-05,
13526,U1780,2986,Slow Cooker,Kitchen,add_to_cart,,0,2023-10-06,
13527,U1410,3035,Treadmill,Fitness,view,,0,2024-04-26,33.0
13528,U1678,1217,Smart TV,Entertainment,view,,0,2024-07-09,449.0
13529,U1450,2254,Sprinkler System,Tools,purchase,4.9,1,2024-11-29,
13530,U1901,2396,Bathroom Exhaust Fan,Bathroom,purchase,3.7,1,2024-01-07,
13531,U0410,406,Blu Ray Player,Entertainment,add_to_cart,,0,2023-11-16,
13532,U0586,280,Smart Plug,Smart Home,view,,0,2024-12-20,220.0
13533,U1403,4141,Floor Polisher,Cleaning,purchase,4.1,1,2024-08-14,
13534,U0343,3205,UPS,Power,add_to_cart,,0,2024-06-07,
13535,U0061,78,Sprinkler System,Tools,wishlist,4.6,0,2024-11-14,
13536,U0850,1357,Label Maker,Tools,wishlist,3.8,0,2024-09-25,
13537,U1109,2258,Dishwasher,Cleaning,view,,0,2023-10-11,10.0
13538,U0205,4101,Microwave Oven,Kitchen,view,,0,2024-08-13,20.0
13539,U1538,3547,Electric Skillet,Kitchen,view,,0,2023-04-02,585.0
13540,U0798,2520,Hand Mixer,Kitchen,add_to_cart,,0,2024-10-05,
13541,U0280,508,Carpet Cleaner,Cleaning,add_to_cart,,0,2024-06-07,
13542,U0513,908,Portable Dishwasher,Cleaning,purchase,4.1,1,2024-07-23,
13543,U0773,1481,Heater,Climate,purchase,4.6,1,2024-05-02,
13544,U1116,76,Floor Polisher,Cleaning,view,,0,2024-04-16,250.0
13545,U1837,1879,Air Cooler,Climate,wishlist,3.4,0,2023-02-25,
13546,U1192,96,Electric Shaver,Personal Care,view,,0,2023-05-14,27.0
13547,U0313,1942,Router,Networking,purchase,3.6,1,2024-01-28,
13548,U0945,1443,Knitting Machine,Hobby,view,,0,2024-06-15,140.0
13549,U1063,380,CCTV System,Security,purchase,5.0,1,2024-08-03,
13550,U0281,1251,Sandwich Maker,Kitchen,add_to_cart,,0,2023-06-12,
13551,U1337,1036,Hair Curler,Personal Care,view,,0,2023-12-24,51.0
13552,U0879,4873,Electric Fireplace,Climate,add_to_cart,,0,2023-05-25,
13553,U1650,62,Jacuzzi Pump,Bathroom,view,,0,2023-11-26,69.0
13554,U0874,1831,Panini Press,Kitchen,purchase,4.5,1,2023-02-01,
13555,U0958,488,Subwoofer,Entertainment,purchase,4.4,1,2024-07-17,
13556,U1615,327,Smart Curtain Motor,Smart Home,purchase,5.0,1,2024-01-06,
13557,U0811,3607,Scanner,Tools,view,,0,2023-08-02,245.0
13558,U0456,1724,Space Heater,Climate,add_to_cart,,0,2023-01-05,
13559,U0185,1203,Slow Cooker,Kitchen,purchase,5.0,1,2024-03-20,
13560,U0744,1140,UV Water Purifier,Bathroom,wishlist,3.4,0,2023-12-12,
13561,U1681,3499,Smart TV,Entertainment,view,,0,2023-03-25,91.0
13562,U1854,203,Electric Oven,Kitchen,add_to_cart,,0,2023-03-14,
13563,U1081,3138,Inverter,Power,view,,0,2024-04-03,65.0
13564,U0227,4810,Induction Cooktop,Kitchen,purchase,4.3,1,2024-02-29,
13565,U1821,4960,Aquarium Filter,Pet,view,,0,2023-10-23,403.0
13566,U0207,3793,Electric Skillet,Kitchen,purchase,4.8,1,2023-04-02,
13567,U1736,1860,Pool Pump,Outdoor,add_to_cart,,0,2024-07-31,
13568,U1690,4848,Pool Heater,Outdoor,purchase,4.4,1,2023-08-15,
13569,U0834,2219,Terrarium Heater,Pet,purchase,3.4,1,2024-09-13,
13570,U1918,978,Smart Curtain Motor,Smart Home,view,,0,2024-11-10,77.0
13571,U1005,241,Slow Cooker,Kitchen,view,,0,2023-07-30,80.0
13572,U0038,16,Smart Switch,Smart Home,add_to_cart,,0,2024-08-16,
13573,U0357,3439,Electric Toothbrush,Personal Care,view,,0,2024-10-15,41.0
13574,U1112,1533,Toaster,Kitchen,view,,0,2023-11-20,179.0
13575,U1313,2449,Washer Dryer Combo,Laundry,add_to_cart,,0,2023-03-11,
13576,U1572,4917,Rice Cooker,Kitchen,view,,0,2023-02-22,40.0
13577,U1576,404,Alarm Clock,Decor,add_to_cart,,0,2024-12-12,
13578,U1434,1268,Convection Microwave,Kitchen,add_to_cart,,0,2024-08-31,
13579,U1194,4208,Electric Tandoor,Kitchen,purchase,4.5,1,2023-02-18,
13580,U0744,1256,Water Softener,Bathroom,wishlist,2.1,0,2023-03-01,
13581,U0200,3688,Electric Lunch Box,Kitchen,add_to_cart,,0,2024-05-17,
13582,U0497,4958,Electric Toothbrush,Personal Care,purchase,5.0,1,2023-06-12,
13583,U1088,2183,Foot Massager,Personal Care,view,,0,2023-02-26,181.0
13584,U1446,1125,Table Fan,Climate,purchase,4.2,1,2024-06-14,
13585,U1731,4700,Table Fan,Climate,view,,0,2023-03-18,169.0
13586,U1664,4428,Pet Feeder,Pet,add_to_cart,,0,2024-10-28,
13587,U0690,4785,Hand Mixer,Kitchen,purchase,4.2,1,2024-12-16,
13588,U1109,2249,Bread Maker,Kitchen,view,,0,2023-11-21,5.0
13589,U0365,3448,Video Doorbell,Security,view,,0,2024-08-10,493.0
13590,U1991,595,Electric Drill,Tools,add_to_cart,,0,2023-08-02,
13591,U1788,602,Pool Heater,Outdoor,add_to_cart,,0,2023-01-15,
13592,U1377,2497,3D Printer,Hobby,view,,0,2023-04-03,87.0
13593,U1581,3446,Gas Stove,Kitchen,view,,0,2023-05-26,89.0
13594,U0588,1437,Aquarium Filter,Pet,add_to_cart,,0,2023-07-14,
13595,U1000,338,Electric Stove,Kitchen,view,,0,2024-03-07,392.0
13596,U1394,123,CCTV System,Security,view,,0,2024-06-28,646.0
13597,U1929,4775,3D Printer,Hobby,view,,0,2024-12-23,238.0
13598,U1243,747,Scanner,Tools,add_to_cart,,0,2023-07-07,
13599,U1752,1928,Alarm Clock,Decor,wishlist,5.0,0,2024-06-01,
13600,U0545,3875,Smart Hub,Networking,view,,0,2023-02-14,16.0
13601,U0762,1871,Heating Pad,Personal Care,view,,0,2024-04-09,117.0
13602,U1017,2869,Modem,Networking,add_to_cart,,0,2023-02-10,
13603,U0557,227,RO Purifier,Bathroom,view,,0,2023-01-11,65.0
13604,U0568,4298,Aquarium Filter,Pet,view,,0,2024-05-31,133.0
13605,U0027,3217,Robot Vacuum,Cleaning,purchase,4.5,1,2023-05-06,
13606,U1276,4220,Water Flosser,Personal Care,add_to_cart,,0,2023-03-29,
13607,U1981,1352,Label Maker,Tools,purchase,3.8,1,2024-05-01,
13608,U0736,1437,Aquarium Filter,Pet,wishlist,4.4,0,2023-06-29,
13609,U1873,2602,Electric Oven,Kitchen,wishlist,4.6,0,2023-10-15,
13610,U0193,437,Yogurt Maker,Kitchen,view,,0,2023-12-29,17.0
13611,U0512,4171,Pressure Washer,Cleaning,purchase,4.4,1,2024-02-01,
13612,U0073,896,Water Boiler,Kitchen,add_to_cart,,0,2024-11-08,
13613,U1467,8,Hair Curler,Personal Care,purchase,2.5,1,2024-07-07,
13614,U0816,1135,Smart Air Conditioner,Climate,view,,0,2024-09-15,70.0
13615,U0212,2774,Aquarium Filter,Pet,view,,0,2023-09-23,43.0
13616,U1402,2031,WiFi Extender,Networking,add_to_cart,,0,2024-06-20,
13617,U0462,752,Geyser,Bathroom,add_to_cart,,0,2024-08-20,
13618,U1599,4966,Hand Mixer,Kitchen,add_to_cart,,0,2023-08-03,
13619,U0446,2677,Clothes Dryer,Laundry,purchase,4.2,1,2023-03-17,
13620,U0298,4692,Electric Oven,Kitchen,purchase,3.6,1,2024-07-24,
13621,U1952,1058,Smart Bulb,Smart Home,purchase,2.2,1,2023-02-18,
13622,U0797,1868,Network Attached Storage,Networking,wishlist,3.3,0,2024-10-05,
13623,U0775,4882,Vacuum Cleaner,Cleaning,purchase,3.2,1,2023-03-25,
13624,U1384,4230,Television,Entertainment,add_to_cart,,0,2023-01-31,
13625,U1107,3315,Sump Pump,Outdoor,purchase,2.2,1,2023-01-25,
13626,U0713,2796,Electric Tandoor,Kitchen,view,,0,2024-11-05,129.0
13627,U0840,1457,Terrarium Heater,Pet,add_to_cart,,0,2024-09-23,
13628,U0327,586,Scanner,Tools,purchase,3.8,1,2023-02-02,
13629,U1011,3604,Heating Pad,Personal Care,add_to_cart,,0,2023-08-17,
13630,U1858,299,Door Intercom,Security,purchase,3.2,1,2023-04-07,
13631,U0156,572,Clothesline Dryer,Laundry,view,,0,2024-08-08,123.0
13632,U1839,1598,Hot Plate,Kitchen,purchase,5.0,1,2024-10-10,
13633,U0200,422,Toaster,Kitchen,view,,0,2024-10-19,128.0
13634,U0003,4864,Vacuum Cleaner,Cleaning,view,,0,2024-11-02,38.0
13635,U1097,234,Milk Frother,Kitchen,add_to_cart,,0,2023-09-16,
13636,U0412,4845,Boot Warmer,Laundry,purchase,5.0,1,2024-01-13,
13637,U0937,2615,Router,Networking,wishlist,5.0,0,2024-10-15,
13638,U0099,2240,Toaster,Kitchen,purchase,5.0,1,2024-11-15,
13639,U0419,2220,Smart Oven,Kitchen,purchase,4.2,1,2023-02-01,
13640,U0552,3665,Table Fan,Climate,wishlist,4.9,0,2024-07-22,
13641,U0208,1750,Smoke Detector,Security,purchase,3.9,1,2024-05-13,
13642,U0932,2920,Cooktop,Kitchen,wishlist,4.2,0,2023-01-25,
13643,U1441,476,Terrarium Heater,Pet,add_to_cart,,0,2024-10-27,
13644,U0117,3984,Bathroom Exhaust Fan,Bathroom,add_to_cart,,0,2023-12-07,
13645,U1036,4903,RO Purifier,Bathroom,purchase,4.8,1,2024-11-09,
13646,U1039,4203,Countertop Dishwasher,Cleaning,view,,0,2023-12-29,102.0
13647,U1621,3148,Smart Plug,Smart Home,purchase,3.6,1,2024-02-12,
13648,U1041,4675,Smart Thermostat,Climate,purchase,3.1,1,2024-03-20,
13649,U0456,1175,Space Heater,Climate,view,,0,2023-11-16,53.0
13650,U0739,2424,Aquarium Heater,Pet,view,,0,2024-07-12,150.0
13651,U1266,947,DVD Player,Entertainment,purchase,5.0,1,2024-12-14,
13652,U1464,479,Cold Press Juicer,Kitchen,purchase,5.0,1,2024-01-10,
13653,U1502,3058,Wall Clock,Decor,add_to_cart,,0,2024-12-28,
13654,U0735,1283,Smart Oven,Kitchen,purchase,5.0,1,2024-08-17,
13655,U1477,4713,Knitting Machine,Hobby,wishlist,4.4,0,2024-01-18,
13656,U0094,318,Smart Lock,Security,purchase,5.0,1,2023-09-25,
13657,U1440,4565,Wall Clock,Decor,view,,0,2023-07-31,0.0
13658,U1418,1415,Fabric Shaver,Laundry,wishlist,4.5,0,2024-11-25,
13659,U0827,186,Wall Clock,Decor,purchase,5.0,1,2023-10-22,
13660,U0792,2022,Hot Dog Maker,Kitchen,add_to_cart,,0,2023-01-18,
13661,U0006,4438,Air Quality Monitor,Smart Home,view,,0,2023-11-22,202.0
13662,U0574,1664,Bladeless Fan,Climate,add_to_cart,,0,2024-11-30,
13663,U1801,3654,Aquarium Filter,Pet,view,,0,2023-12-03,49.0
13664,U0836,3231,Dough Maker,Kitchen,wishlist,4.4,0,2023-12-12,
13665,U1206,545,Bread Maker,Kitchen,view,,0,2024-10-16,473.0
13666,U0491,3189,Ceiling Fan,Climate,add_to_cart,,0,2024-05-17,
13667,U0388,1276,Hair Straightener,Personal Care,view,,0,2023-07-28,85.0
13668,U1578,1183,Electric Stove,Kitchen,wishlist,4.3,0,2024-02-22,
13669,U1931,3344,Hair Straightener,Personal Care,view,,0,2024-09-05,2.0
13670,U1235,2827,Handheld Vacuum,Cleaning,view,,0,2023-07-04,49.0
13671,U1470,4723,Streaming Device,Entertainment,purchase,3.3,1,2023-10-27,
13672,U0105,4581,Handheld Vacuum,Cleaning,view,,0,2023-04-22,27.0
13673,U1786,3074,Smart Switch,Smart Home,add_to_cart,,0,2024-02-08,
13674,U0823,4738,Aquarium Filter,Pet,add_to_cart,,0,2023-06-24,
13675,U0105,4151,DVD Player,Entertainment,add_to_cart,,0,2024-05-17,
13676,U0329,253,Smart Lock,Security,view,,0,2024-08-30,24.0
13677,U1132,3508,Water Flosser,Personal Care,view,,0,2024-06-17,80.0
13678,U0062,670,Smart Thermostat,Climate,view,,0,2024-07-22,51.0
13679,U0071,4213,Aquarium Heater,Pet,add_to_cart,,0,2023-08-30,
13680,U0144,1896,Citrus Juicer,Kitchen,view,,0,2024-03-30,57.0
13681,U1616,1710,Subwoofer,Entertainment,wishlist,4.8,0,2023-02-01,
13682,U1692,3797,Printer,Tools,view,,0,2024-06-27,27.0
13683,U1971,2549,Water Flosser,Personal Care,purchase,5.0,1,2024-01-29,
13684,U0888,4567,Carbon Monoxide Detector,Security,wishlist,3.7,0,2023-01-06,
13685,U1304,1672,Electric Knife,Kitchen,add_to_cart,,0,2024-03-16,
13686,U0983,4828,Grill Microwave,Kitchen,purchase,3.7,1,2023-03-02,
13687,U1942,4218,Wall Clock,Decor,purchase,3.5,1,2024-01-17,
13688,U1788,2652,Massager,Personal Care,purchase,4.0,1,2023-04-23,
13689,U0917,3383,Massage Chair,Personal Care,add_to_cart,,0,2023-05-17,
13690,U1499,3139,Induction Oven,Kitchen,add_to_cart,,0,2023-12-12,
13691,U0036,1036,Hair Curler,Personal Care,wishlist,2.8,0,2024-10-27,
13692,U1987,2492,Chapati Maker,Kitchen,view,,0,2024-01-09,118.0
13693,U0776,2024,Chainsaw,Tools,view,,0,2023-07-26,72.0
13694,U1406,4730,Crepe Maker,Kitchen,view,,0,2024-12-25,7.0
13695,U0279,1331,Water Dispenser,Kitchen,view,,0,2024-12-29,46.0
13696,U0942,2339,WiFi Extender,Networking,wishlist,5.0,0,2023-03-24,
13697,U0454,2167,Power Strip,Power,wishlist,4.7,0,2023-10-30,
13698,U0617,964,Panini Press,Kitchen,view,,0,2023-08-25,36.0
13699,U0813,138,Built In Microwave,Kitchen,view,,0,2024-11-15,62.0
13700,U1971,1046,Air Fryer,Kitchen,view,,0,2024-07-13,120.0
13701,U1956,4345,Convection Microwave,Kitchen,add_to_cart,,0,2024-06-18,
13702,U1315,58,Printer,Tools,purchase,4.4,1,2024-01-17,
13703,U1170,4387,Jacuzzi Pump,Bathroom,wishlist,2.7,0,2023-03-28,
13704,U0545,186,Wall Clock,Decor,view,,0,2023-07-29,391.0
13705,U0223,4228,Hair Curler,Personal Care,add_to_cart,,0,2023-08-24,
13706,U0153,53,Smart Door Lock,Security,purchase,2.8,1,2023-10-10,
13707,U0881,3991,Water Pump,Outdoor,view,,0,2024-10-07,148.0
13708,U1124,673,Coffee Grinder,Kitchen,add_to_cart,,0,2024-12-17,
13709,U0158,2392,Geyser,Bathroom,purchase,5.0,1,2024-10-22,
13710,U1516,2458,Robot Vacuum,Cleaning,purchase,2.8,1,2023-01-26,
13711,U0823,228,Chapati Maker,Kitchen,purchase,4.8,1,2024-02-02,
13712,U0492,3369,Water Pump,Outdoor,add_to_cart,,0,2024-01-13,
13713,U1177,2565,Automatic Pet Water Fountain,Pet,purchase,3.3,1,2024-11-17,
13714,U1372,648,Label Maker,Tools,add_to_cart,,0,2024-05-14,
13715,U0097,9,Printer,Tools,wishlist,4.2,0,2023-10-11,
13716,U1531,4567,Carbon Monoxide Detector,Security,add_to_cart,,0,2024-07-15,
13717,U0099,611,Air Fryer,Kitchen,purchase,4.3,1,2024-01-11,
13718,U1432,2869,Modem,Networking,view,,0,2024-07-16,158.0
13719,U0773,1120,Central Air Conditioner,Climate,add_to_cart,,0,2023-08-01,
13720,U1241,3374,Smart Lock,Security,purchase,4.3,1,2023-12-31,
13721,U1737,2974,Misting Fan,Climate,view,,0,2024-03-29,274.0
13722,U1385,3966,Electric Tandoor,Kitchen,add_to_cart,,0,2023-01-15,
13723,U1702,2921,Food Dehydrator,Kitchen,add_to_cart,,0,2023-06-14,
13724,U1352,2618,Garage Door Motor,Outdoor,view,,0,2024-07-17,151.0
13725,U1884,3919,Bidet Seat,Bathroom,add_to_cart,,0,2024-02-06,
13726,U0210,1101,Emergency Light,Security,add_to_cart,,0,2024-10-17,
13727,U0112,2435,Aquarium Filter,Pet,add_to_cart,,0,2024-08-29,
13728,U0904,353,Smart TV,Entertainment,purchase,5.0,1,2023-07-25,
13729,U1104,4079,Electric Tandoor,Kitchen,add_to_cart,,0,2024-06-08,
13730,U0484,1644,Basement Dehumidifier,Outdoor,view,,0,2023-10-23,229.0
13731,U0961,1518,Printer,Tools,view,,0,2023-06-13,60.0
13732,U1992,811,Geyser,Bathroom,view,,0,2023-12-06,7.0
13733,U0575,4255,Handheld Vacuum,Cleaning,purchase,3.4,1,2024-03-25,
13734,U0146,359,Home Brewing Kit,Hobby,purchase,2.0,1,2024-09-02,
13735,U1091,164,Landline Phone,Smart Home,purchase,4.4,1,2024-05-16,
13736,U0415,4449,Space Heater,Climate,view,,0,2024-12-26,533.0
13737,U0215,3187,Deep Fryer,Kitchen,view,,0,2023-11-21,124.0
13738,U1601,874,Chapati Maker,Kitchen,add_to_cart,,0,2023-06-04,
13739,U0837,3099,Range Hood,Kitchen,add_to_cart,,0,2024-07-28,
13740,U0229,4655,Exhaust Fan,Climate,purchase,4.9,1,2023-06-13,
13741,U0491,2140,3D Printer,Hobby,view,,0,2023-11-10,279.0
13742,U0421,4365,Trash Compactor,Kitchen,purchase,3.1,1,2023-07-26,
13743,U1565,1192,Electric Blanket,Personal Care,purchase,4.5,1,2024-04-18,
13744,U0633,4104,Sprinkler System,Tools,view,,0,2023-08-19,168.0
13745,U0471,3458,Kegerator,Hobby,view,,0,2023-10-01,113.0
13746,U1891,1385,OTG Oven,Kitchen,view,,0,2024-05-14,8.0
13747,U0305,2930,Jacuzzi Pump,Bathroom,view,,0,2023-06-01,19.0
13748,U1688,3128,Emergency Light,Security,wishlist,4.1,0,2024-01-04,
13749,U1360,366,Window Air Conditioner,Climate,purchase,4.4,1,2023-04-09,
13750,U1090,4200,Window Cleaner Robot,Cleaning,purchase,5.0,1,2023-01-12,
13751,U0422,818,Electric Tandoor,Kitchen,wishlist,4.3,0,2024-06-02,
13752,U0421,3670,Convection Microwave,Kitchen,add_to_cart,,0,2023-12-17,
13753,U0733,3436,Freezer,Kitchen,add_to_cart,,0,2023-07-21,
13754,U0816,4268,Smart TV,Entertainment,wishlist,1.2,0,2024-07-29,
13755,U1324,3897,Hair Straightener,Personal Care,purchase,5.0,1,2023-04-28,
13756,U1319,4223,Chainsaw,Tools,wishlist,5.0,0,2024-08-25,
13757,U1777,1755,Lawn Mower,Tools,purchase,4.6,1,2023-04-14,
13758,U0673,3444,Home Sauna,Fitness,add_to_cart,,0,2024-10-05,
13759,U0128,1007,Modem,Networking,view,,0,2023-11-30,76.0
13760,U1682,1701,Aquarium Filter,Pet,add_to_cart,,0,2024-12-21,
13761,U1354,4617,Extension Cord,Power,view,,0,2023-01-10,61.0
13762,U0210,1004,Emergency Light,Security,add_to_cart,,0,2024-04-05,
13763,U0805,2623,Basement Dehumidifier,Outdoor,view,,0,2024-07-05,164.0
13764,U1161,1009,Rice Cooker,Kitchen,purchase,3.7,1,2024-08-27,
13765,U1435,305,Power Strip,Power,view,,0,2023-06-04,26.0
13766,U1367,2437,Hair Dryer,Personal Care,purchase,2.7,1,2024-04-18,
13767,U0167,2134,Massage Chair,Personal Care,view,,0,2024-12-17,44.0
13768,U1370,4014,Trimmer,Personal Care,purchase,3.8,1,2024-07-12,
13769,U0802,2229,Voltage Stabilizer,Power,add_to_cart,,0,2024-03-23,
13770,U0871,1276,Hair Straightener,Personal Care,purchase,3.8,1,2024-01-15,
13771,U0179,219,Home Brewing Kit,Hobby,view,,0,2023-07-23,35.0
13772,U1899,824,Fan,Climate,add_to_cart,,0,2023-01-20,
13773,U0216,3694,Window Cleaner Robot,Cleaning,view,,0,2024-10-12,379.0
13774,U0689,4200,Window Cleaner Robot,Cleaning,purchase,4.2,1,2024-08-27,
13775,U0854,1466,Solar Panel Inverter,Power,view,,0,2024-01-05,22.0
13776,U0495,2747,Smart Hub,Networking,view,,0,2023-10-30,117.0
13777,U1743,785,Angle Grinder,Tools,view,,0,2024-06-13,100.0
13778,U0221,3114,Automatic Pet Water Fountain,Pet,view,,0,2024-05-18,536.0
13779,U1891,3256,Electric Kettle,Kitchen,view,,0,2024-02-14,158.0
13780,U1683,4685,Jacuzzi Pump,Bathroom,wishlist,4.6,0,2023-10-09,
13781,U1533,3416,Smart Dryer,Laundry,add_to_cart,,0,2023-04-03,
13782,U1509,1135,Smart Air Conditioner,Climate,wishlist,1.8,0,2023-04-27,
13783,U1995,4237,Vacuum Sealer,Kitchen,wishlist,3.2,0,2023-02-13,
13784,U0020,1856,Home Theater System,Entertainment,view,,0,2024-07-01,292.0
13785,U1493,99,Built In Refrigerator,Kitchen,purchase,5.0,1,2023-07-02,
13786,U1781,1388,Air Cooler,Climate,purchase,3.2,1,2023-06-03,
13787,U0646,3684,Water Pump,Outdoor,wishlist,4.6,0,2023-02-17,
13788,U1097,931,Printer,Tools,wishlist,4.0,0,2023-09-25,
13789,U0820,3336,Dishwasher,Cleaning,view,,0,2024-12-20,254.0
13790,U0446,4113,Mixer Grinder,Kitchen,add_to_cart,,0,2024-03-12,
13791,U0796,4058,Trimmer,Personal Care,view,,0,2023-04-15,87.0
13792,U1169,2351,Clothesline Dryer,Laundry,purchase,5.0,1,2024-12-25,
13793,U0589,3328,Solar Water Heater,Power,view,,0,2023-08-02,123.0
13794,U1980,3813,Speakers,Entertainment,purchase,4.6,1,2023-10-28,
13795,U1810,2243,Portable Air Conditioner,Climate,purchase,2.6,1,2023-09-01,
13796,U1547,4635,Clothesline Dryer,Laundry,add_to_cart,,0,2024-09-12,
13797,U0809,3336,Dishwasher,Cleaning,wishlist,2.3,0,2023-07-13,
13798,U0858,3190,Extension Cord,Power,view,,0,2024-12-22,17.0
13799,U0603,1143,Convection Microwave,Kitchen,add_to_cart,,0,2024-12-25,
13800,U0810,2204,Cotton Candy Machine,Hobby,view,,0,2024-10-31,24.0
13801,U1277,921,Projector,Entertainment,view,,0,2024-06-30,363.0
13802,U0757,3363,Garment Steamer,Laundry,add_to_cart,,0,2024-12-21,
13803,U1950,3809,Hair Dryer,Personal Care,view,,0,2023-04-28,123.0
13804,U1167,3120,Tea Maker,Kitchen,purchase,5.0,1,2024-10-01,
13805,U1107,906,Window Air Conditioner,Climate,add_to_cart,,0,2024-03-16,
13806,U0225,2519,Portable Dishwasher,Cleaning,wishlist,4.1,0,2024-01-06,
13807,U0508,2990,Emergency Light,Security,purchase,5.0,1,2024-10-14,
13808,U0085,4415,Alarm System,Security,view,,0,2024-05-23,27.0
13809,U0494,3116,Steam Cleaner,Cleaning,purchase,3.5,1,2024-08-15,
13810,U0783,1231,OTG Oven,Kitchen,view,,0,2024-02-28,24.0
13811,U1949,2139,Hair Curler,Personal Care,add_to_cart,,0,2023-07-26,
13812,U1754,2887,Boot Warmer,Laundry,wishlist,3.3,0,2024-04-03,
13813,U1507,1046,Air Fryer,Kitchen,view,,0,2024-08-11,11.0
13814,U0262,825,Window Cleaner Robot,Cleaning,add_to_cart,,0,2023-04-02,
13815,U0275,3450,Iron,Laundry,add_to_cart,,0,2023-09-27,
13816,U1783,747,Scanner,Tools,purchase,2.7,1,2023-07-01,
13817,U1771,3122,Gas Stove,Kitchen,add_to_cart,,0,2023-08-09,
13818,U0056,3122,Gas Stove,Kitchen,purchase,3.2,1,2024-10-12,
13819,U1699,1226,Countertop Dishwasher,Cleaning,add_to_cart,,0,2023-02-11,
13820,U1771,3422,Jacuzzi Pump,Bathroom,view,,0,2023-04-04,198.0
13821,U0056,652,Solo Microwave,Kitchen,add_to_cart,,0,2023-04-08,
13822,U1483,1734,Set Top Box,Entertainment,add_to_cart,,0,2024-02-13,
13823,U0524,1723,Window Cleaner Robot,Cleaning,wishlist,5.0,0,2023-02-11,
13824,U1182,4276,Heating Pad,Personal Care,purchase,4.6,1,2023-11-28,
13825,U1740,4361,Landline Phone,Smart Home,purchase,4.5,1,2023-05-04,
13826,U0992,2516,Clothesline Dryer,Laundry,view,,0,2023-08-22,141.0
13827,U0265,1945,Dough Maker,Kitchen,view,,0,2023-05-23,67.0
13828,U0644,4400,Scanner,Tools,wishlist,4.3,0,2024-08-14,
13829,U1403,4786,Smart Refrigerator,Kitchen,purchase,4.7,1,2024-05-19,
13830,U0086,3251,Sump Pump,Outdoor,view,,0,2023-11-08,59.0
13831,U1587,517,Electric Fireplace,Climate,view,,0,2024-11-14,99.0
13832,U1786,1423,Electric Kettle,Kitchen,view,,0,2023-06-04,42.0
13833,U0757,3560,Carpet Cleaner,Cleaning,view,,0,2023-04-11,70.0
13834,U1680,842,Humidifier,Climate,purchase,3.7,1,2023-11-15,
13835,U1751,3607,Scanner,Tools,purchase,5.0,1,2023-09-10,
13836,U1814,4343,Trimmer,Personal Care,purchase,4.3,1,2023-03-25,
13837,U0718,4325,Drip Coffee Maker,Kitchen,purchase,4.2,1,2024-03-12,
13838,U0381,722,3D Printer,Hobby,view,,0,2023-11-22,29.0
13839,U1855,2547,Wall Clock,Decor,purchase,4.9,1,2023-02-10,
13840,U0309,1992,Infrared Sauna,Fitness,view,,0,2023-08-19,51.0
13841,U1777,3163,Electric Shaver,Personal Care,view,,0,2024-07-15,0.0
13842,U1043,419,Infrared Sauna,Fitness,purchase,3.0,1,2024-07-25,
13843,U0859,2011,Tankless Water Heater,Bathroom,purchase,4.4,1,2023-09-07,
13844,U0746,1676,Bread Maker,Kitchen,view,,0,2023-01-04,28.0
13845,U0416,2741,Aquarium Filter,Pet,view,,0,2023-09-19,160.0
13846,U0858,669,Mini Fridge,Kitchen,view,,0,2023-06-18,11.0
13847,U0356,1915,Angle Grinder,Tools,add_to_cart,,0,2023-04-18,
13848,U0339,274,Slow Cooker,Kitchen,view,,0,2023-11-21,84.0
13849,U1323,4207,Clock,Decor,add_to_cart,,0,2024-08-31,
13850,U1588,2403,Smart Switch,Smart Home,view,,0,2023-12-05,95.0
13851,U1189,1232,Electric Toothbrush,Personal Care,view,,0,2023-11-22,116.0
13852,U0467,1127,Lawn Mower,Tools,add_to_cart,,0,2024-09-29,
13853,U1478,2421,Water Heater,Bathroom,purchase,4.0,1,2024-07-08,
13854,U0915,1953,RO Purifier,Bathroom,view,,0,2024-02-28,70.0
13855,U0481,1028,Wall Clock,Decor,view,,0,2024-10-12,83.0
13856,U0946,1024,Electric Stove,Kitchen,view,,0,2023-09-03,10.0
13857,U1559,1746,Robot Vacuum,Cleaning,view,,0,2023-04-03,20.0
13858,U0534,2505,Countertop Dishwasher,Cleaning,view,,0,2023-03-11,144.0
13859,U0048,3212,Emergency Light,Security,purchase,4.3,1,2023-07-10,
13860,U1753,671,Foot Massager,Personal Care,add_to_cart,,0,2023-09-03,
13861,U1533,1508,Pet Feeder,Pet,add_to_cart,,0,2024-11-13,
13862,U0725,334,Home Brewing Kit,Hobby,add_to_cart,,0,2023-11-25,
13863,U1992,4319,Smart Switch,Smart Home,view,,0,2023-07-18,6.0
13864,U1872,3261,Automatic Pet Water Fountain,Pet,purchase,3.0,1,2023-09-06,
13865,U1381,2548,Air Quality Monitor,Smart Home,purchase,3.8,1,2024-05-02,
13866,U0777,24,Sprinkler System,Tools,purchase,4.3,1,2023-06-13,
13867,U0336,2524,Steam Iron,Laundry,add_to_cart,,0,2023-02-01,
13868,U1944,2217,Hair Curler,Personal Care,view,,0,2024-04-11,247.0
13869,U0855,2761,Panini Press,Kitchen,purchase,4.2,1,2024-12-31,
13870,U1388,4589,Blu Ray Player,Entertainment,add_to_cart,,0,2023-08-03,
13871,U1065,1577,Hair Straightener,Personal Care,view,,0,2023-10-18,81.0
13872,U1526,2144,WiFi Extender,Networking,wishlist,4.1,0,2023-07-31,
13873,U0487,2019,Air Fryer,Kitchen,view,,0,2024-11-22,46.0
13874,U1729,3276,Weather Station,Smart Home,wishlist,4.5,0,2023-06-08,
13875,U1284,4160,Mini Fridge,Kitchen,add_to_cart,,0,2024-12-28,
13876,U0692,4369,Garbage Disposal,Kitchen,add_to_cart,,0,2024-03-04,
13877,U1970,2161,Home Brewing Kit,Hobby,view,,0,2023-05-15,65.0
13878,U1973,1976,Sous Vide Cooker,Kitchen,view,,0,2023-04-21,11.0
13879,U0587,2990,Emergency Light,Security,add_to_cart,,0,2024-01-02,
13880,U1117,135,Smart Lock,Security,view,,0,2024-10-01,18.0
13881,U1744,2781,Meat Grinder,Kitchen,wishlist,4.6,0,2023-09-14,
13882,U1910,3462,Ice Maker,Kitchen,wishlist,4.2,0,2023-04-03,
13883,U0131,3869,Massager,Personal Care,add_to_cart,,0,2023-08-24,
13884,U1145,1897,UV Water Purifier,Bathroom,add_to_cart,,0,2024-10-17,
13885,U0135,4982,Can Opener,Kitchen,view,,0,2024-03-02,54.0
13886,U0635,4865,Extension Cord,Power,add_to_cart,,0,2024-12-14,
13887,U1329,2517,Induction Cooktop,Kitchen,view,,0,2024-01-23,162.0
13888,U0826,3788,Window Cleaner Robot,Cleaning,view,,0,2024-12-12,233.0
13889,U1678,3038,Foot Massager,Personal Care,purchase,3.6,1,2024-02-09,
13890,U1205,3420,Ice Maker,Kitchen,wishlist,4.1,0,2023-01-06,
13891,U1133,4725,Foot Massager,Personal Care,view,,0,2023-08-18,253.0
13892,U0451,61,Electric Stove,Kitchen,view,,0,2024-09-17,71.0
13893,U1551,1098,Automatic Pet Water Fountain,Pet,add_to_cart,,0,2024-03-28,
13894,U1156,2452,Smart Switch,Smart Home,add_to_cart,,0,2024-08-21,
13895,U1671,3307,Automatic Pet Water Fountain,Pet,add_to_cart,,0,2024-03-31,
13896,U1437,3422,Jacuzzi Pump,Bathroom,view,,0,2024-07-02,53.0
13897,U1751,4799,Trimmer,Personal Care,purchase,4.1,1,2024-10-22,
13898,U1261,3426,Trash Compactor,Kitchen,purchase,4.9,1,2023-06-14,
13899,U1237,2060,Alarm Clock,Decor,add_to_cart,,0,2023-10-12,
13900,U0158,397,Ice Cream Maker,Kitchen,wishlist,4.5,0,2023-02-11,
13901,U0330,1021,Sewing Machine,Hobby,purchase,3.7,1,2024-07-03,
13902,U1644,653,Electric Pressure Cooker,Kitchen,add_to_cart,,0,2024-06-21,
13903,U0240,4539,Electric Knife,Kitchen,purchase,3.5,1,2023-12-21,
13904,U1482,3868,Massager,Personal Care,wishlist,4.7,0,2023-07-06,
13905,U0005,3019,Hair Curler,Personal Care,add_to_cart,,0,2023-06-06,
13906,U1825,2552,Citrus Juicer,Kitchen,add_to_cart,,0,2023-08-20,
13907,U1170,825,Window Cleaner Robot,Cleaning,view,,0,2023-06-29,260.0
13908,U0155,636,Home Automation Controller,Networking,purchase,3.3,1,2023-05-27,
13909,U1098,4841,Kombucha Maker,Hobby,view,,0,2024-10-31,7.0
13910,U1964,4068,Massage Chair,Personal Care,add_to_cart,,0,2024-08-08,
13911,U0917,1145,Air Cooler,Climate,purchase,5.0,1,2024-12-24,
13912,U1471,533,Food Processor,Kitchen,add_to_cart,,0,2024-10-17,
13913,U0887,718,Modem,Networking,purchase,4.7,1,2024-09-01,
13914,U0157,2190,Security Camera,Security,add_to_cart,,0,2024-12-27,
13915,U0804,2109,Weather Station,Smart Home,view,,0,2023-12-01,216.0
13916,U1492,1842,Humidifier,Climate,purchase,5.0,1,2023-01-02,
13917,U0741,2414,Jacuzzi Pump,Bathroom,purchase,4.8,1,2023-07-08,
13918,U0909,1435,Exhaust Fan,Climate,wishlist,4.6,0,2024-01-25,
13919,U0985,4945,Network Attached Storage,Networking,view,,0,2023-05-02,125.0
13920,U1210,4476,Smart Air Conditioner,Climate,view,,0,2023-05-26,39.0
13921,U0204,3087,Electric Fireplace,Climate,add_to_cart,,0,2023-07-29,
13922,U0443,3652,Smart TV,Entertainment,wishlist,2.5,0,2024-08-07,
13923,U1243,4213,Aquarium Heater,Pet,view,,0,2023-03-21,113.0
13924,U1782,3992,Subwoofer,Entertainment,view,,0,2024-02-21,14.0
13925,U1031,4249,Water Filter,Bathroom,add_to_cart,,0,2023-08-06,
13926,U1162,670,Smart Thermostat,Climate,view,,0,2024-01-27,71.0
13927,U0504,3428,Modem,Networking,view,,0,2024-06-18,0.0
13928,U1018,1484,Air Purifier,Climate,purchase,3.6,1,2023-08-27,
13929,U0441,774,Carbon Monoxide Detector,Security,wishlist,4.0,0,2024-10-31,
13930,U1039,2556,Basement Dehumidifier,Outdoor,view,,0,2024-09-23,0.0
13931,U1127,1949,Network Attached Storage,Networking,wishlist,4.0,0,2024-05-02,
13932,U1932,1376,Countertop Dishwasher,Cleaning,view,,0,2023-08-10,23.0
13933,U1316,1104,Speakers,Entertainment,view,,0,2024-03-05,60.0
13934,U1196,3993,Modem,Networking,add_to_cart,,0,2023-02-18,
13935,U1866,4461,Range Hood,Kitchen,view,,0,2023-11-12,214.0
13936,U0045,4035,Foot Massager,Personal Care,view,,0,2024-01-01,86.0
13937,U1592,4100,Projector,Entertainment,purchase,3.4,1,2023-07-18,
13938,U1913,1601,Humidifier,Climate,purchase,3.6,1,2024-01-06,
13939,U0576,3460,Electric Fireplace,Climate,view,,0,2023-11-22,109.0
13940,U0819,3089,Built In Microwave,Kitchen,wishlist,4.1,0,2024-05-30,
13941,U0999,581,Pet Feeder,Pet,view,,0,2023-11-21,57.0
13942,U0814,3229,Misting Fan,Climate,view,,0,2023-01-04,318.0
13943,U1344,824,Fan,Climate,purchase,4.5,1,2024-09-26,
13944,U0959,2901,Voltage Stabilizer,Power,purchase,5.0,1,2023-06-02,
13945,U1054,2595,Pool Pump,Outdoor,add_to_cart,,0,2024-09-11,
13946,U0014,3538,Popcorn Maker,Kitchen,add_to_cart,,0,2024-04-20,
13947,U0604,1055,Carpet Cleaner,Cleaning,view,,0,2024-04-21,197.0
13948,U0583,3770,Smart Switch,Smart Home,view,,0,2023-06-19,52.0
13949,U0841,4164,Chainsaw,Tools,purchase,2.4,1,2023-12-17,
13950,U1638,385,Power Strip,Power,purchase,4.2,1,2024-08-15,
13951,U0899,466,Weather Station,Smart Home,view,,0,2024-03-24,0.0
13952,U0213,2345,Weather Station,Smart Home,view,,0,2023-10-25,152.0
13953,U0268,4330,Wine Cooler,Kitchen,purchase,4.4,1,2024-09-14,
13954,U0334,909,UPS,Power,purchase,3.1,1,2023-02-03,
13955,U1282,3405,Smart Plug,Smart Home,view,,0,2023-05-24,123.0
13956,U1205,1003,Modem,Networking,purchase,4.7,1,2023-06-05,
13957,U1204,3576,Massage Chair,Personal Care,add_to_cart,,0,2023-06-27,
13958,U0466,4440,DVD Player,Entertainment,purchase,2.4,1,2024-08-15,
13959,U1218,4418,RO Purifier,Bathroom,purchase,3.2,1,2024-06-26,
13960,U0057,4786,Smart Refrigerator,Kitchen,purchase,4.8,1,2024-08-27,
13961,U1106,3116,Steam Cleaner,Cleaning,purchase,4.2,1,2023-05-29,
13962,U0278,3654,Aquarium Filter,Pet,wishlist,4.0,0,2024-08-15,
13963,U0842,472,Pool Heater,Outdoor,purchase,5.0,1,2023-01-15,
13964,U0683,1699,Range Hood,Kitchen,view,,0,2024-10-12,156.0
13965,U0847,3522,Cooktop,Kitchen,add_to_cart,,0,2023-03-18,
13966,U1269,3202,Slow Cooker,Kitchen,purchase,3.1,1,2023-09-21,
13967,U0889,2525,Electric Kettle,Kitchen,purchase,3.3,1,2023-10-11,
13968,U0478,789,Induction Oven,Kitchen,purchase,4.5,1,2024-04-13,
13969,U1248,4202,Handheld Vacuum,Cleaning,view,,0,2024-01-26,32.0
13970,U0449,789,Induction Oven,Kitchen,view,,0,2024-12-23,72.0
13971,U0061,1627,Electric Vehicle Charger,Power,purchase,3.8,1,2023-07-29,
13972,U1240,1701,Aquarium Filter,Pet,add_to_cart,,0,2024-11-18,
13973,U1856,2580,WiFi Extender,Networking,add_to_cart,,0,2024-06-29,
13974,U0028,4536,Vacuum Sealer,Kitchen,view,,0,2024-05-27,86.0
13975,U1211,4069,Coffee Maker,Kitchen,add_to_cart,,0,2023-06-06,
13976,U0485,968,Smart TV,Entertainment,view,,0,2023-10-29,77.0
13977,U1657,3341,Aquarium Filter,Pet,add_to_cart,,0,2024-08-30,
13978,U0064,1750,Smoke Detector,Security,purchase,4.7,1,2023-10-13,
13979,U0382,137,Knitting Machine,Hobby,view,,0,2024-03-15,67.0
13980,U1224,1237,Treadmill,Fitness,add_to_cart,,0,2023-09-08,
13981,U0786,3461,Mini Washing Machine,Laundry,purchase,4.2,1,2024-10-29,
13982,U1117,2458,Robot Vacuum,Cleaning,add_to_cart,,0,2023-02-06,
13983,U1744,2268,Rowing Machine,Fitness,view,,0,2024-02-10,61.0
13984,U0739,2848,Ceiling Fan,Climate,add_to_cart,,0,2023-02-14,
13985,U0500,3770,Smart Switch,Smart Home,view,,0,2024-12-10,66.0
13986,U1306,51,Carpet Cleaner,Cleaning,purchase,4.4,1,2024-02-08,
13987,U0639,1292,Electric Scooter Charger,Power,purchase,4.0,1,2024-12-07,
13988,U0639,4430,Streaming Device,Entertainment,view,,0,2024-02-25,325.0
13989,U0562,3881,Trash Compactor,Kitchen,view,,0,2023-06-21,19.0
13990,U0320,4111,Pressure Washer,Cleaning,purchase,4.5,1,2023-10-05,
13991,U1266,3421,Popcorn Maker,Kitchen,wishlist,4.3,0,2024-07-08,
13992,U0923,3229,Misting Fan,Climate,view,,0,2024-01-27,19.0
13993,U1070,3417,Kegerator,Hobby,view,,0,2023-05-09,11.0
13994,U1824,2742,Water Softener,Bathroom,view,,0,2023-03-16,13.0
13995,U0401,1728,Built In Refrigerator,Kitchen,purchase,3.6,1,2023-06-14,
13996,U1314,3261,Automatic Pet Water Fountain,Pet,add_to_cart,,0,2023-07-21,
13997,U1355,497,Smart Bulb,Smart Home,purchase,4.9,1,2024-08-15,
13998,U0746,1895,Portable Dishwasher,Cleaning,view,,0,2023-12-15,2.0
13999,U1113,1148,Heating Pad,Personal Care,view,,0,2023-10-05,304.0
14000,U1479,2631,Exercise Bike,Fitness,view,,0,2023-01-18,32.0
14001,U1453,2571,Wall Clock,Decor,view,,0,2023-03-06,143.0
14002,U0140,2276,Pool Heater,Outdoor,view,,0,2024-01-24,36.0
14003,U0897,3478,Basement Dehumidifier,Outdoor,view,,0,2023-11-04,424.0
14004,U1100,1701,Aquarium Filter,Pet,view,,0,2024-06-09,49.0
14005,U1066,4665,Inverter,Power,purchase,3.4,1,2024-12-28,
14006,U0579,2465,Lint Remover,Laundry,view,,0,2023-05-09,107.0
14007,U0233,2006,Home Automation Controller,Networking,purchase,2.5,1,2023-06-18,
14008,U0227,998,Smart Air Conditioner,Climate,add_to_cart,,0,2024-02-24,
14009,U0083,1293,Electric Tandoor,Kitchen,view,,0,2023-10-29,213.0
14010,U1289,1506,Thermostat,Climate,view,,0,2024-06-18,119.0
14011,U0538,3752,Electric Knife,Kitchen,view,,0,2023-12-19,281.0
14012,U1616,3498,Laminator,Tools,view,,0,2023-05-10,15.0
14013,U1901,2625,Bathroom Exhaust Fan,Bathroom,add_to_cart,,0,2024-05-31,
14014,U1150,186,Wall Clock,Decor,view,,0,2024-01-27,38.0
14015,U0596,2085,Electric Fireplace,Climate,wishlist,4.4,0,2024-11-07,
14016,U0090,3032,Tankless Water Heater,Bathroom,add_to_cart,,0,2023-06-29,
14017,U1364,543,Grill Microwave,Kitchen,add_to_cart,,0,2023-07-31,
14018,U0480,974,Booster Pump,Outdoor,add_to_cart,,0,2024-06-22,
14019,U1873,2215,DVD Player,Entertainment,view,,0,2024-12-19,134.0
14020,U1205,176,Range Hood,Kitchen,wishlist,3.6,0,2024-10-18,
14021,U1869,3594,Smart Curtain Motor,Smart Home,purchase,4.2,1,2023-03-16,
14022,U0653,3310,OTG Oven,Kitchen,view,,0,2023-04-04,223.0
14023,U1846,1844,Automatic Pet Water Fountain,Pet,purchase,2.7,1,2023-12-22,
14024,U1714,3676,Hot Plate,Kitchen,view,,0,2024-04-30,144.0
14025,U1251,3035,Treadmill,Fitness,add_to_cart,,0,2023-01-29,
14026,U1618,2990,Emergency Light,Security,add_to_cart,,0,2023-09-27,
14027,U1508,2286,Water Heater,Bathroom,view,,0,2023-09-08,120.0
14028,U0155,3472,Door Intercom,Security,purchase,3.2,1,2024-11-15,
14029,U1134,3846,Electric Blanket,Personal Care,purchase,4.2,1,2024-03-15,
14030,U1805,4268,Smart TV,Entertainment,view,,0,2024-09-07,70.0
14031,U1787,4834,Deep Fryer,Kitchen,purchase,4.0,1,2023-11-28,
14032,U0916,4053,Home Automation Controller,Networking,view,,0,2024-07-21,48.0
14033,U0412,895,Smart Speaker,Entertainment,purchase,4.3,1,2023-12-21,
14034,U1702,1388,Air Cooler,Climate,purchase,4.7,1,2024-09-23,
14035,U0184,432,Floor Polisher,Cleaning,wishlist,5.0,0,2024-07-26,
14036,U1407,2045,Washer Dryer Combo,Laundry,add_to_cart,,0,2024-08-30,
14037,U1377,4073,Mixer Grinder,Kitchen,add_to_cart,,0,2024-08-09,
14038,U0054,1512,Food Dehydrator,Kitchen,view,,0,2024-06-28,164.0
14039,U0349,2792,Automatic Pet Water Fountain,Pet,view,,0,2024-12-24,57.0
14040,U0980,4171,Pressure Washer,Cleaning,purchase,4.2,1,2024-05-16,
14041,U0683,1409,Carpet Cleaner,Cleaning,view,,0,2023-09-10,0.0
14042,U0037,680,Angle Grinder,Tools,purchase,3.1,1,2023-01-05,
14043,U0887,2365,Weather Station,Smart Home,add_to_cart,,0,2024-03-27,
14044,U1209,271,Set Top Box,Entertainment,purchase,3.4,1,2023-10-09,
14045,U0715,3057,Knitting Machine,Hobby,view,,0,2024-03-17,84.0
14046,U0207,484,Pressure Cooker,Kitchen,view,,0,2023-11-05,0.0
14047,U1473,1309,RO Purifier,Bathroom,add_to_cart,,0,2024-04-01,
14048,U0048,3244,Ice Cream Maker,Kitchen,view,,0,2024-03-11,118.0
14049,U1019,528,Solo Microwave,Kitchen,purchase,3.8,1,2024-05-11,
14050,U0154,3183,Pet Feeder,Pet,add_to_cart,,0,2024-08-03,
14051,U0900,2597,Smart Bulb,Smart Home,purchase,4.1,1,2023-09-03,
14052,U0982,3235,Portable Air Conditioner,Climate,add_to_cart,,0,2024-01-08,
14053,U1961,452,Electric Vehicle Charger,Power,view,,0,2024-12-30,51.0
14054,U1586,1560,Hair Curler,Personal Care,view,,0,2023-10-26,20.0
14055,U0813,1411,Aquarium Heater,Pet,add_to_cart,,0,2023-08-25,
14056,U0076,1465,Handheld Vacuum,Cleaning,view,,0,2024-03-18,4.0
14057,U0190,3411,Solar Panel Inverter,Power,wishlist,3.1,0,2024-07-12,
14058,U0916,193,Water Heater,Bathroom,add_to_cart,,0,2024-07-02,
14059,U1549,784,Rice Cooker,Kitchen,purchase,4.5,1,2024-03-07,
14060,U0888,4795,Massager,Personal Care,add_to_cart,,0,2023-09-15,
14061,U1573,3984,Bathroom Exhaust Fan,Bathroom,purchase,4.1,1,2024-09-07,
14062,U1938,656,Hedge Trimmer,Tools,purchase,3.1,1,2023-12-16,
14063,U1185,3770,Smart Switch,Smart Home,view,,0,2024-01-14,60.0
14064,U1147,2489,Drip Coffee Maker,Kitchen,add_to_cart,,0,2023-03-20,
14065,U1526,3802,Washer Dryer Combo,Laundry,view,,0,2023-02-13,0.0
14066,U1734,2366,UPS,Power,view,,0,2023-01-12,258.0
14067,U0531,2553,Pool Heater,Outdoor,add_to_cart,,0,2024-06-17,
14068,U1763,4980,Smart Curtain Motor,Smart Home,view,,0,2023-09-27,113.0
14069,U1744,656,Hedge Trimmer,Tools,purchase,4.7,1,2023-10-09,
14070,U1553,3635,Electric Shaver,Personal Care,view,,0,2024-08-28,57.0
14071,U1524,2525,Electric Kettle,Kitchen,view,,0,2024-08-09,55.0
14072,U1935,4239,Air Quality Monitor,Smart Home,wishlist,3.5,0,2023-11-04,
14073,U1470,32,Hand Mixer,Kitchen,purchase,5.0,1,2023-09-04,
14074,U0236,1281,Television,Entertainment,purchase,4.4,1,2023-04-26,
14075,U1487,2267,Carpet Cleaner,Cleaning,view,,0,2023-01-16,259.0
14076,U0739,2684,Laminator,Tools,purchase,4.4,1,2024-01-15,
14077,U0609,2118,Electric Pressure Cooker,Kitchen,view,,0,2023-08-21,94.0
14078,U0798,4234,Exhaust Fan,Climate,view,,0,2024-05-31,213.0
14079,U1405,1514,Set Top Box,Entertainment,purchase,3.7,1,2024-01-28,
14080,U1713,1924,Smart Switch,Smart Home,purchase,4.4,1,2023-12-26,
14081,U1378,2030,Aquarium Heater,Pet,add_to_cart,,0,2024-05-21,
14082,U0546,3607,Scanner,Tools,wishlist,4.5,0,2024-09-13,
14083,U0639,256,Fan,Climate,purchase,4.8,1,2023-03-30,
14084,U1057,1285,Smart Door Lock,Security,add_to_cart,,0,2024-12-13,
14085,U0048,4674,Rice Cooker,Kitchen,view,,0,2024-07-18,117.0
14086,U0172,92,Handheld Vacuum,Cleaning,purchase,3.3,1,2023-11-14,
14087,U0551,2442,Toaster Oven,Kitchen,view,,0,2024-09-01,171.0
14088,U1303,3730,Terrarium Heater,Pet,add_to_cart,,0,2023-08-04,
14089,U0582,1,Door Intercom,Security,view,,0,2023-10-01,719.0
14090,U0291,1187,Television,Entertainment,purchase,2.7,1,2024-09-26,
14091,U0575,3058,Wall Clock,Decor,purchase,5.0,1,2023-12-02,
14092,U1492,1635,Router,Networking,view,,0,2024-06-18,175.0
14093,U1414,2257,Electric Mop,Cleaning,view,,0,2024-04-18,0.0
14094,U1037,2645,Wall Clock,Decor,purchase,4.8,1,2024-09-07,
14095,U0194,419,Infrared Sauna,Fitness,purchase,5.0,1,2024-10-02,
14096,U0642,4496,Exhaust Fan,Climate,view,,0,2024-05-18,16.0
14097,U1403,12,Wall Clock,Decor,add_to_cart,,0,2023-10-23,
14098,U0318,978,Smart Curtain Motor,Smart Home,view,,0,2023-04-29,52.0
14099,U0662,1421,Mini Washing Machine,Laundry,view,,0,2024-11-10,2.0
14100,U1684,1125,Table Fan,Climate,view,,0,2023-02-27,17.0
14101,U1603,4443,Hot Plate,Kitchen,purchase,3.5,1,2024-07-05,
14102,U0176,4636,Juicer,Kitchen,purchase,5.0,1,2024-10-06,
14103,U1395,1525,WiFi Extender,Networking,purchase,5.0,1,2024-07-27,
14104,U0733,239,Rice Cooker,Kitchen,wishlist,4.0,0,2023-05-14,
14105,U0744,1401,Portable Air Conditioner,Climate,wishlist,3.3,0,2023-10-12,
14106,U1660,4537,Booster Pump,Outdoor,view,,0,2023-04-20,84.0
14107,U1521,2784,Fabric Shaver,Laundry,view,,0,2023-11-10,258.0
14108,U1428,3982,Exercise Bike,Fitness,purchase,4.5,1,2023-07-23,
14109,U1863,2913,Cotton Candy Machine,Hobby,add_to_cart,,0,2024-10-24,
14110,U1488,3721,Air Fryer,Kitchen,purchase,4.7,1,2023-10-13,
14111,U1153,1702,Pet Feeder,Pet,view,,0,2024-02-20,16.0
14112,U1172,2755,Heating Pad,Personal Care,add_to_cart,,0,2023-02-07,
14113,U0488,1225,Range Hood,Kitchen,purchase,4.1,1,2023-11-05,
14114,U0580,3042,Door Intercom,Security,add_to_cart,,0,2023-07-11,
14115,U0290,297,Electric Knife,Kitchen,wishlist,5.0,0,2024-12-28,
14116,U0546,1527,Weather Station,Smart Home,purchase,4.5,1,2023-04-20,
14117,U1747,3751,Citrus Juicer,Kitchen,view,,0,2023-10-13,309.0
14118,U1937,2593,Air Conditioner,Climate,add_to_cart,,0,2023-08-10,
14119,U0409,36,Drip Coffee Maker,Kitchen,add_to_cart,,0,2023-01-22,
14120,U0477,2519,Portable Dishwasher,Cleaning,view,,0,2023-02-06,118.0
14121,U1788,2700,Shoe Dryer,Laundry,purchase,3.5,1,2023-06-28,
14122,U0106,168,Electric Mop,Cleaning,add_to_cart,,0,2023-10-10,
14123,U1941,3191,Paper Shredder,Tools,purchase,3.7,1,2023-06-19,
14124,U1717,1215,Milk Frother,Kitchen,view,,0,2024-11-20,264.0
14125,U1812,4638,Television,Entertainment,add_to_cart,,0,2023-09-04,
14126,U1109,3359,Towel Warmer,Bathroom,view,,0,2023-07-19,273.0
14127,U0383,2435,Aquarium Filter,Pet,view,,0,2024-01-24,7.0
14128,U0301,3613,Electric Mop,Cleaning,purchase,4.2,1,2023-01-26,
14129,U0055,2181,Induction Cooktop,Kitchen,add_to_cart,,0,2024-12-15,
14130,U0594,785,Angle Grinder,Tools,view,,0,2023-03-13,50.0
14131,U1408,2974,Misting Fan,Climate,view,,0,2024-07-31,712.0
14132,U0991,3474,Aquarium Heater,Pet,view,,0,2024-08-16,331.0
14133,U0531,391,Electric Pressure Cooker,Kitchen,purchase,4.4,1,2023-04-19,
14134,U0542,3476,Smart Refrigerator,Kitchen,purchase,4.0,1,2023-05-05,
14135,U0709,3252,Hair Curler,Personal Care,view,,0,2024-12-18,50.0
14136,U0675,1975,Label Maker,Tools,purchase,4.9,1,2023-03-07,
14137,U0445,340,Jacuzzi Pump,Bathroom,add_to_cart,,0,2024-09-20,
14138,U0007,549,Smart Lock,Security,purchase,3.9,1,2024-10-06,
14139,U1057,1227,Hair Curler,Personal Care,wishlist,4.2,0,2024-04-21,
14140,U0583,548,Paper Shredder,Tools,purchase,4.9,1,2023-02-23,
14141,U1917,2006,Home Automation Controller,Networking,view,,0,2023-03-12,138.0
14142,U1598,2173,Basement Dehumidifier,Outdoor,view,,0,2023-10-06,124.0
14143,U1273,4538,Bladeless Fan,Climate,view,,0,2024-09-20,179.0
14144,U0073,3918,Cooktop,Kitchen,purchase,3.9,1,2024-12-01,
14145,U1304,3010,Electric Shaver,Personal Care,view,,0,2024-02-24,96.0
14146,U1432,2006,Home Automation Controller,Networking,wishlist,4.4,0,2023-04-26,
14147,U0515,4027,Boot Warmer,Laundry,view,,0,2024-12-30,34.0
14148,U1386,437,Yogurt Maker,Kitchen,purchase,4.3,1,2023-12-09,
14149,U0769,4589,Blu Ray Player,Entertainment,add_to_cart,,0,2023-03-18,
14150,U1097,3138,Inverter,Power,view,,0,2024-09-23,7.0
14151,U1843,1016,Smart Garage Door Opener,Security,purchase,3.3,1,2023-11-16,
14152,U1624,4390,Tower Fan,Climate,view,,0,2023-11-16,75.0
14153,U0123,3770,Smart Switch,Smart Home,wishlist,2.8,0,2024-06-19,
14154,U1748,1716,Network Attached Storage,Networking,view,,0,2023-07-24,22.0
14155,U1436,3218,Electric Oven,Kitchen,view,,0,2024-12-21,35.0
14156,U1971,1893,Electric Oven,Kitchen,view,,0,2023-10-19,141.0
14157,U0949,4706,Slush Machine,Hobby,purchase,4.6,1,2024-03-31,
14158,U1516,4103,Electric Mop,Cleaning,view,,0,2023-05-13,205.0
14159,U1152,4042,Basement Dehumidifier,Outdoor,purchase,5.0,1,2023-05-08,
14160,U0267,1190,Infrared Sauna,Fitness,add_to_cart,,0,2024-12-04,
14161,U0514,1773,Trash Compactor,Kitchen,purchase,2.2,1,2023-05-21,
14162,U0891,2488,Home Sauna,Fitness,view,,0,2024-09-04,76.0
14163,U1537,4942,Soundbar,Entertainment,add_to_cart,,0,2024-11-07,
14164,U1236,2757,Angle Grinder,Tools,purchase,4.1,1,2024-01-04,
14165,U1139,88,Induction Oven,Kitchen,purchase,4.7,1,2023-07-03,
14166,U0490,3589,Boot Warmer,Laundry,view,,0,2023-04-24,275.0
14167,U0883,4603,Electric Knife,Kitchen,purchase,3.0,1,2023-12-07,
14168,U0043,208,Smart Lock,Security,purchase,3.2,1,2023-10-22,
14169,U0009,4749,Smart Bulb,Smart Home,view,,0,2023-06-24,324.0
14170,U1392,3604,Heating Pad,Personal Care,add_to_cart,,0,2023-07-14,
14171,U0673,4565,Wall Clock,Decor,view,,0,2024-07-12,79.0
14172,U1106,1698,Terrarium Heater,Pet,view,,0,2024-09-21,108.0
14173,U1464,672,Aquarium Filter,Pet,add_to_cart,,0,2023-10-17,
14174,U1691,575,Electric Drill,Tools,add_to_cart,,0,2023-02-12,
14175,U0135,608,Rice Cooker,Kitchen,view,,0,2024-12-10,240.0
14176,U1890,4725,Foot Massager,Personal Care,purchase,5.0,1,2024-02-12,
14177,U1914,999,Voltage Stabilizer,Power,view,,0,2023-11-11,28.0
14178,U0403,369,Water Softener,Bathroom,view,,0,2024-11-07,259.0
14179,U1988,488,Subwoofer,Entertainment,purchase,3.9,1,2023-02-04,
14180,U1806,2589,Fabric Shaver,Laundry,add_to_cart,,0,2024-10-14,
14181,U1933,115,Hair Straightener,Personal Care,view,,0,2024-07-09,496.0
14182,U1109,4441,Bathroom Exhaust Fan,Bathroom,purchase,5.0,1,2023-01-23,
14183,U0251,753,Jacuzzi Pump,Bathroom,purchase,3.3,1,2024-10-08,
14184,U1918,461,Smart Washer,Laundry,view,,0,2024-12-02,34.0
14185,U1889,623,Bathroom Exhaust Fan,Bathroom,view,,0,2024-03-08,173.0
14186,U0558,1225,Range Hood,Kitchen,purchase,2.9,1,2024-07-26,
14187,U0590,3116,Steam Cleaner,Cleaning,add_to_cart,,0,2024-07-10,
14188,U0962,1221,Smart Plug,Smart Home,view,,0,2024-04-17,164.0
14189,U1828,3837,Gaming Console,Entertainment,add_to_cart,,0,2024-06-20,
14190,U1907,1102,Steam Iron,Laundry,add_to_cart,,0,2024-01-17,
14191,U0553,3532,Electric Vehicle Charger,Power,view,,0,2024-02-24,151.0
14192,U1524,3626,Exhaust Fan,Climate,view,,0,2024-05-02,70.0
14193,U1497,4960,Aquarium Filter,Pet,view,,0,2024-06-08,381.0
14194,U0680,4833,Chainsaw,Tools,view,,0,2023-01-23,83.0
14195,U0542,192,WiFi Extender,Networking,purchase,2.9,1,2023-12-04,
14196,U1501,2886,Convection Microwave,Kitchen,add_to_cart,,0,2023-05-25,
14197,U1303,4218,Wall Clock,Decor,view,,0,2023-08-15,133.0
14198,U1577,3772,Modem,Networking,view,,0,2024-03-07,74.0
14199,U0084,2262,Air Quality Monitor,Smart Home,view,,0,2024-04-04,72.0
14200,U0902,3559,Attic Fan,Climate,purchase,5.0,1,2023-02-16,
14201,U1412,4734,Smart Garage Door Opener,Security,view,,0,2024-11-23,296.0
14202,U0564,1628,Refrigerator,Kitchen,add_to_cart,,0,2023-01-14,
14203,U0737,4738,Aquarium Filter,Pet,add_to_cart,,0,2024-05-26,
14204,U0975,1833,Food Dehydrator,Kitchen,add_to_cart,,0,2023-04-04,
14205,U0327,4047,Geyser,Bathroom,view,,0,2023-12-18,269.0
14206,U1469,3928,Smart TV,Entertainment,wishlist,5.0,0,2024-06-04,
14207,U1814,1702,Pet Feeder,Pet,view,,0,2023-01-15,3.0
14208,U1728,2218,Heating Pad,Personal Care,purchase,4.6,1,2023-12-07,
14209,U1573,3033,Home Server,Networking,view,,0,2024-02-21,5.0
14210,U1277,3619,Smart TV,Entertainment,add_to_cart,,0,2024-03-16,
14211,U1212,1664,Bladeless Fan,Climate,view,,0,2023-03-06,62.0
14212,U1963,53,Smart Door Lock,Security,view,,0,2023-02-09,367.0
14213,U0418,3404,Foot Massager,Personal Care,purchase,2.5,1,2023-09-05,
14214,U1520,4403,Dishwasher,Cleaning,add_to_cart,,0,2024-11-08,
14215,U1482,4871,Jacuzzi Pump,Bathroom,view,,0,2024-07-08,116.0
14216,U1040,4905,DVD Player,Entertainment,view,,0,2023-12-04,124.0
14217,U0113,2742,Water Softener,Bathroom,add_to_cart,,0,2023-06-28,
14218,U0942,1007,Modem,Networking,view,,0,2024-01-02,140.0
14219,U0656,2146,Water Boiler,Kitchen,purchase,4.7,1,2024-08-16,
14220,U1459,2272,Range Hood,Kitchen,view,,0,2023-06-04,103.0
14221,U1957,2795,Garment Steamer,Laundry,wishlist,4.5,0,2023-08-13,
14222,U0336,80,Electric Knife,Kitchen,purchase,3.0,1,2023-09-05,
14223,U1072,62,Jacuzzi Pump,Bathroom,view,,0,2023-07-14,83.0
14224,U0844,8,Hair Curler,Personal Care,view,,0,2023-01-11,202.0
14225,U1218,4288,Trimmer,Personal Care,view,,0,2024-10-23,177.0
14226,U0663,3187,Deep Fryer,Kitchen,view,,0,2023-07-30,36.0
14227,U0905,527,Heating Pad,Personal Care,view,,0,2023-09-25,25.0
14228,U0816,2260,Modem,Networking,add_to_cart,,0,2023-12-26,
14229,U0370,2789,Exhaust Fan,Climate,wishlist,4.7,0,2023-03-09,
14230,U1844,497,Smart Bulb,Smart Home,add_to_cart,,0,2023-10-15,
14231,U0689,3836,Floor Polisher,Cleaning,wishlist,3.5,0,2023-08-04,
14232,U0121,3508,Water Flosser,Personal Care,view,,0,2023-09-26,33.0
14233,U1084,2389,Emergency Light,Security,view,,0,2023-07-20,8.0
14234,U1426,1670,Electric Tandoor,Kitchen,wishlist,4.3,0,2023-09-04,
14235,U1927,1422,Lawn Mower,Tools,purchase,4.4,1,2023-12-14,
14236,U0889,4395,Robot Vacuum,Cleaning,view,,0,2023-03-22,50.0
14237,U1483,4272,Waffle Maker,Kitchen,add_to_cart,,0,2024-08-29,
14238,U1000,2733,Carpet Cleaner,Cleaning,view,,0,2024-06-07,68.0
14239,U0554,1155,Grill Microwave,Kitchen,view,,0,2024-05-26,94.0
14240,U0612,3525,Water Filter,Bathroom,add_to_cart,,0,2023-06-23,
14241,U0073,1052,Citrus Juicer,Kitchen,purchase,4.2,1,2024-09-05,
14242,U0719,515,Portable Dishwasher,Cleaning,add_to_cart,,0,2024-06-13,
14243,U0305,681,Smart Refrigerator,Kitchen,view,,0,2023-05-19,136.0
14244,U0751,695,Slush Machine,Hobby,view,,0,2024-08-31,30.0
14245,U0409,3241,Food Dehydrator,Kitchen,view,,0,2024-10-06,79.0
14246,U1052,1613,Central Vacuum System,Cleaning,wishlist,4.1,0,2023-10-17,
14247,U0475,1507,Ceiling Fan,Climate,add_to_cart,,0,2024-12-22,
14248,U1415,2770,Roti Maker,Kitchen,view,,0,2023-02-26,568.0
14249,U0348,3993,Modem,Networking,purchase,3.7,1,2023-04-29,
14250,U1960,1922,Aquarium Filter,Pet,view,,0,2024-10-30,85.0
14251,U1073,61,Electric Stove,Kitchen,add_to_cart,,0,2023-09-29,
14252,U0171,674,Water Pump,Outdoor,view,,0,2024-07-26,206.0
14253,U0128,1619,Space Heater,Climate,view,,0,2023-08-24,14.0
14254,U1359,2515,Bidet Seat,Bathroom,view,,0,2024-11-14,253.0
14255,U0929,1550,Cooktop,Kitchen,purchase,4.6,1,2023-05-04,
14256,U1046,4644,Handheld Vacuum,Cleaning,add_to_cart,,0,2023-05-10,
14257,U0138,2429,Grill Microwave,Kitchen,view,,0,2024-03-07,246.0
14258,U0866,952,Clock,Decor,view,,0,2024-05-29,30.0
14259,U1452,1941,Home Automation Controller,Networking,purchase,4.5,1,2023-06-14,
14260,U0215,2104,Washing Machine,Laundry,purchase,3.9,1,2024-09-24,
14261,U1161,2045,Washer Dryer Combo,Laundry,view,,0,2023-11-19,130.0
14262,U0335,3508,Water Flosser,Personal Care,view,,0,2023-08-21,183.0
14263,U1895,495,Label Maker,Tools,wishlist,4.3,0,2024-03-13,
14264,U0193,1314,Ice Crusher,Kitchen,add_to_cart,,0,2024-11-19,
14265,U1094,4086,Blender,Kitchen,purchase,4.8,1,2024-10-15,
14266,U0959,143,Foot Massager,Personal Care,view,,0,2024-09-08,196.0
14267,U1233,4027,Boot Warmer,Laundry,purchase,4.2,1,2024-05-15,
14268,U1682,4327,Air Quality Monitor,Smart Home,view,,0,2024-01-22,189.0
14269,U1815,2339,WiFi Extender,Networking,wishlist,4.7,0,2023-05-24,
14270,U0292,3646,Iron,Laundry,add_to_cart,,0,2024-04-14,
14271,U0029,1975,Label Maker,Tools,purchase,4.1,1,2024-12-03,
14272,U0285,4050,Home Automation Controller,Networking,add_to_cart,,0,2024-03-18,
14273,U0886,2122,Pressure Washer,Cleaning,add_to_cart,,0,2024-10-13,
14274,U1445,4357,Trimmer,Personal Care,purchase,4.2,1,2023-07-30,
14275,U1552,1708,Angle Grinder,Tools,view,,0,2023-09-02,64.0
14276,U1410,113,Smart Speaker,Entertainment,view,,0,2023-10-27,223.0
14277,U0795,4575,Electric Stove,Kitchen,purchase,4.3,1,2024-03-11,
14278,U0248,3425,Electric Pressure Cooker,Kitchen,purchase,5.0,1,2023-06-21,
14279,U0029,1570,Tankless Water Heater,Bathroom,purchase,5.0,1,2023-11-28,
14280,U1661,4800,Electric Lunch Box,Kitchen,view,,0,2024-07-11,233.0
14281,U1703,2867,Terrarium Heater,Pet,purchase,4.1,1,2024-02-29,
14282,U1404,2346,Modem,Networking,add_to_cart,,0,2024-02-05,
14283,U1979,2860,Smart Plug,Smart Home,purchase,4.8,1,2023-06-07,
14284,U1946,2798,Central Air Conditioner,Climate,purchase,3.2,1,2024-03-06,
14285,U0064,4568,Espresso Machine,Kitchen,view,,0,2024-09-04,42.0
14286,U1997,1323,Air Purifier,Climate,purchase,5.0,1,2024-12-13,
14287,U0371,1475,Sprinkler System,Tools,add_to_cart,,0,2024-01-14,
14288,U0877,3187,Deep Fryer,Kitchen,add_to_cart,,0,2023-02-14,
14289,U0007,3874,Laminator,Tools,wishlist,4.6,0,2023-04-20,
14290,U0933,4222,Smart Refrigerator,Kitchen,add_to_cart,,0,2023-10-11,
14291,U1423,219,Home Brewing Kit,Hobby,view,,0,2024-04-05,93.0
14292,U0131,4614,Milk Frother,Kitchen,purchase,4.6,1,2024-06-16,
14293,U0999,4143,Terrarium Heater,Pet,view,,0,2023-11-08,19.0
14294,U0345,457,Pressure Cooker,Kitchen,add_to_cart,,0,2024-01-01,
14295,U0416,1770,3D Printer,Hobby,purchase,4.4,1,2023-03-28,
14296,U1459,3740,Cooktop,Kitchen,view,,0,2023-05-11,33.0
14297,U0535,740,Aquarium Filter,Pet,wishlist,3.6,0,2024-09-04,
14298,U1485,2298,Electric Oven,Kitchen,purchase,4.5,1,2024-07-07,
14299,U0591,1959,Window Cleaner Robot,Cleaning,view,,0,2024-05-15,121.0
14300,U1105,3311,Security Camera,Security,view,,0,2024-05-11,49.0
14301,U1455,4183,Water Flosser,Personal Care,add_to_cart,,0,2023-06-12,
14302,U0902,4316,Smart Garage Door Opener,Security,view,,0,2023-06-23,12.0
14303,U0529,1130,Smart Thermostat,Climate,view,,0,2023-06-13,389.0
14304,U0450,1334,Jacuzzi Pump,Bathroom,view,,0,2024-11-15,57.0
14305,U1225,194,RO Purifier,Bathroom,view,,0,2023-10-12,153.0
14306,U1332,3812,Hand Mixer,Kitchen,purchase,5.0,1,2023-12-08,
14307,U0502,1999,Built In Microwave,Kitchen,view,,0,2024-01-01,27.0
14308,U1121,4945,Network Attached Storage,Networking,add_to_cart,,0,2023-03-20,
14309,U1589,1649,Smart Switch,Smart Home,view,,0,2023-05-07,150.0
14310,U1995,3941,Water Boiler,Kitchen,view,,0,2024-10-10,138.0
14311,U0474,661,Electric Kettle,Kitchen,wishlist,4.6,0,2024-04-13,
14312,U0349,2928,Clock,Decor,add_to_cart,,0,2023-11-23,
14313,U1936,371,Alarm Clock,Decor,purchase,5.0,1,2023-10-26,
14314,U0454,3650,UPS,Power,purchase,4.3,1,2024-05-11,
14315,U1322,4980,Smart Curtain Motor,Smart Home,purchase,2.7,1,2024-06-20,
14316,U0150,2437,Hair Dryer,Personal Care,purchase,3.6,1,2023-04-24,
14317,U0091,1120,Central Air Conditioner,Climate,view,,0,2024-02-03,12.0
14318,U0543,2918,Pet Feeder,Pet,add_to_cart,,0,2023-02-24,
14319,U1338,3426,Trash Compactor,Kitchen,view,,0,2024-11-07,249.0
14320,U1909,3669,Streaming Device,Entertainment,view,,0,2024-04-23,33.0
14321,U1168,143,Foot Massager,Personal Care,view,,0,2024-04-14,113.0
14322,U1250,1181,Smart Oven,Kitchen,view,,0,2023-12-28,195.0
14323,U0463,3222,Kitchen Chimney,Kitchen,wishlist,3.8,0,2023-03-06,
14324,U1798,2622,Drip Coffee Maker,Kitchen,wishlist,5.0,0,2024-04-29,
14325,U1123,4570,Blender,Kitchen,wishlist,3.7,0,2023-06-22,
14326,U1443,2726,Air Quality Monitor,Smart Home,wishlist,2.7,0,2024-06-20,
14327,U1034,1483,Window Cleaner Robot,Cleaning,wishlist,3.5,0,2024-07-09,
14328,U1434,4990,Garment Steamer,Laundry,view,,0,2024-04-30,160.0
14329,U1804,1570,Tankless Water Heater,Bathroom,purchase,5.0,1,2024-11-04,
14330,U0676,4809,RO Purifier,Bathroom,view,,0,2023-09-23,68.0
14331,U1929,3611,Range Hood,Kitchen,wishlist,4.0,0,2023-11-19,
14332,U1463,3527,Kegerator,Hobby,view,,0,2024-05-01,67.0
14333,U1324,2023,Wall Clock,Decor,view,,0,2023-02-22,49.0
14334,U1128,138,Built In Microwave,Kitchen,purchase,5.0,1,2023-01-20,
14335,U0774,3977,Central Vacuum System,Cleaning,view,,0,2023-11-12,175.0
14336,U1716,107,Milk Frother,Kitchen,add_to_cart,,0,2024-11-12,
14337,U1677,2771,Electric Oven,Kitchen,add_to_cart,,0,2023-10-25,
14338,U1669,2778,Trash Compactor,Kitchen,view,,0,2023-07-30,119.0
14339,U0193,4395,Robot Vacuum,Cleaning,wishlist,4.6,0,2023-11-09,
14340,U1998,1994,Stand Mixer,Kitchen,view,,0,2023-04-25,94.0
14341,U1954,3114,Automatic Pet Water Fountain,Pet,view,,0,2024-02-07,273.0
14342,U1730,627,Sump Pump,Outdoor,view,,0,2024-07-18,16.0
14343,U0189,1788,Smart Washer,Laundry,wishlist,4.5,0,2024-08-29,
14344,U1398,1357,Label Maker,Tools,purchase,3.4,1,2023-12-29,
14345,U0586,3586,Washer Dryer Combo,Laundry,purchase,4.1,1,2024-10-15,
14346,U0152,1370,Roti Maker,Kitchen,view,,0,2024-04-30,90.0
14347,U0698,1750,Smoke Detector,Security,view,,0,2023-07-24,73.0
14348,U1185,4108,Hair Dryer,Personal Care,add_to_cart,,0,2023-09-14,
14349,U0854,4373,Electric Scooter Charger,Power,purchase,4.7,1,2023-11-10,
14350,U0001,3182,Induction Cooktop,Kitchen,purchase,4.6,1,2024-08-10,
14351,U1790,2844,Cooktop,Kitchen,add_to_cart,,0,2024-12-05,
14352,U1792,2016,Power Strip,Power,add_to_cart,,0,2023-02-01,
14353,U1549,3597,Electric Mop,Cleaning,wishlist,2.1,0,2023-12-21,
14354,U0563,2289,Electric Scooter Charger,Power,wishlist,2.5,0,2023-07-02,
14355,U0516,426,Jacuzzi Pump,Bathroom,add_to_cart,,0,2023-02-12,
14356,U0512,4314,Smoke Detector,Security,add_to_cart,,0,2024-06-28,
14357,U0330,336,Water Filter,Bathroom,view,,0,2023-09-30,69.0
14358,U0865,3404,Foot Massager,Personal Care,view,,0,2023-11-23,86.0
14359,U1765,1226,Countertop Dishwasher,Cleaning,add_to_cart,,0,2023-01-24,
14360,U0230,4133,Portable Dishwasher,Cleaning,purchase,3.4,1,2023-04-16,
14361,U0109,3794,Aquarium Filter,Pet,purchase,4.3,1,2024-09-06,
14362,U1392,1173,Central Vacuum System,Cleaning,purchase,3.5,1,2023-10-07,
14363,U0705,3261,Automatic Pet Water Fountain,Pet,view,,0,2023-04-29,87.0
14364,U0183,3036,Boot Warmer,Laundry,add_to_cart,,0,2024-06-18,
14365,U0387,818,Electric Tandoor,Kitchen,purchase,4.7,1,2024-03-11,
14366,U1375,3382,Cooktop,Kitchen,purchase,4.5,1,2024-07-17,
14367,U0439,4644,Handheld Vacuum,Cleaning,view,,0,2023-07-16,518.0
14368,U0228,4721,Terrarium Heater,Pet,purchase,3.5,1,2024-10-31,
14369,U1165,1585,Gas Stove,Kitchen,add_to_cart,,0,2023-12-18,
14370,U0314,2256,Window Cleaner Robot,Cleaning,add_to_cart,,0,2024-04-06,
14371,U1985,4611,Aquarium Filter,Pet,view,,0,2023-07-21,260.0
14372,U1113,815,WiFi Extender,Networking,purchase,4.5,1,2023-11-01,
14373,U0856,2317,Milk Frother,Kitchen,wishlist,4.3,0,2024-02-10,
14374,U1862,3091,Window Cleaner Robot,Cleaning,purchase,4.7,1,2024-05-11,
14375,U1736,3717,Central Air Conditioner,Climate,purchase,4.4,1,2023-05-16,
14376,U0118,4042,Basement Dehumidifier,Outdoor,view,,0,2023-05-29,177.0
14377,U1058,4199,Sewing Machine,Hobby,view,,0,2024-09-05,228.0
14378,U1881,2311,Television,Entertainment,add_to_cart,,0,2023-04-13,
14379,U0607,3937,Booster Pump,Outdoor,view,,0,2024-12-05,43.0
14380,U0151,1399,Smart Vacuum,Cleaning,add_to_cart,,0,2023-05-02,
14381,U0899,1103,Sous Vide Cooker,Kitchen,wishlist,4.5,0,2024-12-29,
14382,U1820,708,Smart Plug,Smart Home,purchase,5.0,1,2023-07-06,
14383,U1568,909,UPS,Power,view,,0,2024-07-08,165.0
14384,U1129,3391,Milk Frother,Kitchen,purchase,3.6,1,2023-12-11,
14385,U0498,3050,Network Attached Storage,Networking,wishlist,3.9,0,2023-09-07,
14386,U1646,3590,Electric Skillet,Kitchen,add_to_cart,,0,2023-06-03,
14387,U1038,4415,Alarm System,Security,view,,0,2023-03-09,13.0
14388,U1204,1519,UV Water Purifier,Bathroom,add_to_cart,,0,2024-08-07,
14389,U1137,1794,Electric Drill,Tools,view,,0,2024-07-23,44.0
14390,U1040,276,Smart TV,Entertainment,view,,0,2024-07-20,285.0
14391,U1774,3997,Home Automation Controller,Networking,purchase,4.7,1,2024-10-03,
14392,U1178,2963,Home Server,Networking,add_to_cart,,0,2023-07-24,
14393,U1458,4191,Smart Garage Door Opener,Security,wishlist,4.1,0,2024-12-21,
14394,U1779,3567,Emergency Light,Security,purchase,3.1,1,2023-06-29,
14395,U1722,162,Foot Massager,Personal Care,view,,0,2024-03-06,15.0
14396,U0814,2753,Weather Station,Smart Home,view,,0,2024-12-03,112.0
14397,U0074,1993,Scanner,Tools,view,,0,2024-01-02,134.0
14398,U1909,3131,Electric Vehicle Charger,Power,view,,0,2024-01-07,62.0
14399,U0976,3507,Foot Massager,Personal Care,view,,0,2024-02-24,343.0
14400,U1178,2679,Smart Refrigerator,Kitchen,wishlist,5.0,0,2024-09-12,
14401,U0925,2543,Smart Bulb,Smart Home,purchase,4.0,1,2024-06-23,
14402,U0523,452,Electric Vehicle Charger,Power,add_to_cart,,0,2023-11-21,
14403,U0819,4401,Lint Remover,Laundry,purchase,5.0,1,2024-04-05,
14404,U0062,2774,Aquarium Filter,Pet,view,,0,2024-10-30,16.0
14405,U0297,354,Air Purifier,Climate,view,,0,2023-08-21,182.0
14406,U1613,1436,Built In Oven,Kitchen,add_to_cart,,0,2024-01-02,
14407,U0711,2579,Set Top Box,Entertainment,purchase,4.4,1,2024-04-14,
14408,U0917,1571,Pool Heater,Outdoor,add_to_cart,,0,2023-05-04,
14409,U1815,4968,Steam Iron,Laundry,add_to_cart,,0,2024-10-20,
14410,U0031,2431,Central Air Conditioner,Climate,add_to_cart,,0,2024-07-30,
14411,U0407,4335,Trimmer,Personal Care,add_to_cart,,0,2023-06-20,
14412,U0814,2242,Air Conditioner,Climate,wishlist,3.2,0,2023-01-15,
14413,U1649,4637,Electric Stove,Kitchen,purchase,4.5,1,2023-01-29,
14414,U1573,4115,Roti Maker,Kitchen,view,,0,2024-03-28,106.0
14415,U1618,4655,Exhaust Fan,Climate,view,,0,2024-07-28,23.0
14416,U1471,3974,Baby Food Maker,Kitchen,add_to_cart,,0,2024-11-29,
14417,U1973,1723,Window Cleaner Robot,Cleaning,purchase,5.0,1,2024-01-03,
14418,U1604,2018,Home Server,Networking,view,,0,2024-05-25,47.0
14419,U0919,411,Scanner,Tools,purchase,4.7,1,2024-06-12,
14420,U1241,2518,Hair Straightener,Personal Care,view,,0,2024-08-26,9.0
14421,U0906,2970,Vacuum Cleaner,Cleaning,wishlist,4.8,0,2023-02-16,
14422,U1085,1151,Mini Washing Machine,Laundry,view,,0,2024-03-08,107.0
14423,U1781,1469,Air Cooler,Climate,wishlist,3.8,0,2023-10-18,
14424,U0451,943,Refrigerator,Kitchen,add_to_cart,,0,2023-03-17,
14425,U0881,2525,Electric Kettle,Kitchen,add_to_cart,,0,2023-03-24,
14426,U0110,2945,Power Strip,Power,add_to_cart,,0,2023-01-05,
14427,U0345,3211,Set Top Box,Entertainment,view,,0,2024-06-17,61.0
14428,U1804,2691,Electric Knife,Kitchen,add_to_cart,,0,2023-10-14,
14429,U0892,799,Tankless Water Heater,Bathroom,wishlist,2.2,0,2024-04-28,
14430,U1667,603,Laminator,Tools,view,,0,2023-05-11,3.0
14431,U0491,831,Towel Warmer,Bathroom,add_to_cart,,0,2024-12-01,
14432,U0474,2146,Water Boiler,Kitchen,purchase,4.9,1,2023-09-06,
14433,U0403,2678,Pressure Washer,Cleaning,view,,0,2024-03-19,86.0
14434,U0009,3898,Bottle Sterilizer,Kitchen,view,,0,2023-09-05,127.0
14435,U1037,4141,Floor Polisher,Cleaning,view,,0,2023-02-28,8.0
14436,U0698,905,Electric Shaver,Personal Care,wishlist,3.9,0,2023-07-30,
14437,U1228,1603,Electric Toothbrush,Personal Care,view,,0,2023-06-04,70.0
14438,U1021,1558,Dishwasher,Cleaning,view,,0,2024-05-15,73.0
14439,U0137,1767,Booster Pump,Outdoor,view,,0,2023-06-30,44.0
14440,U0165,3290,Lawn Mower,Tools,view,,0,2024-12-14,164.0
14441,U1543,4438,Air Quality Monitor,Smart Home,add_to_cart,,0,2023-04-17,
14442,U1866,2489,Drip Coffee Maker,Kitchen,view,,0,2024-12-15,226.0
14443,U1860,2714,Bidet Seat,Bathroom,view,,0,2024-07-02,74.0
14444,U1014,916,Ice Cream Maker,Kitchen,wishlist,4.1,0,2024-05-27,
14445,U0238,1096,Wall Clock,Decor,purchase,3.6,1,2023-09-05,
14446,U1612,76,Floor Polisher,Cleaning,view,,0,2023-06-28,310.0
14447,U1995,3268,Food Dehydrator,Kitchen,view,,0,2024-04-21,135.0
14448,U1101,3148,Smart Plug,Smart Home,view,,0,2023-10-27,37.0
14449,U0301,1489,Egg Cooker,Kitchen,view,,0,2024-10-21,313.0
14450,U0922,2545,Electric Blanket,Personal Care,purchase,2.3,1,2023-12-22,
14451,U1500,1444,RO Purifier,Bathroom,purchase,4.6,1,2023-06-12,
14452,U0808,2421,Water Heater,Bathroom,view,,0,2024-10-21,101.0
14453,U1823,1857,Smart Display,Entertainment,view,,0,2024-01-06,8.0
14454,U0070,4539,Electric Knife,Kitchen,view,,0,2023-04-05,179.0
14455,U0268,4598,Modem,Networking,purchase,4.2,1,2023-12-01,
14456,U1741,1027,Air Conditioner,Climate,purchase,3.8,1,2024-06-21,
14457,U1967,3259,Electric Lunch Box,Kitchen,view,,0,2023-04-15,302.0
14458,U1687,3316,DVD Player,Entertainment,wishlist,3.1,0,2024-03-15,
14459,U0732,3795,Dishwasher,Cleaning,view,,0,2024-01-17,45.0
14460,U0052,423,Pet Feeder,Pet,purchase,3.3,1,2024-03-26,
14461,U1781,2773,Water Boiler,Kitchen,add_to_cart,,0,2023-04-13,
14462,U1230,4035,Foot Massager,Personal Care,view,,0,2023-08-19,60.0
14463,U1814,2062,Pressure Washer,Cleaning,add_to_cart,,0,2023-10-15,
14464,U0574,1339,Router,Networking,wishlist,4.8,0,2024-10-17,
14465,U1392,3588,Ice Crusher,Kitchen,view,,0,2024-07-17,58.0
14466,U1498,1628,Refrigerator,Kitchen,add_to_cart,,0,2023-05-25,
14467,U1318,4244,Soundbar,Entertainment,wishlist,3.0,0,2024-09-18,
14468,U1111,4944,CCTV System,Security,add_to_cart,,0,2023-06-11,
14469,U0988,3033,Home Server,Networking,view,,0,2023-06-08,99.0
14470,U0146,1566,Ice Maker,Kitchen,wishlist,3.2,0,2023-11-23,
14471,U1143,1564,Window Air Conditioner,Climate,add_to_cart,,0,2023-10-18,
14472,U0551,639,Water Pump,Outdoor,wishlist,3.2,0,2023-07-04,
14473,U0283,4526,Portable Dishwasher,Cleaning,add_to_cart,,0,2023-09-01,
14474,U1563,278,Hair Curler,Personal Care,view,,0,2023-04-11,219.0
14475,U1169,3718,Washer Dryer Combo,Laundry,purchase,4.1,1,2023-11-10,
14476,U0985,2485,Toaster Oven,Kitchen,purchase,4.7,1,2023-08-25,
14477,U1274,964,Panini Press,Kitchen,purchase,4.4,1,2023-01-27,
14478,U0530,1492,Scanner,Tools,wishlist,3.8,0,2024-11-29,
14479,U1360,2206,Misting Fan,Climate,purchase,5.0,1,2023-12-03,
14480,U0491,25,Foot Massager,Personal Care,add_to_cart,,0,2024-08-07,
14481,U0164,1621,Basement Dehumidifier,Outdoor,add_to_cart,,0,2023-08-25,
14482,U0472,1348,Pet Feeder,Pet,view,,0,2023-07-19,149.0
14483,U1366,2799,Exhaust Fan,Climate,purchase,2.5,1,2023-11-02,
14484,U1107,490,Smart Plug,Smart Home,purchase,4.4,1,2023-10-29,
14485,U1759,4734,Smart Garage Door Opener,Security,add_to_cart,,0,2023-07-01,
14486,U1344,4864,Vacuum Cleaner,Cleaning,purchase,3.1,1,2023-06-12,
14487,U0437,2934,Washing Machine,Laundry,purchase,5.0,1,2023-02-26,
14488,U1785,2789,Exhaust Fan,Climate,purchase,4.0,1,2023-02-05,
14489,U1728,1678,Label Maker,Tools,purchase,5.0,1,2024-09-25,
14490,U1195,3095,Window Cleaner Robot,Cleaning,add_to_cart,,0,2023-08-23,
14491,U0852,38,Treadmill,Fitness,wishlist,4.1,0,2023-08-10,
14492,U1732,1456,Window Cleaner Robot,Cleaning,view,,0,2024-07-18,74.0
14493,U1884,1619,Space Heater,Climate,purchase,4.0,1,2023-02-27,
14494,U1089,2561,Smart Washer,Laundry,view,,0,2023-03-20,236.0
14495,U1895,4982,Can Opener,Kitchen,view,,0,2024-07-14,51.0
14496,U1043,1101,Emergency Light,Security,purchase,4.2,1,2023-11-06,
14497,U1684,3511,Paper Shredder,Tools,add_to_cart,,0,2023-08-02,
14498,U1485,4053,Home Automation Controller,Networking,add_to_cart,,0,2024-11-25,
14499,U1631,3,Tea Maker,Kitchen,view,,0,2024-07-06,358.0
14500,U1240,75,Clock,Decor,purchase,4.7,1,2024-10-24,
14501,U1210,3886,Basement Dehumidifier,Outdoor,wishlist,3.7,0,2023-03-27,
14502,U1167,1898,Laminator,Tools,view,,0,2023-01-15,44.0
14503,U1043,458,Water Flosser,Personal Care,purchase,4.8,1,2023-12-10,
14504,U0240,1326,Hand Mixer,Kitchen,purchase,3.6,1,2023-02-24,
14505,U1798,4756,Countertop Dishwasher,Cleaning,view,,0,2023-07-20,338.0
14506,U0607,262,Electric Scooter Charger,Power,add_to_cart,,0,2023-07-17,
14507,U0602,3679,Infrared Sauna,Fitness,add_to_cart,,0,2023-07-09,
14508,U1646,1003,Modem,Networking,purchase,2.6,1,2023-04-30,
14509,U0800,1472,Slow Cooker,Kitchen,wishlist,4.3,0,2023-12-08,
14510,U1995,1620,Refrigerator,Kitchen,purchase,4.4,1,2023-02-25,
14511,U1946,1649,Smart Switch,Smart Home,purchase,3.0,1,2024-01-28,
14512,U0169,2351,Clothesline Dryer,Laundry,purchase,4.2,1,2024-10-29,
14513,U1769,2135,Ice Maker,Kitchen,purchase,4.5,1,2024-03-18,
14514,U1735,4546,Sous Vide Cooker,Kitchen,add_to_cart,,0,2024-03-15,
14515,U0514,672,Aquarium Filter,Pet,view,,0,2023-06-19,24.0
14516,U0217,4283,Floor Polisher,Cleaning,wishlist,3.2,0,2024-01-27,
14517,U0048,2730,Smart Dryer,Laundry,view,,0,2024-06-21,174.0
14518,U1921,2391,Ice Crusher,Kitchen,view,,0,2023-06-27,7.0
14519,U0786,156,Leaf Blower,Tools,add_to_cart,,0,2024-01-23,
14520,U1273,808,Electric Toothbrush,Personal Care,add_to_cart,,0,2024-04-06,
14521,U1783,2209,Smart Thermostat,Climate,view,,0,2023-07-16,176.0
14522,U0205,432,Floor Polisher,Cleaning,view,,0,2024-09-01,47.0
14523,U1967,4156,Electric Kettle,Kitchen,add_to_cart,,0,2024-07-31,
14524,U1288,3428,Modem,Networking,view,,0,2023-04-18,4.0
14525,U0040,4697,Landline Phone,Smart Home,purchase,4.4,1,2024-10-16,
14526,U0803,4100,Projector,Entertainment,view,,0,2023-01-24,82.0
14527,U1464,3448,Video Doorbell,Security,purchase,3.5,1,2023-09-19,
14528,U1804,4614,Milk Frother,Kitchen,purchase,3.9,1,2024-02-12,
14529,U0538,1731,Kegerator,Hobby,purchase,3.0,1,2024-03-22,
14530,U1942,1036,Hair Curler,Personal Care,view,,0,2023-10-28,308.0
14531,U1814,235,Booster Pump,Outdoor,view,,0,2024-05-29,125.0
14532,U0125,2292,Tankless Water Heater,Bathroom,add_to_cart,,0,2024-07-26,
14533,U0415,3874,Laminator,Tools,add_to_cart,,0,2023-05-01,
14534,U1993,205,Smart Hub,Networking,add_to_cart,,0,2024-07-12,
14535,U1257,1149,Landline Phone,Smart Home,purchase,3.3,1,2023-02-04,
14536,U1972,3702,Gaming Console,Entertainment,purchase,2.3,1,2023-07-03,
14537,U0025,923,Grill Microwave,Kitchen,view,,0,2024-07-22,125.0
14538,U1639,1968,Air Quality Monitor,Smart Home,wishlist,5.0,0,2024-12-12,
14539,U1596,3476,Smart Refrigerator,Kitchen,wishlist,3.5,0,2024-11-23,
14540,U0502,2694,Milk Frother,Kitchen,view,,0,2023-01-01,5.0
14541,U1920,154,Treadmill,Fitness,purchase,3.1,1,2024-04-26,
14542,U0940,2244,Geyser,Bathroom,purchase,4.6,1,2024-10-02,
14543,U1453,803,Meat Grinder,Kitchen,purchase,1.7,1,2023-07-03,
14544,U0906,1451,Hot Dog Maker,Kitchen,add_to_cart,,0,2024-02-06,
14545,U0369,32,Hand Mixer,Kitchen,purchase,4.4,1,2023-08-27,
14546,U1339,2416,Massage Chair,Personal Care,view,,0,2023-09-06,548.0
14547,U0599,2569,Panini Press,Kitchen,purchase,4.5,1,2024-11-22,
14548,U0419,8,Hair Curler,Personal Care,add_to_cart,,0,2024-08-30,
14549,U0462,3694,Window Cleaner Robot,Cleaning,wishlist,4.0,0,2024-09-27,
14550,U0387,4850,Cold Press Juicer,Kitchen,view,,0,2023-08-26,206.0
14551,U0543,2631,Exercise Bike,Fitness,add_to_cart,,0,2023-06-14,
14552,U1963,3086,Weather Station,Smart Home,add_to_cart,,0,2023-02-01,
14553,U0092,690,Router,Networking,view,,0,2023-09-08,78.0
14554,U1597,4195,Trimmer,Personal Care,add_to_cart,,0,2024-03-09,
14555,U1818,4468,Clothesline Dryer,Laundry,view,,0,2023-04-01,65.0
14556,U1832,3733,Food Processor,Kitchen,purchase,5.0,1,2024-10-15,
14557,U1908,509,Convection Microwave,Kitchen,add_to_cart,,0,2024-06-22,
14558,U0745,3516,Countertop Dishwasher,Cleaning,view,,0,2023-01-30,31.0
14559,U1257,1924,Smart Switch,Smart Home,add_to_cart,,0,2023-11-03,
14560,U1497,96,Electric Shaver,Personal Care,add_to_cart,,0,2023-07-22,
14561,U0139,2972,Slow Cooker,Kitchen,wishlist,2.1,0,2023-07-27,
14562,U1127,2700,Shoe Dryer,Laundry,view,,0,2023-04-18,68.0
14563,U1081,4441,Bathroom Exhaust Fan,Bathroom,wishlist,4.2,0,2023-11-14,
14564,U0808,3302,Epilator,Personal Care,view,,0,2024-09-19,269.0
14565,U1475,763,Video Doorbell,Security,purchase,5.0,1,2023-12-05,
14566,U1194,4514,Laminator,Tools,add_to_cart,,0,2023-09-20,
14567,U0396,3002,Terrarium Heater,Pet,add_to_cart,,0,2023-07-17,
14568,U1631,440,Ice Cream Maker,Kitchen,add_to_cart,,0,2024-11-17,
14569,U1439,3166,Label Maker,Tools,view,,0,2023-10-27,37.0
14570,U1899,605,Emergency Light,Security,view,,0,2024-10-02,64.0
14571,U0375,3547,Electric Skillet,Kitchen,add_to_cart,,0,2023-07-03,
14572,U1849,1944,Ice Cream Maker,Kitchen,view,,0,2023-05-19,106.0
14573,U0147,4249,Water Filter,Bathroom,view,,0,2023-08-06,49.0
14574,U1903,138,Built In Microwave,Kitchen,add_to_cart,,0,2023-05-16,
14575,U0435,3321,Air Fryer,Kitchen,purchase,4.0,1,2024-01-30,
14576,U0091,4791,Alarm Clock,Decor,wishlist,4.3,0,2024-02-26,
14577,U0098,4358,Kombucha Maker,Hobby,view,,0,2023-07-08,45.0
14578,U1211,1361,Slow Cooker,Kitchen,view,,0,2024-10-29,102.0
14579,U0615,4918,Automatic Pet Water Fountain,Pet,view,,0,2024-11-07,55.0
14580,U1272,1333,Massager,Personal Care,view,,0,2023-10-18,17.0
14581,U1097,4216,Bathroom Exhaust Fan,Bathroom,add_to_cart,,0,2023-11-08,
14582,U0543,323,Landline Phone,Smart Home,add_to_cart,,0,2023-11-11,
14583,U0149,523,Pressure Washer,Cleaning,purchase,4.2,1,2024-07-22,
14584,U1941,4285,Leaf Blower,Tools,view,,0,2024-04-02,45.0
14585,U0538,3141,Fabric Shaver,Laundry,view,,0,2023-10-04,10.0
14586,U1804,3424,Basement Dehumidifier,Outdoor,view,,0,2024-03-07,42.0
14587,U1384,4033,Vacuum Sealer,Kitchen,wishlist,4.3,0,2024-09-16,
14588,U0583,1974,Router,Networking,view,,0,2023-02-14,82.0
14589,U1063,755,Smart Lock,Security,add_to_cart,,0,2024-10-17,
14590,U1124,2711,Vacuum Sealer,Kitchen,wishlist,3.4,0,2023-10-15,
14591,U0469,4571,Water Softener,Bathroom,add_to_cart,,0,2023-09-14,
14592,U0639,4087,Solar Panel Inverter,Power,purchase,5.0,1,2023-11-16,
14593,U1146,4115,Roti Maker,Kitchen,view,,0,2023-06-11,1.0
14594,U1889,551,Router,Networking,add_to_cart,,0,2024-02-01,
14595,U1984,4593,Garbage Disposal,Kitchen,purchase,3.6,1,2024-08-02,
14596,U1990,2894,Space Heater,Climate,view,,0,2024-04-06,2.0
14597,U0277,4648,Hair Straightener,Personal Care,view,,0,2023-12-18,7.0
14598,U0228,978,Smart Curtain Motor,Smart Home,add_to_cart,,0,2024-09-21,
14599,U1917,1307,Massage Chair,Personal Care,purchase,4.0,1,2024-03-15,
14600,U1190,3541,Electric Blanket,Personal Care,view,,0,2024-02-05,174.0
14601,U1254,3110,Window Cleaner Robot,Cleaning,view,,0,2024-02-08,177.0
14602,U0572,1838,Water Flosser,Personal Care,wishlist,4.2,0,2023-09-23,
14603,U0936,2600,Geyser,Bathroom,purchase,3.4,1,2023-03-27,
14604,U0703,2272,Range Hood,Kitchen,purchase,4.3,1,2023-07-05,
14605,U0867,3606,Knitting Machine,Hobby,purchase,3.0,1,2023-03-05,
14606,U1825,864,Laminator,Tools,view,,0,2024-05-06,62.0
14607,U0051,3712,Electric Knife,Kitchen,view,,0,2024-05-02,58.0
14608,U0437,1142,Built In Oven,Kitchen,add_to_cart,,0,2023-05-03,
14609,U0101,2840,UV Water Purifier,Bathroom,view,,0,2023-09-24,76.0
14610,U0483,1123,Clock,Decor,view,,0,2023-10-20,194.0
14611,U1288,3085,Smart Lock,Security,purchase,5.0,1,2024-07-09,
14612,U0270,4588,Ice Cream Maker,Kitchen,purchase,4.1,1,2023-05-15,
14613,U1288,4567,Carbon Monoxide Detector,Security,wishlist,3.5,0,2024-12-17,
14614,U0545,844,Automatic Pet Water Fountain,Pet,wishlist,3.0,0,2024-04-18,
14615,U1675,82,Home Server,Networking,view,,0,2024-08-08,184.0
14616,U1783,3947,Portable Dishwasher,Cleaning,view,,0,2023-03-06,6.0
14617,U0699,916,Ice Cream Maker,Kitchen,wishlist,4.9,0,2023-08-12,
14618,U1718,4815,Elliptical Trainer,Fitness,view,,0,2023-02-21,16.0
14619,U1834,150,Terrarium Heater,Pet,purchase,3.2,1,2023-11-24,
14620,U1752,3719,Clock,Decor,wishlist,3.8,0,2024-03-08,
14621,U1276,4638,Television,Entertainment,add_to_cart,,0,2024-06-08,
14622,U0331,649,Thermostat,Climate,purchase,3.5,1,2024-03-28,
14623,U1636,1350,Router,Networking,wishlist,4.4,0,2023-07-30,
14624,U1162,1085,Bottle Sterilizer,Kitchen,view,,0,2023-09-03,183.0
14625,U0177,4463,Juicer,Kitchen,add_to_cart,,0,2024-04-03,
14626,U1870,4218,Wall Clock,Decor,purchase,4.0,1,2023-06-07,
14627,U0730,1991,Electric Toothbrush,Personal Care,purchase,4.9,1,2023-10-04,
14628,U0730,4736,Smart Curtain Motor,Smart Home,purchase,4.1,1,2023-05-20,
14629,U0294,602,Pool Heater,Outdoor,view,,0,2024-09-18,151.0
14630,U0797,2016,Power Strip,Power,purchase,1.6,1,2023-10-10,
14631,U0020,2160,Set Top Box,Entertainment,wishlist,5.0,0,2023-05-20,
14632,U1523,164,Landline Phone,Smart Home,add_to_cart,,0,2023-03-10,
14633,U1076,2668,Clothes Dryer,Laundry,purchase,5.0,1,2023-04-23,
14634,U1461,1259,Infrared Sauna,Fitness,view,,0,2023-05-25,36.0
14635,U0911,4137,Door Intercom,Security,view,,0,2024-06-26,82.0
14636,U1628,842,Humidifier,Climate,view,,0,2023-02-08,140.0
14637,U0656,3785,Leaf Blower,Tools,purchase,3.6,1,2024-12-30,
14638,U0909,2018,Home Server,Networking,view,,0,2024-10-10,161.0
14639,U0772,4634,Drip Coffee Maker,Kitchen,purchase,4.5,1,2023-06-10,
14640,U0543,1483,Window Cleaner Robot,Cleaning,view,,0,2023-05-04,14.0
14641,U0652,3030,Smart Plug,Smart Home,purchase,1.9,1,2024-11-29,
14642,U0972,4970,Smart Bulb,Smart Home,view,,0,2024-06-17,70.0
14643,U0432,4439,Chainsaw,Tools,add_to_cart,,0,2024-11-11,
14644,U1229,260,Home Theater System,Entertainment,wishlist,4.5,0,2023-02-15,
14645,U1020,139,Bladeless Fan,Climate,add_to_cart,,0,2024-08-24,
14646,U0850,4766,Towel Warmer,Bathroom,view,,0,2023-04-03,329.0
14647,U1184,3995,Sandwich Maker,Kitchen,purchase,5.0,1,2024-03-01,
14648,U1977,821,Label Maker,Tools,purchase,4.8,1,2024-11-26,
14649,U1483,2323,Milk Frother,Kitchen,view,,0,2024-01-03,114.0
14650,U0682,1634,Fermentation Crock,Hobby,view,,0,2023-11-17,64.0
14651,U1147,2959,Drip Coffee Maker,Kitchen,view,,0,2024-12-17,114.0
14652,U1641,2313,CCTV System,Security,purchase,3.8,1,2024-08-23,
14653,U0244,4796,Food Dehydrator,Kitchen,add_to_cart,,0,2023-04-15,
14654,U0642,447,Air Conditioner,Climate,add_to_cart,,0,2024-06-12,
14655,U0264,86,Mini Fridge,Kitchen,purchase,5.0,1,2023-04-17,
14656,U0169,2343,Cold Press Juicer,Kitchen,purchase,4.2,1,2024-06-19,
14657,U1758,2129,Can Opener,Kitchen,add_to_cart,,0,2023-08-15,
14658,U0370,1590,Heater,Climate,wishlist,3.2,0,2024-08-13,
14659,U1414,2267,Carpet Cleaner,Cleaning,view,,0,2024-06-21,45.0
14660,U1883,1600,Smoke Detector,Security,view,,0,2023-09-22,48.0
14661,U0906,516,Water Softener,Bathroom,wishlist,2.4,0,2023-09-10,
14662,U1005,217,Drip Coffee Maker,Kitchen,view,,0,2023-03-11,33.0
14663,U0294,2066,Pressure Washer,Cleaning,wishlist,4.5,0,2024-09-03,
14664,U0760,4998,Hot Dog Maker,Kitchen,purchase,3.8,1,2023-02-15,
14665,U0603,79,Bathroom Exhaust Fan,Bathroom,wishlist,4.2,0,2023-12-09,
14666,U1688,1697,Steam Cleaner,Cleaning,purchase,4.8,1,2023-12-29,
14667,U0869,1003,Modem,Networking,purchase,3.8,1,2023-11-24,
14668,U0867,736,Citrus Juicer,Kitchen,view,,0,2023-04-13,70.0
14669,U1490,2973,Inverter,Power,view,,0,2024-05-03,53.0
14670,U1880,3666,Robot Vacuum,Cleaning,view,,0,2023-04-09,48.0
14671,U0680,4314,Smoke Detector,Security,purchase,4.7,1,2024-03-30,
14672,U0187,1038,Humidifier,Climate,view,,0,2023-07-07,61.0
14673,U0583,2022,Hot Dog Maker,Kitchen,add_to_cart,,0,2023-08-31,
14674,U1134,4406,Waffle Maker,Kitchen,purchase,5.0,1,2024-05-17,
14675,U0325,225,Robot Vacuum,Cleaning,purchase,4.6,1,2024-12-05,
14676,U1327,4294,Cooktop,Kitchen,view,,0,2023-05-06,37.0
14677,U0584,1885,Home Brewing Kit,Hobby,wishlist,3.0,0,2023-10-20,
14678,U0696,3303,Water Boiler,Kitchen,view,,0,2024-06-08,450.0
14679,U1041,2162,Hair Dryer,Personal Care,view,,0,2024-02-10,107.0
14680,U1583,1274,Sewing Machine,Hobby,view,,0,2023-12-25,69.0
14681,U0150,3898,Bottle Sterilizer,Kitchen,add_to_cart,,0,2023-09-01,
14682,U0888,440,Ice Cream Maker,Kitchen,view,,0,2023-09-10,24.0
14683,U0814,1219,Heater,Climate,view,,0,2024-02-09,153.0
14684,U0977,596,Toaster Oven,Kitchen,view,,0,2023-08-26,386.0
14685,U1691,1376,Countertop Dishwasher,Cleaning,purchase,4.7,1,2024-02-18,
14686,U0011,2867,Terrarium Heater,Pet,purchase,3.8,1,2024-05-11,
14687,U1659,2118,Electric Pressure Cooker,Kitchen,add_to_cart,,0,2023-08-24,
14688,U0013,617,Printer,Tools,purchase,4.7,1,2023-04-13,
14689,U0055,1773,Trash Compactor,Kitchen,purchase,3.0,1,2024-10-12,
14690,U1809,4006,Electric Blanket,Personal Care,add_to_cart,,0,2024-03-07,
14691,U1711,2887,Boot Warmer,Laundry,view,,0,2023-09-17,42.0
14692,U1558,3108,Water Flosser,Personal Care,wishlist,4.0,0,2024-06-10,
14693,U1449,4076,Bidet Seat,Bathroom,view,,0,2023-11-10,430.0
14694,U1518,929,Heater,Climate,purchase,4.2,1,2024-12-20,
14695,U0448,2168,Sump Pump,Outdoor,add_to_cart,,0,2023-08-25,
14696,U0805,3719,Clock,Decor,view,,0,2024-02-29,89.0
14697,U1353,17,Built In Oven,Kitchen,add_to_cart,,0,2023-06-14,
14698,U1424,3792,Air Quality Monitor,Smart Home,add_to_cart,,0,2023-08-05,
14699,U0406,2222,Home Theater System,Entertainment,purchase,3.0,1,2023-07-27,
14700,U0692,2429,Grill Microwave,Kitchen,view,,0,2023-02-24,59.0
14701,U0377,2345,Weather Station,Smart Home,view,,0,2023-12-14,37.0
14702,U0425,4046,Electric Toothbrush,Personal Care,view,,0,2023-09-22,106.0
14703,U0885,2982,Drip Coffee Maker,Kitchen,purchase,4.4,1,2023-07-17,
14704,U1693,9,Printer,Tools,view,,0,2024-02-17,30.0
14705,U1843,2006,Home Automation Controller,Networking,view,,0,2023-12-18,151.0
14706,U1766,4459,Electric Mop,Cleaning,wishlist,4.6,0,2024-03-31,
14707,U0519,2150,Terrarium Heater,Pet,view,,0,2024-03-09,130.0
14708,U1652,513,Alarm System,Security,view,,0,2023-04-16,66.0
14709,U1590,1518,Printer,Tools,add_to_cart,,0,2024-08-19,
14710,U1426,1481,Heater,Climate,add_to_cart,,0,2023-07-28,
14711,U1694,1737,Cotton Candy Machine,Hobby,wishlist,1.7,0,2023-08-29,
14712,U0063,4323,Massage Chair,Personal Care,view,,0,2023-02-12,45.0
14713,U0264,3103,Solar Panel Inverter,Power,add_to_cart,,0,2024-09-01,
14714,U1495,3622,Robot Vacuum,Cleaning,view,,0,2024-01-31,12.0
14715,U0009,14,Heating Pad,Personal Care,purchase,3.8,1,2024-08-07,
14716,U1214,1877,Portable Dishwasher,Cleaning,view,,0,2024-12-07,16.0
14717,U0155,4191,Smart Garage Door Opener,Security,purchase,5.0,1,2024-09-17,
14718,U1233,547,Smart Thermostat,Climate,wishlist,4.4,0,2023-10-20,
14719,U1033,3948,Dishwasher,Cleaning,view,,0,2023-11-04,263.0
14720,U0199,4576,Router,Networking,purchase,5.0,1,2023-06-24,
14721,U0591,1538,Portable Air Conditioner,Climate,add_to_cart,,0,2024-05-09,
14722,U0341,2694,Milk Frother,Kitchen,add_to_cart,,0,2024-01-04,
14723,U0477,182,Central Vacuum System,Cleaning,purchase,3.9,1,2023-10-09,
14724,U1853,3155,Blender,Kitchen,purchase,4.1,1,2023-12-30,
14725,U1728,1562,Countertop Dishwasher,Cleaning,view,,0,2023-10-26,221.0
14726,U1586,3321,Air Fryer,Kitchen,purchase,3.8,1,2024-01-07,
14727,U1587,53,Smart Door Lock,Security,view,,0,2023-04-26,0.0
14728,U1980,3082,DVD Player,Entertainment,purchase,5.0,1,2023-04-27,
14729,U1901,1446,Towel Warmer,Bathroom,wishlist,4.3,0,2023-02-08,
14730,U0657,4793,Space Heater,Climate,view,,0,2024-05-08,67.0
14731,U1160,2862,Air Conditioner,Climate,add_to_cart,,0,2023-01-19,
14732,U0805,2963,Home Server,Networking,view,,0,2023-07-01,7.0
14733,U1349,1484,Air Purifier,Climate,view,,0,2024-04-03,8.0
14734,U1633,1558,Dishwasher,Cleaning,purchase,3.9,1,2023-02-24,
14735,U0730,825,Window Cleaner Robot,Cleaning,purchase,5.0,1,2023-01-24,
14736,U0834,4469,Digital Safe,Security,purchase,3.2,1,2023-12-24,
14737,U0756,3478,Basement Dehumidifier,Outdoor,view,,0,2024-07-17,240.0
14738,U1619,1871,Heating Pad,Personal Care,view,,0,2024-01-03,203.0
14739,U0353,368,Coffee Maker,Kitchen,purchase,5.0,1,2024-02-11,
14740,U0276,1232,Electric Toothbrush,Personal Care,purchase,3.9,1,2023-05-21,
14741,U0134,1068,Fan,Climate,add_to_cart,,0,2024-03-25,
14742,U0938,2537,Heater,Climate,purchase,4.9,1,2023-03-15,
14743,U1653,1307,Massage Chair,Personal Care,view,,0,2024-05-31,159.0
14744,U0628,3512,WiFi Extender,Networking,wishlist,3.2,0,2024-07-28,
14745,U1858,1483,Window Cleaner Robot,Cleaning,view,,0,2024-12-17,61.0
14746,U1963,2286,Water Heater,Bathroom,wishlist,4.7,0,2024-12-11,
14747,U1746,975,Smart Display,Entertainment,purchase,4.1,1,2024-06-27,
14748,U0209,1746,Robot Vacuum,Cleaning,view,,0,2024-09-23,28.0
14749,U1383,2797,Smart Bulb,Smart Home,view,,0,2024-02-27,259.0
14750,U0061,694,Gas Stove,Kitchen,add_to_cart,,0,2023-10-05,
14751,U1558,2549,Water Flosser,Personal Care,purchase,5.0,1,2024-01-29,
14752,U0300,1983,Electric Stove,Kitchen,add_to_cart,,0,2023-01-08,
14753,U0120,3652,Smart TV,Entertainment,view,,0,2024-01-18,51.0
14754,U0894,636,Home Automation Controller,Networking,add_to_cart,,0,2023-11-01,
14755,U0298,229,Water Softener,Bathroom,view,,0,2024-03-21,198.0
14756,U0924,2288,Built In Microwave,Kitchen,view,,0,2024-09-17,140.0
14757,U1983,3120,Tea Maker,Kitchen,add_to_cart,,0,2024-11-23,
14758,U1851,3467,Ceiling Fan,Climate,view,,0,2024-08-29,346.0
14759,U1023,1508,Pet Feeder,Pet,purchase,4.0,1,2023-07-19,
14760,U0840,27,Pet Feeder,Pet,purchase,4.1,1,2023-08-05,
14761,U0554,2672,Bread Maker,Kitchen,view,,0,2023-06-05,94.0
14762,U1927,4530,Ice Maker,Kitchen,add_to_cart,,0,2024-02-18,
14763,U0035,257,Alarm Clock,Decor,view,,0,2023-08-19,18.0
14764,U0485,1172,Voltage Stabilizer,Power,view,,0,2023-04-26,1.0
14765,U1186,469,Clock,Decor,view,,0,2024-10-16,481.0
14766,U0845,1378,Knitting Machine,Hobby,view,,0,2024-07-19,134.0
14767,U0113,1039,Sump Pump,Outdoor,view,,0,2023-02-15,9.0
14768,U1232,209,Electric Mop,Cleaning,view,,0,2023-12-31,105.0
14769,U1589,4911,Electric Shaver,Personal Care,purchase,5.0,1,2023-01-03,
14770,U0620,1459,Exercise Bike,Fitness,wishlist,3.7,0,2024-04-19,
14771,U0807,2911,Network Attached Storage,Networking,purchase,4.5,1,2024-07-24,
14772,U1444,1159,Range Hood,Kitchen,view,,0,2023-01-20,33.0
14773,U1364,2787,Hair Dryer,Personal Care,view,,0,2023-05-21,140.0
14774,U1985,2867,Terrarium Heater,Pet,purchase,4.0,1,2023-01-24,
14775,U1993,3776,Paper Shredder,Tools,add_to_cart,,0,2024-03-06,
14776,U0115,2372,Electric Stove,Kitchen,purchase,3.1,1,2024-03-05,
14777,U1221,40,Blender,Kitchen,wishlist,4.2,0,2024-10-18,
14778,U0829,4746,Tower Fan,Climate,view,,0,2024-10-05,74.0
14779,U1388,791,DVD Player,Entertainment,purchase,4.8,1,2024-12-15,
14780,U0985,2271,Smart Plug,Smart Home,view,,0,2024-05-29,106.0
14781,U1861,3287,Streaming Device,Entertainment,view,,0,2024-01-20,146.0
14782,U1924,2722,Home Server,Networking,purchase,3.6,1,2023-02-07,
14783,U1245,3491,Smart Garage Door Opener,Security,view,,0,2024-06-17,371.0
14784,U1834,1085,Bottle Sterilizer,Kitchen,purchase,3.2,1,2023-07-09,
14785,U1138,1333,Massager,Personal Care,purchase,3.5,1,2023-05-11,
14786,U0242,4706,Slush Machine,Hobby,view,,0,2024-06-09,51.0
14787,U1623,3064,Sump Pump,Outdoor,wishlist,3.9,0,2023-03-29,
14788,U0812,3733,Food Processor,Kitchen,add_to_cart,,0,2023-11-03,
14789,U1486,2003,Wall Clock,Decor,purchase,2.3,1,2024-12-02,
14790,U1934,1949,Network Attached Storage,Networking,add_to_cart,,0,2023-12-17,
14791,U1782,4791,Alarm Clock,Decor,add_to_cart,,0,2024-07-19,
14792,U1509,3348,Built In Oven,Kitchen,purchase,3.1,1,2024-08-24,
14793,U0081,4765,Geyser,Bathroom,purchase,2.2,1,2024-06-20,
14794,U0763,1623,UV Water Purifier,Bathroom,view,,0,2024-04-16,184.0
14795,U0444,772,Chapati Maker,Kitchen,add_to_cart,,0,2024-05-28,
14796,U1641,2615,Router,Networking,add_to_cart,,0,2023-07-28,
14797,U1315,4329,Smart Door Lock,Security,view,,0,2023-11-28,119.0
14798,U0276,2504,Water Flosser,Personal Care,wishlist,3.3,0,2023-08-16,
14799,U1165,527,Heating Pad,Personal Care,purchase,2.6,1,2023-08-07,
14800,U0372,2429,Grill Microwave,Kitchen,add_to_cart,,0,2023-11-04,
14801,U0381,1783,Epilator,Personal Care,add_to_cart,,0,2023-05-22,
14802,U1246,4506,Mini Fridge,Kitchen,purchase,4.5,1,2024-06-02,
14803,U1131,327,Smart Curtain Motor,Smart Home,add_to_cart,,0,2023-09-04,
14804,U0444,20,Freezer,Kitchen,add_to_cart,,0,2023-05-30,
14805,U1187,4003,Electric Blanket,Personal Care,add_to_cart,,0,2024-06-13,
14806,U1127,3799,Scanner,Tools,view,,0,2023-11-12,106.0
14807,U1085,4923,Table Fan,Climate,wishlist,4.7,0,2024-11-06,
14808,U0722,2613,Smart Oven,Kitchen,view,,0,2024-02-09,254.0
14809,U0940,2023,Wall Clock,Decor,view,,0,2024-08-12,41.0
14810,U0056,4653,Mini Fridge,Kitchen,add_to_cart,,0,2024-01-20,
14811,U0337,53,Smart Door Lock,Security,view,,0,2023-05-03,159.0
14812,U0853,1633,Knitting Machine,Hobby,purchase,4.5,1,2023-06-21,
14813,U0485,4571,Water Softener,Bathroom,view,,0,2024-04-16,40.0
14814,U0082,4130,Router,Networking,add_to_cart,,0,2024-11-08,
14815,U0801,2496,Built In Microwave,Kitchen,add_to_cart,,0,2023-01-09,
14816,U0792,3273,Network Attached Storage,Networking,add_to_cart,,0,2024-11-10,
14817,U0559,3257,Basement Dehumidifier,Outdoor,view,,0,2023-04-26,181.0
14818,U0972,4553,Set Top Box,Entertainment,view,,0,2024-11-13,191.0
14819,U0636,2751,Citrus Juicer,Kitchen,add_to_cart,,0,2023-08-17,
14820,U1322,4023,Foot Massager,Personal Care,purchase,4.5,1,2023-02-02,
14821,U0986,4042,Basement Dehumidifier,Outdoor,add_to_cart,,0,2024-06-19,
14822,U1367,546,Electric Mop,Cleaning,purchase,3.5,1,2023-10-01,
14823,U0183,1555,Clothes Dryer,Laundry,view,,0,2023-01-21,33.0
14824,U1982,56,Foot Massager,Personal Care,add_to_cart,,0,2024-05-31,
14825,U1163,1716,Network Attached Storage,Networking,add_to_cart,,0,2023-12-12,
14826,U1192,3489,Clock,Decor,view,,0,2024-03-19,126.0
14827,U0283,1447,Garbage Disposal,Kitchen,view,,0,2023-05-29,76.0
14828,U0144,1687,Iron,Laundry,wishlist,4.2,0,2023-12-18,
14829,U0774,2042,Kegerator,Hobby,view,,0,2024-02-05,365.0
14830,U0496,2940,Knitting Machine,Hobby,add_to_cart,,0,2024-05-05,
14831,U1865,497,Smart Bulb,Smart Home,wishlist,3.8,0,2023-07-29,
14832,U1707,85,DVD Player,Entertainment,view,,0,2023-09-05,161.0
14833,U1400,1456,Window Cleaner Robot,Cleaning,view,,0,2023-02-16,21.0
14834,U0410,2898,Soundbar,Entertainment,view,,0,2024-04-28,78.0
14835,U1629,698,Induction Cooktop,Kitchen,purchase,4.7,1,2023-09-09,
14836,U0533,4275,Electric Mop,Cleaning,add_to_cart,,0,2024-06-23,
14837,U0544,3359,Towel Warmer,Bathroom,view,,0,2023-10-21,6.0
14838,U1545,3078,Scanner,Tools,view,,0,2024-06-11,225.0
14839,U1508,3444,Home Sauna,Fitness,add_to_cart,,0,2024-12-11,
14840,U1888,1557,Sump Pump,Outdoor,view,,0,2024-02-15,33.0
14841,U0129,4184,Milk Frother,Kitchen,view,,0,2023-09-05,7.0
14842,U1246,4964,Deep Fryer,Kitchen,purchase,4.2,1,2023-12-11,
14843,U0367,2012,Terrarium Heater,Pet,add_to_cart,,0,2023-05-15,
14844,U1227,3476,Smart Refrigerator,Kitchen,view,,0,2023-12-07,57.0
14845,U1831,2543,Smart Bulb,Smart Home,add_to_cart,,0,2023-01-28,
14846,U1764,3148,Smart Plug,Smart Home,wishlist,4.0,0,2024-12-22,
14847,U1615,4578,Hair Dryer,Personal Care,add_to_cart,,0,2023-11-19,
14848,U1886,373,RO Purifier,Bathroom,add_to_cart,,0,2023-05-23,
14849,U1447,1733,Built In Oven,Kitchen,view,,0,2024-07-05,38.0
14850,U0108,4590,Carpet Cleaner,Cleaning,wishlist,2.2,0,2024-09-08,
14851,U0584,4297,Misting Fan,Climate,add_to_cart,,0,2024-10-14,
14852,U1860,2768,Refrigerator,Kitchen,wishlist,2.9,0,2024-02-07,
14853,U0928,1674,Foot Massager,Personal Care,wishlist,4.7,0,2023-10-25,
14854,U0007,1778,Toaster Oven,Kitchen,view,,0,2024-02-27,76.0
14855,U1715,1807,Emergency Light,Security,view,,0,2023-04-29,57.0
14856,U0584,411,Scanner,Tools,view,,0,2024-04-02,60.0
14857,U1848,4088,Video Doorbell,Security,add_to_cart,,0,2024-07-10,
14858,U1021,2375,Pressure Washer,Cleaning,purchase,4.4,1,2023-10-18,
14859,U1508,3997,Home Automation Controller,Networking,purchase,4.6,1,2024-01-12,
14860,U1431,2918,Pet Feeder,Pet,view,,0,2023-05-18,81.0
14861,U0318,4039,Window Cleaner Robot,Cleaning,view,,0,2023-01-19,0.0
14862,U0013,365,Milk Frother,Kitchen,view,,0,2023-09-14,83.0
14863,U1275,194,RO Purifier,Bathroom,add_to_cart,,0,2024-04-08,
14864,U0132,4268,Smart TV,Entertainment,add_to_cart,,0,2023-06-06,
14865,U0348,2005,Exercise Bike,Fitness,add_to_cart,,0,2024-04-19,
14866,U0523,1412,Bidet Seat,Bathroom,view,,0,2024-11-10,28.0
14867,U0233,659,Electric Oven,Kitchen,add_to_cart,,0,2024-05-17,
14868,U1005,3750,Space Heater,Climate,view,,0,2024-02-06,64.0
14869,U1027,1841,Sandwich Maker,Kitchen,wishlist,4.2,0,2023-02-16,
14870,U0002,3712,Electric Knife,Kitchen,view,,0,2023-07-08,52.0
14871,U1612,2302,Lint Remover,Laundry,add_to_cart,,0,2024-08-19,
14872,U0653,4357,Trimmer,Personal Care,wishlist,4.9,0,2024-07-27,
14873,U1981,2652,Massager,Personal Care,wishlist,4.2,0,2024-10-24,
14874,U0054,1016,Smart Garage Door Opener,Security,view,,0,2024-11-05,119.0
14875,U0358,496,Floor Polisher,Cleaning,view,,0,2023-01-01,1.0
14876,U0146,3557,Smart Refrigerator,Kitchen,view,,0,2023-08-17,192.0
14877,U1346,238,Aquarium Filter,Pet,view,,0,2023-02-14,263.0
14878,U1135,2226,Ceiling Fan,Climate,purchase,4.2,1,2023-10-07,
14879,U1575,4307,Smoke Detector,Security,wishlist,4.2,0,2024-01-26,
14880,U1844,3723,Window Cleaner Robot,Cleaning,wishlist,2.7,0,2023-01-24,
14881,U0309,1601,Humidifier,Climate,purchase,4.2,1,2024-03-03,
14882,U0217,1488,Geyser,Bathroom,add_to_cart,,0,2024-10-21,
14883,U1152,368,Coffee Maker,Kitchen,purchase,4.6,1,2023-04-29,
14884,U0146,2099,Hot Dog Maker,Kitchen,view,,0,2024-03-17,11.0
14885,U1051,2960,Smart Plug,Smart Home,view,,0,2024-05-21,185.0
14886,U1889,245,Infrared Sauna,Fitness,view,,0,2023-09-03,158.0
14887,U1608,2373,3D Printer,Hobby,view,,0,2024-03-11,70.0
14888,U1616,4723,Streaming Device,Entertainment,view,,0,2023-07-23,461.0
14889,U0912,1621,Basement Dehumidifier,Outdoor,wishlist,5.0,0,2024-03-18,
14890,U0390,2497,3D Printer,Hobby,add_to_cart,,0,2024-07-13,
14891,U0667,3596,Sous Vide Cooker,Kitchen,view,,0,2023-06-25,19.0
14892,U0866,227,RO Purifier,Bathroom,view,,0,2023-09-27,169.0
14893,U0691,1877,Portable Dishwasher,Cleaning,view,,0,2023-05-17,52.0
14894,U1843,2616,Meat Grinder,Kitchen,view,,0,2023-10-04,81.0
14895,U1843,455,Home Automation Controller,Networking,view,,0,2024-11-30,16.0
14896,U0744,1179,Iron,Laundry,purchase,4.2,1,2023-03-07,
14897,U0969,1052,Citrus Juicer,Kitchen,purchase,3.7,1,2023-11-25,
14898,U1666,4483,Tankless Water Heater,Bathroom,view,,0,2023-11-20,203.0
14899,U1686,4768,Air Conditioner,Climate,view,,0,2024-08-14,218.0
14900,U1270,3596,Sous Vide Cooker,Kitchen,view,,0,2023-02-28,12.0
14901,U0162,4627,Washer Dryer Combo,Laundry,purchase,5.0,1,2023-12-15,
14902,U0327,3955,Popcorn Maker,Kitchen,add_to_cart,,0,2023-08-25,
14903,U0218,1777,Television,Entertainment,wishlist,3.3,0,2023-07-08,
14904,U0896,2148,Fan,Climate,view,,0,2023-12-07,64.0
14905,U1259,3262,Exhaust Fan,Climate,view,,0,2024-11-08,101.0
14906,U1869,895,Smart Speaker,Entertainment,view,,0,2024-08-20,393.0
14907,U0092,2043,Freezer,Kitchen,view,,0,2024-03-18,150.0
14908,U2000,1018,Solar Water Heater,Power,add_to_cart,,0,2024-09-20,
14909,U0926,4611,Aquarium Filter,Pet,view,,0,2023-03-30,222.0
14910,U1636,2722,Home Server,Networking,add_to_cart,,0,2024-05-15,
14911,U1350,595,Electric Drill,Tools,view,,0,2024-12-21,301.0
14912,U1236,4977,Router,Networking,add_to_cart,,0,2023-06-20,
14913,U1747,3583,Water Filter,Bathroom,purchase,4.2,1,2023-10-17,
14914,U0684,348,Juicer,Kitchen,view,,0,2024-07-20,54.0
14915,U0608,82,Home Server,Networking,view,,0,2023-08-22,45.0
14916,U0375,1837,Portable Dishwasher,Cleaning,view,,0,2024-05-23,71.0
14917,U1988,564,Hair Straightener,Personal Care,view,,0,2023-07-04,134.0
14918,U0577,2216,Water Pump,Outdoor,add_to_cart,,0,2024-10-13,
14919,U1352,1645,Popcorn Maker,Kitchen,purchase,4.3,1,2023-08-15,
14920,U0985,1937,Chainsaw,Tools,purchase,4.2,1,2023-12-29,
14921,U0003,3063,Sous Vide Cooker,Kitchen,purchase,3.9,1,2024-02-23,
14922,U1745,383,Built In Oven,Kitchen,add_to_cart,,0,2024-11-06,
14923,U1263,4109,Smart Garage Door Opener,Security,purchase,3.5,1,2024-12-22,
14924,U0871,3908,Heating Pad,Personal Care,add_to_cart,,0,2023-09-29,
14925,U0736,1330,Massage Chair,Personal Care,purchase,5.0,1,2023-06-20,
14926,U0203,3405,Smart Plug,Smart Home,purchase,3.1,1,2024-12-08,
14927,U1289,2698,Mini Fridge,Kitchen,purchase,5.0,1,2023-06-22,
14928,U0149,4383,Water Boiler,Kitchen,purchase,4.4,1,2024-11-07,
14929,U1917,3649,Angle Grinder,Tools,add_to_cart,,0,2023-07-28,
14930,U1834,3457,Aquarium Filter,Pet,view,,0,2023-06-29,94.0
14931,U0657,3834,Electric Scooter Charger,Power,add_to_cart,,0,2023-10-06,
14932,U1044,3371,Electric Scooter Charger,Power,add_to_cart,,0,2024-07-15,
14933,U1792,2136,Solar Water Heater,Power,view,,0,2023-06-11,34.0
14934,U1770,4829,Water Heater,Bathroom,purchase,5.0,1,2023-05-22,
14935,U1766,2002,Slow Cooker,Kitchen,add_to_cart,,0,2024-10-01,
14936,U1645,3590,Electric Skillet,Kitchen,wishlist,3.8,0,2024-08-19,
14937,U0797,1871,Heating Pad,Personal Care,purchase,5.0,1,2024-02-03,
14938,U1754,969,Lint Remover,Laundry,add_to_cart,,0,2023-08-11,
14939,U0838,770,Clock,Decor,add_to_cart,,0,2024-10-16,
14940,U0541,1656,Range Hood,Kitchen,purchase,3.5,1,2023-06-24,
14941,U0605,2447,Hair Dryer,Personal Care,add_to_cart,,0,2023-01-10,
14942,U1115,4666,Air Cooler,Climate,wishlist,4.1,0,2024-02-28,
14943,U1203,2039,Leaf Blower,Tools,add_to_cart,,0,2023-11-17,
14944,U0629,4645,Smart Plug,Smart Home,add_to_cart,,0,2024-11-11,
14945,U1538,3792,Air Quality Monitor,Smart Home,view,,0,2023-12-16,74.0
14946,U0553,2847,Gas Stove,Kitchen,view,,0,2023-03-28,114.0
14947,U1371,4542,Gas Stove,Kitchen,view,,0,2023-10-24,64.0
14948,U0518,2560,Foot Massager,Personal Care,wishlist,4.2,0,2024-11-26,
14949,U1792,230,Smart Switch,Smart Home,view,,0,2023-04-14,120.0
14950,U1453,4956,Electric Grill,Kitchen,view,,0,2023-08-26,255.0
14951,U0965,4408,Laminator,Tools,purchase,4.8,1,2024-10-16,
14952,U1432,775,Central Vacuum System,Cleaning,view,,0,2024-08-14,32.0
14953,U0363,3374,Smart Lock,Security,wishlist,3.3,0,2023-03-22,
14954,U0832,1750,Smoke Detector,Security,view,,0,2024-04-01,106.0
14955,U0646,4315,Water Dispenser,Kitchen,view,,0,2024-09-10,158.0
14956,U1741,4389,Modem,Networking,wishlist,2.8,0,2024-10-12,
14957,U0229,2365,Weather Station,Smart Home,purchase,3.5,1,2024-06-13,
14958,U0735,2060,Alarm Clock,Decor,view,,0,2024-10-27,14.0
14959,U1102,4016,Kombucha Maker,Hobby,view,,0,2023-02-16,9.0
14960,U0245,3624,Subwoofer,Entertainment,purchase,4.0,1,2024-02-03,
14961,U1247,3818,Garment Steamer,Laundry,purchase,4.0,1,2023-03-02,
14962,U0745,504,Booster Pump,Outdoor,add_to_cart,,0,2024-03-20,
14963,U1837,2227,Network Attached Storage,Networking,add_to_cart,,0,2024-04-05,
14964,U1157,4469,Digital Safe,Security,view,,0,2023-08-13,176.0
14965,U0311,4598,Modem,Networking,view,,0,2023-08-27,31.0
14966,U0277,3738,Wall Clock,Decor,purchase,2.3,1,2024-12-07,
14967,U0866,4141,Floor Polisher,Cleaning,wishlist,4.7,0,2023-06-17,
14968,U1686,1094,Mini Fridge,Kitchen,wishlist,3.5,0,2023-01-10,
14969,U1517,3726,Knitting Machine,Hobby,view,,0,2024-02-23,65.0
14970,U0910,4829,Water Heater,Bathroom,add_to_cart,,0,2023-04-11,
14971,U1199,4590,Carpet Cleaner,Cleaning,view,,0,2024-11-28,22.0
14972,U1881,4421,Digital Photo Frame,Entertainment,view,,0,2023-03-01,30.0
14973,U1362,2694,Milk Frother,Kitchen,view,,0,2024-11-23,21.0
14974,U1253,3821,Video Doorbell,Security,wishlist,3.6,0,2023-09-08,
14975,U0492,1321,Inverter,Power,view,,0,2023-06-27,41.0
14976,U0058,3850,Massage Chair,Personal Care,purchase,4.5,1,2023-08-19,
14977,U1917,1115,Soundbar,Entertainment,purchase,4.9,1,2024-11-04,
14978,U0110,4010,Emergency Light,Security,wishlist,3.8,0,2023-03-16,
14979,U0734,919,Smart Door Lock,Security,add_to_cart,,0,2024-06-08,
14980,U0609,949,Smart Lock,Security,view,,0,2023-08-07,123.0
14981,U1962,96,Electric Shaver,Personal Care,wishlist,3.0,0,2023-01-07,
14982,U0638,3931,Humidifier,Climate,purchase,5.0,1,2023-01-31,
14983,U0552,1391,Kitchen Chimney,Kitchen,view,,0,2023-02-08,407.0
14984,U1867,4424,Bathroom Exhaust Fan,Bathroom,purchase,4.9,1,2023-01-30,
14985,U1268,2791,Rowing Machine,Fitness,add_to_cart,,0,2024-07-25,
14986,U0847,281,Treadmill,Fitness,add_to_cart,,0,2023-03-28,
14987,U1174,2379,Range Hood,Kitchen,view,,0,2023-10-11,44.0
14988,U0078,1826,Massager,Personal Care,add_to_cart,,0,2024-03-17,
14989,U1025,3674,Tankless Water Heater,Bathroom,view,,0,2024-12-26,39.0
14990,U0093,3194,Label Maker,Tools,view,,0,2024-02-08,123.0
14991,U0616,628,Door Intercom,Security,purchase,4.3,1,2024-02-27,
14992,U0983,4281,Central Air Conditioner,Climate,purchase,2.8,1,2024-02-02,
14993,U1542,4868,Smart Door Lock,Security,add_to_cart,,0,2023-07-03,
14994,U0558,4298,Aquarium Filter,Pet,view,,0,2023-06-25,115.0
14995,U0789,528,Solo Microwave,Kitchen,purchase,2.9,1,2024-04-13,
14996,U1743,3804,Attic Fan,Climate,purchase,4.4,1,2024-11-06,
14997,U1820,2876,Smart Switch,Smart Home,wishlist,4.2,0,2024-04-06,
14998,U1614,2802,Terrarium Heater,Pet,view,,0,2023-11-12,163.0
14999,U1533,2058,Hair Dryer,Personal Care,view,,0,2024-06-02,164.0
15000,U0978,4908,Massage Chair,Personal Care,view,,0,2023-01-09,175.0
